,IdAcidente,Datahora,Dia da Semana,Sentidos,Latitude GPS,Longitude GPS,Via Trânsito,Localizações,Freguesia,Pov. Proxima,Tipo Natureza,Natureza,Tipo de Traçado,Inclinação do Traçado,Berma do Traçado,Localização do Traçado,Estado Conservação,Características Tecnicas,Reg Circulação,Marca Via,Obstáculos,Sinais,Sinais Luminosos,Tipo Piso,Intersecção Vias,Factores Atmosféricos,Luminosidade,Cond Aderência,VM,FG,FL,Tipos Vias,Via,Num arruamento,Km,Nome arruamento,Localização 2,Ano,Mês,Dia,Hora,Periodo,Estação,Dia Util,Gravidade,Indicador de Gravidade,Veículos envolvidos,Passageiros envolvidos,Peões envolvidos,Inf/Ação: Abertura de porta,Inf/Ação: Desrespeito da sinalização semafórica,Inf/Ação: Desrespeito da sinalização vertical,Inf/Ação: Desrespeito das distâncias de segurança,Inf/Ação: Desrespeito das marcas rodoviárias,Inf/Ação: Encandeamento,Inf/Ação: Manobra irregular,Inf/Ação: Não sinalização da manobra,Inf/Ação: Obstáculo imprevisto na faixa de rodagem,Inf/Ação: Rebentamento de pneumático,Inf/Ação: Velocidade excessiva para as condições existentes,Automóvel ligeiro,Automóvel pesado,Motociclos/Ciclomotores,Outros Veículos,Velocípedes,Peões
124,20191657292,2019-01-18 22:50:00,Sexta-Feira,NÃO DEFINIDO,38.760302,-9.149225,Direita,Dentro das localidades,Alvalade,Lisboa,Despiste,Despiste sem dispositivo de retenção,Recta,Em patamar,Berma pavimentada,Em plena via,Em estado regular,Estrada sem separador,Sentido único,Sem marcas rodoviárias ou pouco visíveis,Inexistentes,Outros,Inexistentes,Betuminoso,Fora da intersecção,Bom tempo,"Noite, com iluminação",Seco e limpo,0,0,1,Arruamento sem separador,Via Secundária,53,,Rua Murtas,Localização GPS,2019,1,18,22,Noite,Inverno,1,0,3,1,0,0,0,0,0,0,0,0,0,0,0,0,1,0,0,1,0,0,0
125,20191657296,2019-01-13 19:20:00,Domingo,No sentido decrescente da quilometragem,38.7120893,-9.1391738,Direita,Dentro das localidades,Santa Maria Maior,Lisboa,Colisão,Colisão lateral com outro veículo em movimento,Recta,Em patamar,Sem berma ou impraticável,Em plena via,Em bom estado,Outra via,Sentido único,Com marcas,Inexistentes,Outros,A funcionar normalmente,Betuminoso,Fora da intersecção,Bom tempo,"Noite, com iluminação",Seco e limpo,0,0,1,Arruamento com separador,Via Secundária,251,,Rua Áurea,Sem GPS - estimado,2019,1,13,19,Noite,Inverno,0,0,3,2,0,0,0,0,0,0,0,0,0,0,0,0,0,1,0,1,0,0,0
126,20191657312,2019-01-21 07:40:00,Segunda-Feira,No sentido crescente da quilometragem,38.7253017,-9.15000629999999,Direita,Dentro das localidades,Avenidas Novas,Lisboa,Atropelamento,Atropelamento de peões,Recta,Em patamar,Sem berma ou impraticável,Em plena via,Em estado regular,Outra via,Sentido único,Com marcas,Inexistentes,Outros,A funcionar normalmente,Betuminoso,Fora da intersecção,Bom tempo,Em pleno dia,Seco e limpo,0,0,1,Arruamento com separador,Via Secundária,0,,Praça Marquês Pombal,Sem GPS - estimado,2019,1,21,7,Manhã,Inverno,1,0,3,1,0,1,0,1,0,0,0,0,0,0,0,0,0,1,0,0,0,0,1
127,20191657348,2019-01-18 23:45:00,Sexta-Feira,NÃO DEFINIDO,38.7535963999999,-9.1887708,Esquerda,Dentro das localidades,Carnide,Lisboa,Atropelamento,Atropelamento de peões,Recta,Em patamar,Sem berma ou impraticável,Em plena via,Em estado regular,Estrada sem separador,Sentido único,Com marcas,Inexistentes,Passagem de peões,Inexistentes,Calçada,Fora da intersecção,Chuva,"Noite, com iluminação",Molhado,0,0,2,Arruamento sem separador,Via Secundária,2,,Rua Galileu Galilei,Sem GPS - estimado,2019,1,18,23,Noite,Inverno,1,0,6,1,0,2,0,0,1,0,0,0,0,0,0,0,0,1,0,0,0,0,1
128,20191657349,2019-01-18 19:35:00,Sexta-Feira,NÃO DEFINIDO,38.7535963999999,-9.1887708,Direita,Dentro das localidades,Carnide,Lisboa,Atropelamento,Atropelamento de peões,Recta,Em patamar,Sem berma ou impraticável,Em plena via,Em estado regular,Estrada sem separador,Sentido único,Com marcas,Inexistentes,Passagem de peões,Inexistentes,Calçada,Fora da intersecção,Chuva,"Noite, com iluminação",Molhado,0,0,1,Arruamento sem separador,Via Secundária,2,,Rua Galileu Galilei,Sem GPS - estimado,2019,1,18,19,Noite,Inverno,1,0,3,1,0,1,0,0,0,0,0,0,1,0,0,0,0,1,0,0,0,0,1
129,20191657379,2019-01-08 20:15:00,Terça-Feira,NÃO DEFINIDO,,,Direita,Dentro das localidades,Belém,Lisboa,Colisão,Colisão lateral com outro veículo em movimento,Curva,Em patamar,Berma pavimentada,Em plena via,Em bom estado,Estrada sem separador,Dois sentidos,Com marcas,Inexistentes,Outros,Inexistentes,Betuminoso,Em cruzamento,Bom tempo,"Noite, com iluminação",Seco e limpo,0,0,1,Arruamento sem separador,Via Secundária,0,,Avenida da Indía,Sem GPS - não estimado,2019,1,8,20,Noite,Inverno,1,0,3,2,0,0,0,0,0,0,0,0,0,0,0,0,0,1,0,0,1,0,0
130,20191657430,2019-01-22 18:50:00,Terça-Feira,NÃO DEFINIDO,,,Direita,Dentro das localidades,Lumiar,,Despiste,Despiste sem dispositivo de retenção,Recta,Em patamar,Sem berma ou impraticável,Em plena via,Em estado regular,Estrada sem separador,Sentido único,Com marcas,Inexistentes,Outros,Inexistentes,Betuminoso,Fora da intersecção,Chuva,"Noite, sem iluminação",Molhado,0,0,1,Arruamento sem separador,Via Secundária,0,,Acesso proveniente da Rotunda Nelson Mandela para a Avenida Marechal Craveiro Lopes,Sem GPS - não estimado,2019,1,22,18,Noite,Inverno,1,0,3,1,0,0,0,0,0,0,0,0,0,0,0,0,1,0,0,1,0,0,0
131,20191657431,2019-01-23 18:30:00,Quarta-Feira,NÃO DEFINIDO,38.745951,-9.182267,Direita,Dentro das localidades,São Domingos de Benfica,Lisboa,Atropelamento,Atropelamento de peões,Recta,Em patamar,Berma pavimentada,Em plena via,Em estado regular,Estrada sem separador,Dois sentidos,Sem marcas rodoviárias ou pouco visíveis,Inexistentes,Outros,A funcionar normalmente,Betuminoso,Em entroncamento,Bom tempo,"Noite, com iluminação",Seco e limpo,0,0,1,Arruamento sem separador,Via Secundária,366,,Estrada Benfica,Localização GPS,2019,1,23,18,Noite,Inverno,1,0,3,1,0,1,0,1,0,0,0,0,0,0,0,0,0,1,0,0,0,0,1
132,20191657435,2019-01-23 19:00:00,Quarta-Feira,NÃO DEFINIDO,38.7146578,-9.1363075,Direita,Dentro das localidades,Santa Maria Maior,Lisboa,Despiste,Despiste sem dispositivo de retenção,Recta,Com inclinação,Berma pavimentada,Em plena via,Em estado regular,Estrada sem separador,Sentido único,Sem marcas rodoviárias ou pouco visíveis,Inexistentes,NÃO DEFINIDO,Inexistentes,Betuminoso,Fora da intersecção,Chuva,Aurora ou crepúsculo,Molhado,0,0,1,Arruamento sem separador,Via Secundária,4,,Rua Arco Marquês do Alegrete,Sem GPS - estimado,2019,1,23,19,Noite,Inverno,1,0,3,1,0,0,0,0,0,0,0,0,0,0,0,0,0,0,0,1,0,0,0
133,20191657436,2019-01-18 08:30:00,Sexta-Feira,NÃO DEFINIDO,,,Direita,Dentro das localidades,Arroios,Lisboa,Colisão,Colisão lateral com outro veículo em movimento,Recta,Em patamar,Berma pavimentada,Em plena via,Em estado regular,Estrada sem separador,Dois sentidos,Com marcas,Inexistentes,NÃO DEFINIDO,Inexistentes,Betuminoso,Em entroncamento,Bom tempo,Em pleno dia,Seco e limpo,0,0,1,Arruamento sem separador,Via Secundária,0,,Rua Passos Manuel,Sem GPS - não estimado,2019,1,18,8,Manhã,Inverno,1,0,3,2,0,0,0,0,0,0,0,0,0,0,0,0,0,1,0,1,0,0,0
134,20191657475,2019-01-18 17:50:00,Sexta-Feira,NÃO DEFINIDO,38.7334073,-9.1300833,Direita,Dentro das localidades,Penha de França,Lisboa,Atropelamento,Atropelamento de peões,Recta,Com inclinação,Sem berma ou impraticável,Em plena via,Em bom estado,Estrada sem separador,Sentido único,Sem marcas rodoviárias ou pouco visíveis,Inexistentes,Passagem de peões,Inexistentes,Betuminoso,Fora da intersecção,Chuva,"Noite, com iluminação",Molhado,0,0,1,Arruamento sem separador,Via Secundária,38,,Rua Doutor Oliveira Ramos,Sem GPS - estimado,2019,1,18,17,Tarde,Inverno,1,0,3,1,0,1,0,0,0,0,0,0,0,0,0,0,0,1,0,0,0,0,1
135,20191657552,2019-01-19 22:15:00,Sábado,NÃO DEFINIDO,,,Direita,Dentro das localidades,Estrela,,Despiste,Despiste sem dispositivo de retenção,Recta,Em patamar,Berma pavimentada,Em plena via,Em bom estado,Estrada sem separador,Dois sentidos,Sem marcas rodoviárias ou pouco visíveis,Inexistentes,Outros,A funcionar normalmente,Calçada,Em cruzamento,Chuva,"Noite, com iluminação",Molhado,0,0,1,Arruamento sem separador,Via Secundária,0,,Avenida Dom Carlos I,Sem GPS - não estimado,2019,1,19,22,Noite,Inverno,0,0,3,1,0,0,0,0,0,0,0,0,0,0,0,0,0,0,0,1,0,0,0
136,20191657574,2019-01-18 16:40:00,Sexta-Feira,No sentido crescente da quilometragem,,,Direita,Dentro das localidades,Lumiar,,Colisão,Colisão lateral com outro veículo em movimento,Recta,Com inclinação,Sem berma ou impraticável,Em plena via,Em bom estado,Outra via,Sentido único,Com marcas,Inexistentes,NÃO DEFINIDO,A funcionar normalmente,Betuminoso,Em entroncamento,Chuva,Em pleno dia,Molhado,0,0,1,Arruamento com separador,Via Secundária,0,,Calçada Carriche,Sem GPS - não estimado,2019,1,18,16,Tarde,Inverno,1,0,3,2,1,0,0,0,0,0,0,0,0,0,0,0,1,1,1,0,0,0,0
137,20191657577,2019-01-15 03:00:00,Terça-Feira,No sentido crescente da quilometragem,,,Esquerda,Dentro das localidades,Benfica,Lisboa,Despiste,Despiste sem dispositivo de retenção,Curva,Com inclinação,Berma pavimentada,Em plena via,Em estado regular,Outra via,Sentido único,Com marcas,Inexistentes,Outros,Inexistentes,Betuminoso,Fora da intersecção,Bom tempo,"Noite, com iluminação",Seco e limpo,0,0,1,Arruamento com separador,2ª Circular,0,,Avenida Eusébio da Silva Ferreira,Sem GPS - não estimado,2019,1,15,3,Madrugada,Inverno,1,0,3,1,0,0,0,0,0,0,0,0,0,0,0,0,0,1,0,0,0,0,0
138,20191657635,2019-01-23 13:15:00,Quarta-Feira,NÃO DEFINIDO,38.7110362,-9.1370744,Esquerda,Dentro das localidades,Santa Maria Maior,,Atropelamento,Atropelamento de peões,Recta,Com inclinação,Berma pavimentada,Em plena via,Em bom estado,Estrada sem separador,Sentido único,Com marcas,Inexistentes,NÃO DEFINIDO,A funcionar normalmente,Betuminoso,Fora da intersecção,Bom tempo,Em pleno dia,Seco e limpo,0,0,1,Arruamento sem separador,Via Secundária,155,,Rua Prata,Sem GPS - estimado,2019,1,23,13,Tarde,Inverno,1,0,3,1,0,1,0,0,0,0,0,0,1,0,0,0,0,0,0,0,0,1,1
139,20191657647,2019-01-23 11:45:00,Quarta-Feira,No sentido decrescente da quilometragem,,,Direita,Dentro das localidades,Avenidas Novas,,Colisão,Colisão lateral com outro veículo em movimento,Recta,Em patamar,Berma pavimentada,Em plena via,Em estado regular,Outra via,Sentido único,Com marcas,Inexistentes,Outros,A funcionar normalmente,Betuminoso,Fora da intersecção,Bom tempo,Em pleno dia,Seco e limpo,0,0,1,Arruamento com separador,Via Secundária,0,,Praça Duque Saldanha,Sem GPS - não estimado,2019,1,23,11,Manhã,Inverno,1,0,3,2,0,0,0,0,0,0,0,0,0,0,0,0,0,1,0,1,0,0,0
140,20191657677,2019-01-24 09:50:00,Quinta-Feira,NÃO DEFINIDO,38.7263104999999,-9.1357738,Esquerda,Dentro das localidades,Arroios,,Atropelamento,Atropelamento de peões,Recta,Em patamar,Berma pavimentada,Em plena via,Em estado regular,Estrada sem separador,Dois sentidos,Com marcas,Inexistentes,Passagem de peões,Inexistentes,Betuminoso,Fora da intersecção,Bom tempo,Em pleno dia,Seco e limpo,0,0,1,Arruamento sem separador,Via Secundária,21,,Rua Febo Moniz,Sem GPS - estimado,2019,1,24,9,Manhã,Inverno,1,0,3,1,0,1,0,0,1,0,0,0,0,0,0,0,0,1,0,0,0,0,1
141,20191657679,2019-01-11 05:55:00,Sexta-Feira,NÃO DEFINIDO,38.726203,-9.1350916,Direita,Dentro das localidades,Arroios,Lisboa,Colisão,Colisão lateral com outro veículo em movimento,Recta,Com inclinação,Sem berma ou impraticável,Em plena via,Em estado regular,Outra via,Sentido único,Com marcas,Inexistentes,Outros,A funcionar normalmente,Betuminoso,Em cruzamento,Bom tempo,"Noite, com iluminação",Seco e limpo,0,0,1,Arruamento com separador,Via Secundária,67,,Avenida Almirante Reis,Sem GPS - estimado,2019,1,11,5,Madrugada,Inverno,1,0,3,2,1,0,0,1,0,0,0,0,0,0,0,0,0,1,0,0,0,0,0
142,20191657745,2019-01-19 21:00:00,Sábado,NÃO DEFINIDO,,,Direita,Dentro das localidades,Lumiar,,Despiste,Despiste sem dispositivo de retenção,Recta,Em patamar,Sem berma ou impraticável,Em plena via,Em mau estado,Estrada sem separador,Dois sentidos,Com marcas,Insuficentemente sinalizados,NÃO DEFINIDO,Inexistentes,Betuminoso,Fora da intersecção,Chuva,"Noite, com iluminação",Molhado,0,0,1,Arruamento sem separador,Via Secundária,0,,Estrada Paço do Lumiar,Sem GPS - não estimado,2019,1,19,21,Noite,Inverno,0,0,3,1,0,0,0,0,0,0,0,0,0,0,0,0,1,0,0,1,0,0,0
143,20191657755,2019-01-20 15:30:00,Domingo,NÃO DEFINIDO,38.723951,-9.1155111,Esquerda,Dentro das localidades,Penha de França,,Colisão,Colisão lateral com outro veículo em movimento,Recta,Com inclinação,Berma pavimentada,Em plena via,Em estado regular,Estrada sem separador,Dois sentidos,Com marcas,Inexistentes,NÃO DEFINIDO,Inexistentes,Betuminoso,Fora da intersecção,Bom tempo,Em pleno dia,Seco e limpo,0,0,1,Arruamento sem separador,Via Secundária,15,,Rua Nelson de Barros,Sem GPS - estimado,2019,1,20,15,Tarde,Inverno,0,0,3,3,0,0,0,0,0,0,0,0,0,0,0,0,0,1,0,1,0,0,0
144,20191657768,2019-01-19 19:52:00,Sábado,NÃO DEFINIDO,38.704807,-9.177908,Direita,Dentro das localidades,Alcântara,,Atropelamento,Atropelamento de peões,Recta,Com inclinação,Sem berma ou impraticável,Em plena via,Em estado regular,Estrada sem separador,Dois sentidos,Com marcas,Inexistentes,Outros,Inexistentes,Betuminoso,Fora da intersecção,Chuva,"Noite, com iluminação",Molhado,0,1,0,Arruamento sem separador,Via Secundária,18,,Largo Calvário,Localização GPS,2019,1,19,19,Noite,Inverno,0,1,10,1,0,1,0,0,0,0,0,0,0,0,0,0,0,0,1,0,0,0,1
145,20191657771,2019-01-18 18:30:00,Sexta-Feira,NÃO DEFINIDO,38.7141366,-9.1225711,Direita,Dentro das localidades,Santa Maria Maior,,Atropelamento,Atropelamento de peões,Recta,Em patamar,Berma pavimentada,Em plena via,Em estado regular,Estrada sem separador,Dois sentidos,Com marcas,Inexistentes,Passagem de peões,A funcionar normalmente,Betuminoso,Fora da intersecção,Chuva,"Noite, com iluminação",Molhado,0,0,2,Arruamento sem separador,Via Secundária,1,,Avenida Infante Dom Henrique,Sem GPS - estimado,2019,1,18,18,Noite,Inverno,1,0,6,1,0,1,0,0,0,0,0,0,0,0,0,0,0,0,0,1,0,0,1
146,20191657774,2019-01-19 08:35:00,Sábado,No sentido crescente da quilometragem,,,Direita,Dentro das localidades,Avenidas Novas,,Colisão,Colisão lateral com outro veículo em movimento,Recta,Com inclinação,Sem berma ou impraticável,Em plena via,Em estado regular,Outra via,Sentido único,Com marcas,Inexistentes,Outros,Inexistentes,Betuminoso,Em cruzamento,Chuva,Em pleno dia,Molhado,0,0,1,Arruamento com separador,Via Secundária,0,,Rua Latino Coelho,Sem GPS - não estimado,2019,1,19,8,Manhã,Inverno,0,0,3,2,0,0,0,0,0,0,0,0,0,0,0,0,0,1,0,0,0,0,0
147,20191657775,2019-01-19 10:15:00,Sábado,No sentido crescente da quilometragem,38.762856,-9.142118,Esquerda,Dentro das localidades,Lumiar,Lisboa,Colisão,Colisão lateral com outro veículo em movimento,Recta,Em patamar,Berma pavimentada,Em plena via,Em estado regular,Outra via,Sentido único,Com marcas,Inexistentes,Outros,Inexistentes,Betuminoso,Fora da intersecção,Chuva,Em pleno dia,Molhado,0,0,2,Arruamento com separador,2ª Circular,0,,Avenida Marechal Craveiro Lopes,Localização GPS,2019,1,19,10,Manhã,Inverno,0,0,6,2,1,0,0,0,0,0,0,0,0,0,0,0,0,1,0,0,0,0,0
148,20191657848,2019-01-24 06:30:00,Quinta-Feira,NÃO DEFINIDO,38.7049548999999,-9.17747089999999,Direita,Dentro das localidades,Alcântara,,Atropelamento,Atropelamento com fuga,Curva,Em patamar,Berma pavimentada,Em plena via,Em bom estado,Estrada sem separador,Dois sentidos,Com marcas,Inexistentes,Outros,Inexistentes,Calçada,Fora da intersecção,Bom tempo,"Noite, com iluminação",Seco e limpo,0,0,1,Arruamento sem separador,Via Secundária,0,,Largo Calvário,Sem GPS - estimado,2019,1,24,6,Manhã,Inverno,1,0,3,1,0,1,0,0,0,0,0,0,1,0,0,0,0,1,0,0,0,0,1
149,20191657849,2019-01-09 09:30:00,Quarta-Feira,NÃO DEFINIDO,38.7544216,-9.1149893,Direita,Dentro das localidades,Marvila,Lisboa,Colisão,Colisão com veiculo ou obstáculo na faixa de rodagem,Recta,Com inclinação,Sem berma ou impraticável,Em plena via,Em estado regular,Estrada sem separador,Dois sentidos,Sem marcas rodoviárias ou pouco visíveis,Inexistentes,Outros,Inexistentes,Betuminoso,Fora da intersecção,Bom tempo,Em pleno dia,Seco e limpo,0,0,1,Arruamento sem separador,Via Secundária,105,,Rua Duarte Lopes,Sem GPS - estimado,2019,1,9,9,Manhã,Inverno,1,0,3,2,0,0,0,0,0,0,0,0,0,0,0,0,1,1,0,1,0,0,0
150,20191657868,2019-01-18 08:50:00,Sexta-Feira,No sentido crescente da quilometragem,,,Direita,Dentro das localidades,Benfica,Lisboa,Despiste,Despiste com dispositivo de retenção,Recta,Em patamar,Berma pavimentada,Em plena via,Em estado regular,Outra via,Sentido único,Com marcas,Inexistentes,Outros,Inexistentes,Betuminoso,Fora da intersecção,Bom tempo,Em pleno dia,Seco e limpo,0,0,1,Arruamento com separador,Via Secundária,0.00,,Avenida General Correia Barreto,Sem GPS - não estimado,2019,1,18,8,Manhã,Inverno,1,0,3,1,0,0,0,0,0,0,0,0,0,0,0,0,1,0,0,1,0,0,0
151,20191657874,2019-01-19 11:00:00,Sábado,No sentido decrescente da quilometragem,,,Direita,Dentro das localidades,Lumiar,Lisboa,Despiste,Despiste com dispositivo de retenção,Recta,Em patamar,Berma pavimentada,Em plena via,Em estado regular,Outra via,Sentido único,Com marcas,Inexistentes,Outros,Inexistentes,Betuminoso,Fora da intersecção,Chuva,Em pleno dia,Molhado,0,0,1,IP - Itinerário Principal,IP7,,8.0,,Sem GPS - não estimado,2019,1,19,11,Manhã,Inverno,0,0,3,1,0,0,0,0,0,0,0,0,0,0,0,0,1,1,0,0,0,0,0
152,20191657885,2019-01-16 23:55:00,Quarta-Feira,NÃO DEFINIDO,,,Esquerda,Dentro das localidades,Santa Maria dos Olivais,,Colisão,Colisão lateral com outro veículo em movimento,Recta,Com inclinação,Sem berma ou impraticável,Em plena via,Em estado regular,Estrada sem separador,Dois sentidos,Com marcas,Inexistentes,NÃO DEFINIDO,Inexistentes,Betuminoso,Em cruzamento,Bom tempo,"Noite, com iluminação",Seco e limpo,0,0,1,Arruamento sem separador,Via Secundária,0,,Avenida de Pádua,Sem GPS - não estimado,2019,1,16,23,Noite,Inverno,1,0,3,2,0,0,0,0,0,0,0,0,0,0,0,0,0,1,0,1,0,0,0
153,20191657907,2019-01-21 18:20:00,Segunda-Feira,NÃO DEFINIDO,,,Direita,Dentro das localidades,Ajuda,,Colisão,Colisão com outras situações,Recta,Com inclinação,Berma pavimentada,Em plena via,Em bom estado,Estrada sem separador,Dois sentidos,Com marcas,Inexistentes,Cedência de passagem,Inexistentes,Betuminoso,Em entroncamento,Bom tempo,"Noite, com iluminação",Seco e limpo,0,0,2,Arruamento sem separador,Via Secundária,0,,Calçada Ajuda,Sem GPS - não estimado,2019,1,21,18,Noite,Inverno,1,0,6,2,0,0,0,0,0,0,0,0,0,0,0,0,0,1,0,0,0,0,0
154,20191657918,2019-01-16 19:20:00,Quarta-Feira,NÃO DEFINIDO,,,Direita,Dentro das localidades,Alcântara,Lisboa,Despiste,Despiste sem dispositivo de retenção,Recta,Com inclinação,Berma pavimentada,Em plena via,Em estado regular,Estrada sem separador,Dois sentidos,Com marcas,Inexistentes,NÃO DEFINIDO,Inexistentes,Betuminoso,Fora da intersecção,Bom tempo,"Noite, com iluminação",Seco e limpo,0,0,1,Arruamento sem separador,Via Secundária,0,,Calçada Tapada,Sem GPS - não estimado,2019,1,16,19,Noite,Inverno,1,0,3,1,0,0,0,0,0,0,0,0,0,0,0,0,0,0,0,1,0,0,0
155,20191657970,2019-01-20 09:00:00,Domingo,NÃO DEFINIDO,38.7030985,-9.1750438,Central,Dentro das localidades,Estrela,,Despiste,Despiste sem dispositivo de retenção,Recta,Em patamar,Berma pavimentada,Em plena via,Em estado regular,Estrada sem separador,Dois sentidos,Com marcas,Inexistentes,Outros,A funcionar normalmente,Betuminoso,Fora da intersecção,Bom tempo,Em pleno dia,Seco e limpo,0,0,1,Arruamento sem separador,Via Secundária,41,,Rua Cascais,Sem GPS - estimado,2019,1,20,9,Manhã,Inverno,0,0,3,1,0,0,0,0,0,0,0,0,0,0,0,0,0,0,0,1,0,0,0
156,20191657974,2019-01-14 07:50:00,Segunda-Feira,NÃO DEFINIDO,,,Direita,Dentro das localidades,Santa Clara,,Colisão,Colisão traseira com outro veículo em movimento,Recta,Em patamar,Berma pavimentada,Em plena via,Em bom estado,Estrada sem separador,Sentido único,Com marcas,Inexistentes,Outros,Inexistentes,Betuminoso,Em rotunda,Bom tempo,Em pleno dia,Seco e limpo,0,0,2,Arruamento sem separador,Via Secundária,0,,Rotunda da Ameixoeira,Sem GPS - não estimado,2019,1,14,7,Manhã,Inverno,1,0,6,2,1,0,0,0,0,0,0,0,0,0,0,0,1,1,0,0,0,0,0
157,20191658009,2019-01-25 13:40:00,Sexta-Feira,NÃO DEFINIDO,38.7428886,-9.1117122,Direita,Dentro das localidades,Marvila,Lisboa,Atropelamento,Atropelamento de peões,Curva,Em patamar,Berma pavimentada,Em plena via,Em bom estado,Estrada sem separador,Dois sentidos,Sem marcas rodoviárias ou pouco visíveis,Inexistentes,Passagem de peões,Inexistentes,Betuminoso,Em entroncamento,Bom tempo,Em pleno dia,Seco e limpo,0,0,1,Arruamento sem separador,Via Secundária,0,,Avenida Paulo VI,Sem GPS - estimado,2019,1,25,13,Tarde,Inverno,1,0,3,1,0,1,0,0,0,0,0,0,0,0,0,0,0,1,0,0,0,0,1
158,20191658011,2019-01-25 11:45:00,Sexta-Feira,NÃO DEFINIDO,,,Direita,Dentro das localidades,Alcântara,Lisboa,Colisão,Colisão choque em cadeia,Recta,Em patamar,Berma não pavimentada,Em plena via,Em estado regular,Estrada sem separador,Dois sentidos,Com marcas,Inexistentes,NÃO DEFINIDO,Inexistentes,Betuminoso,Fora da intersecção,Bom tempo,Em pleno dia,Seco e limpo,0,0,1,Arruamento sem separador,Via Secundária,0,,Estrada Alvito,Sem GPS - não estimado,2019,1,25,11,Manhã,Inverno,1,0,3,3,1,0,0,0,0,0,0,0,0,0,0,0,0,1,0,0,0,0,0
159,20191658021,2019-01-25 10:15:00,Sexta-Feira,NÃO DEFINIDO,38.7151976999999,-9.154381,Direita,Dentro das localidades,Estrela,Lisboa,Atropelamento,Atropelamento de peões,Recta,Em patamar,Sem berma ou impraticável,Em plena via,Em bom estado,Estrada sem separador,Dois sentidos,Sem marcas rodoviárias ou pouco visíveis,Inexistentes,Passagem de peões,Inexistentes,Betuminoso,Fora da intersecção,Bom tempo,Em pleno dia,Seco e limpo,0,0,1,Arruamento sem separador,Via Secundária,183,,Rua São Bento,Sem GPS - estimado,2019,1,25,10,Manhã,Inverno,1,0,3,1,0,1,0,0,0,0,0,0,0,0,0,0,0,1,0,0,0,0,1
160,20191658076,2019-01-23 05:40:00,Quarta-Feira,No sentido crescente da quilometragem,38.7729283,-9.1051045,Direita,Dentro das localidades,Parque das Nações,,Despiste,Despiste com dispositivo de retenção,Curva,Em patamar,Sem berma ou impraticável,Em plena via,Em bom estado,Outra via,Sentido único,Com marcas,Inexistentes,Outros,Desligada,Betuminoso,Fora da intersecção,Bom tempo,"Noite, com iluminação",Húmido,0,0,1,Arruamento com separador,Via Secundária,1,,Praça José Queirós,Sem GPS - estimado,2019,1,23,5,Madrugada,Inverno,1,0,3,1,0,0,0,0,0,0,0,0,0,0,0,0,0,1,0,0,0,0,0
161,20191658077,2019-01-22 19:20:00,Terça-Feira,No sentido decrescente da quilometragem,38.7382460999999,-9.1523328,Direita,Dentro das localidades,Avenidas Novas,Lisboa,Atropelamento,Atropelamento de peões,Recta,Em patamar,Berma pavimentada,Em plena via,Em bom estado,Outra via,Sentido único,Com marcas,Inexistentes,Outros,A funcionar normalmente,Betuminoso,Fora da intersecção,Bom tempo,"Noite, com iluminação",Seco e limpo,0,0,1,Arruamento com separador,Via Secundária,187,,Avenida Elias Garcia,Sem GPS - estimado,2019,1,22,19,Noite,Inverno,1,0,3,1,0,1,0,0,0,0,0,0,0,0,0,0,0,1,0,0,0,0,1
162,20191658171,2019-01-25 17:30:00,Sexta-Feira,No sentido crescente da quilometragem,38.740013,-9.170586,Direita,Fora das localidades,Campolide,,Colisão,Colisão com outras situações,Recta,Em patamar,Sem berma ou impraticável,Em plena via,Em estado regular,Outra via,Sentido único,Com marcas,Inexistentes,Outros,Inexistentes,Betuminoso,Fora da intersecção,Bom tempo,Em pleno dia,Seco e limpo,0,0,1,IP - Itinerário Principal,IP7,,8.6,,Localização GPS,2019,1,25,17,Tarde,Inverno,1,0,3,2,0,0,0,0,0,0,0,0,1,0,0,0,0,1,0,1,0,0,0
163,20191658184,2019-01-26 13:20:00,Sábado,NÃO DEFINIDO,38.7642280999999,-9.0955914,Esquerda,Dentro das localidades,Parque das Nações,Lisboa,Atropelamento,Atropelamento de peões,Recta,Em patamar,Berma pavimentada,Em plena via,Em estado regular,Estrada sem separador,Sentido único,Com marcas,Inexistentes,NÃO DEFINIDO,Inexistentes,Betuminoso,Fora da intersecção,Bom tempo,Em pleno dia,Seco e limpo,0,0,1,Arruamento sem separador,Via Secundária,0,,Alameda Oceanos,Sem GPS - estimado,2019,1,26,13,Tarde,Inverno,0,0,3,1,0,1,0,0,0,1,0,0,0,0,0,0,0,1,0,0,0,0,1
164,20191658189,2019-01-26 09:30:00,Sábado,NÃO DEFINIDO,38.766924,-9.1817663,Direita,Dentro das localidades,Carnide,,Colisão,Colisão lateral com outro veículo em movimento,Recta,Em patamar,Berma pavimentada,Em plena via,Em bom estado,Estrada sem separador,Dois sentidos,Com marcas,Inexistentes,Passagem de peões,Inexistentes,Betuminoso,Em entroncamento,Bom tempo,Em pleno dia,Seco e limpo,0,0,1,Arruamento sem separador,Via Secundária,31,,Estrada Paço do Lumiar,Sem GPS - estimado,2019,1,26,9,Manhã,Inverno,0,0,3,2,0,0,0,0,0,1,0,0,0,0,0,0,0,1,0,1,0,0,0