,IdAcidente,Datahora,Dia da Semana,Sentidos,Latitude GPS,Longitude GPS,Via Trânsito,Localizações,Freguesia,Pov. Proxima,Tipo Natureza,Natureza,Tipo de Traçado,Inclinação do Traçado,Berma do Traçado,Localização do Traçado,Estado Conservação,Características Tecnicas,Reg Circulação,Marca Via,Obstáculos,Sinais,Sinais Luminosos,Tipo Piso,Intersecção Vias,Factores Atmosféricos,Luminosidade,Cond Aderência,VM,FG,FL,Tipos Vias,Via,Num arruamento,Km,Nome arruamento,Localização 2,Ano,Mês,Dia,Hora,Periodo,Estação,Dia Util,Gravidade,Indicador de Gravidade,Veículos envolvidos,Passageiros envolvidos,Peões envolvidos,Inf/Ação: Abertura de porta,Inf/Ação: Desrespeito da sinalização semafórica,Inf/Ação: Desrespeito da sinalização vertical,Inf/Ação: Desrespeito das distâncias de segurança,Inf/Ação: Desrespeito das marcas rodoviárias,Inf/Ação: Encandeamento,Inf/Ação: Manobra irregular,Inf/Ação: Não sinalização da manobra,Inf/Ação: Obstáculo imprevisto na faixa de rodagem,Inf/Ação: Rebentamento de pneumático,Inf/Ação: Velocidade excessiva para as condições existentes,Automóvel ligeiro,Automóvel pesado,Motociclos/Ciclomotores,Outros Veículos,Velocípedes,Peões
206,20191659429,2019-01-28 14:55:00,Segunda-Feira,No sentido decrescente da quilometragem,,,Direita,Dentro das localidades,Penha de França,,Colisão,Colisão traseira com outro veículo em movimento,Recta,Com inclinação,Berma pavimentada,Em plena via,Em estado regular,Outra via,Sentido único,Com marcas,Inexistentes,Outros,Inexistentes,Betuminoso,Fora da intersecção,Bom tempo,Em pleno dia,Seco e limpo,0,0,1,Arruamento com separador,Via Secundária,0,,Avenida Marechal Francisco Costa Gomes,Sem GPS - não estimado,2019,1,28,14,Tarde,Inverno,1,0,3,2,0,0,0,0,0,0,0,0,0,0,0,0,0,1,0,0,0,1,0
207,20191659434,2019-01-28 10:35:00,Segunda-Feira,No sentido crescente da quilometragem,,,Direita,Dentro das localidades,Beato,,Colisão,Colisão traseira com outro veículo em movimento,Curva,Em patamar,Berma pavimentada,Em plena via,Em bom estado,Outra via,Sentido único,Com marcas,Inexistentes,Passagem de peões,Intermitente,Betuminoso,Fora da intersecção,Bom tempo,Em pleno dia,Seco e limpo,0,0,1,Arruamento com separador,Via Secundária,0,,Avenida Infante Dom Henrique,Sem GPS - não estimado,2019,1,28,10,Manhã,Inverno,1,0,3,2,0,0,0,0,0,0,0,0,0,0,0,0,1,1,0,0,0,0,0
208,20191659446,2019-01-20 05:10:00,Domingo,No sentido decrescente da quilometragem,,,Esquerda,Dentro das localidades,Santa Clara,,Despiste,Despiste com dispositivo de retenção,Recta,Em patamar,Berma pavimentada,Em plena via,Em bom estado,Outra via,Sentido único,Com marcas,Inexistentes,Outros,Inexistentes,Betuminoso,Fora da intersecção,Bom tempo,"Noite, com iluminação",Seco e limpo,0,0,1,Arruamento com separador,Via Secundária,0,,Avenida Doutor José Salvado Sampaio,Sem GPS - não estimado,2019,1,20,5,Madrugada,Inverno,0,0,3,1,0,0,0,0,0,0,0,0,0,0,0,0,0,0,0,1,0,0,0
209,20191659447,2019-01-19 23:10:00,Sábado,No sentido decrescente da quilometragem,,,Direita,Dentro das localidades,Avenidas Novas,,Colisão,Colisão com outras situações,Recta,Em patamar,Berma pavimentada,Em plena via,Em bom estado,Outra via,Sentido único,Com marcas,Inexistentes,Outros,A funcionar normalmente,Betuminoso,Em cruzamento,Bom tempo,"Noite, com iluminação",Seco e limpo,0,0,7,Arruamento com separador,Via Secundária,0,,Avenida República,Sem GPS - não estimado,2019,1,19,23,Noite,Inverno,0,0,21,2,5,0,0,0,0,0,0,0,0,0,0,0,0,1,0,0,0,0,0
210,20191659486,2019-01-29 18:15:00,Terça-Feira,NÃO DEFINIDO,,,Esquerda,Dentro das localidades,Santa Maria dos Olivais,,Colisão,Colisão traseira com outro veículo em movimento,Recta,Em patamar,Berma pavimentada,Em plena via,Em bom estado,Estrada sem separador,Sentido único,Com marcas,Inexistentes,Outros,Inexistentes,Betuminoso,Fora da intersecção,Bom tempo,Aurora ou crepúsculo,Seco e limpo,0,0,1,Arruamento sem separador,Via Secundária,0,,Avenida Infante Dom Henrique,Sem GPS - não estimado,2019,1,29,18,Noite,Inverno,1,0,3,2,0,0,0,0,0,0,0,0,0,0,0,0,0,1,0,1,0,0,0
211,20191659509,2019-02-03 10:15:00,Domingo,NÃO DEFINIDO,,,Esquerda,Dentro das localidades,Campolide,,Colisão,Colisão traseira com outro veículo em movimento,Curva,Em patamar,Berma pavimentada,Em plena via,Em estado regular,Estrada sem separador,Dois sentidos,Com marcas,Inexistentes,Outros,A funcionar normalmente,Betuminoso,Em entroncamento,Bom tempo,Em pleno dia,Seco e limpo,0,0,2,Arruamento sem separador,Via Secundária,0,,Avenida José Malhoa,Sem GPS - não estimado,2019,2,3,10,Manhã,Inverno,0,0,6,2,1,0,0,0,0,0,0,0,0,0,0,0,0,1,0,0,0,0,0
212,20191659558,2019-01-31 00:40:00,Quinta-Feira,No sentido crescente da quilometragem,38.7363359,-9.1337035,Direita,Dentro das localidades,Arroios,,Colisão,Colisão traseira com outro veículo em movimento,Recta,Em patamar,Berma pavimentada,Em plena via,Em estado regular,Outra via,Sentido único,Com marcas,Inexistentes,Outros,A funcionar normalmente,Betuminoso,Fora da intersecção,Chuva,"Noite, com iluminação",Molhado,0,0,1,Arruamento com separador,Via Secundária,184,,Avenida Almirante Reis,Sem GPS - estimado,2019,1,31,0,Madrugada,Inverno,1,0,3,2,0,0,0,0,0,0,0,0,0,0,0,0,0,1,0,1,0,0,0
213,20191659603,2019-01-02 06:50:00,Quarta-Feira,No sentido decrescente da quilometragem,,,Direita,Dentro das localidades,Benfica,,Despiste,Despiste sem dispositivo de retenção,Recta,Em patamar,NÃO DEFINIDO,Em plena via,Em estado regular,Outra via,Sentido único,Com marcas,Inexistentes,Outros,Inexistentes,Betuminoso,Fora da intersecção,Bom tempo,"Noite, com iluminação",Seco e limpo,0,0,1,IC - Itinerário Complementar,IC19,,0.25,,Sem GPS - não estimado,2019,1,2,6,Manhã,Inverno,1,0,3,1,0,0,0,0,0,0,0,0,0,0,0,0,0,1,0,0,0,0,0
214,20191659641,2019-01-31 21:20:00,Quinta-Feira,NÃO DEFINIDO,38.7546217,-9.1723174,Direita,Dentro das localidades,São Domingos de Benfica,Lisboa,Atropelamento,Atropelamento de peões,Recta,Em Lomba,Berma pavimentada,Em plena via,Em bom estado,Estrada sem separador,Dois sentidos,Com marcas,Inexistentes,Outros,Inexistentes,Betuminoso,Em cruzamento,Chuva,"Noite, sem iluminação",Molhado,0,0,1,Arruamento sem separador,Via Secundária,0.00,,Rua Lúcio de Azevedo,Sem GPS - estimado,2019,1,31,21,Noite,Inverno,1,0,3,1,0,1,0,0,0,0,0,0,0,0,0,0,0,1,0,0,0,0,1
215,20191659645,2019-01-30 15:40:00,Quarta-Feira,No sentido decrescente da quilometragem,38.7223986,-9.1500754,Esquerda,Dentro das localidades,Santo António,,Despiste,Despiste com fuga,Recta,Com inclinação,Berma pavimentada,Em plena via,Em estado regular,Outra via,Sentido único,Com marcas,Inexistentes,NÃO DEFINIDO,A funcionar normalmente,Betuminoso,Em entroncamento,Chuva,Em pleno dia,Molhado,0,0,1,Arruamento com separador,Via Secundária,1,,Rua Alexandre Herculano,Sem GPS - estimado,2019,1,30,15,Tarde,Inverno,1,0,3,2,0,0,0,0,0,0,0,0,0,0,0,0,0,1,0,1,0,0,0
216,20191659661,2019-01-31 19:20:00,Quinta-Feira,NÃO DEFINIDO,38.7715048999999,-9.1114455,Direita,Dentro das localidades,Santa Maria dos Olivais,Lisboa,Atropelamento,Atropelamento de peões,Recta,Em patamar,Berma pavimentada,Em plena via,Em bom estado,Estrada sem separador,Dois sentidos,Com marcas,Inexistentes,Passagem de peões,Inexistentes,Betuminoso,Em entroncamento,Chuva,"Noite, com iluminação",Molhado,0,0,1,Arruamento sem separador,Via Secundária,0,,Rua Capitão Santiago de Carvalho,Sem GPS - estimado,2019,1,31,19,Noite,Inverno,1,0,3,1,0,1,0,0,0,0,0,0,0,0,0,0,0,1,0,0,0,0,1
217,20191659699,2019-01-31 13:40:00,Quinta-Feira,NÃO DEFINIDO,38.7182224,-9.1522088,Direita,Dentro das localidades,Misericórdia,,Despiste,Despiste sem dispositivo de retenção,Recta,Em patamar,Berma pavimentada,Em plena via,Em bom estado,Estrada sem separador,Dois sentidos,Com marcas,Inexistentes,Outros,Inexistentes,Betuminoso,Fora da intersecção,Chuva,Em pleno dia,Molhado,0,0,1,Arruamento sem separador,Via Secundária,1,,Rua Escola Politécnica,Sem GPS - estimado,2019,1,31,13,Tarde,Inverno,1,0,3,1,0,0,0,0,0,0,0,0,0,0,0,0,0,0,0,1,0,0,0
218,20191659710,2019-01-30 12:15:00,Quarta-Feira,No sentido decrescente da quilometragem,,,Direita,Dentro das localidades,Arroios,,Colisão,Colisão traseira com outro veículo em movimento,Recta,Com inclinação,Berma pavimentada,Em plena via,Em estado regular,Outra via,Sentido único,Com marcas,Inexistentes,Outros,A funcionar normalmente,Betuminoso,Em cruzamento,Chuva,Em pleno dia,Molhado,0,0,2,Arruamento com separador,Via Secundária,0,,Avenida Almirante Reis,Sem GPS - não estimado,2019,1,30,12,Tarde,Inverno,1,0,6,2,2,0,0,0,0,0,0,0,0,0,0,0,1,1,0,0,0,0,0
219,20191659725,2019-01-29 09:05:00,Terça-Feira,NÃO DEFINIDO,38.720748,-9.152821,Esquerda,Dentro das localidades,Santo António,,Colisão,Colisão com outras situações,Recta,Em patamar,Berma pavimentada,Em plena via,Em bom estado,Estrada sem separador,Dois sentidos,Com marcas,Inexistentes,Outros,Inexistentes,Betuminoso,Fora da intersecção,Bom tempo,Em pleno dia,Húmido,0,0,1,Arruamento sem separador,Via Secundária,53,,Rua Alexandre Herculano,Localização GPS,2019,1,29,9,Manhã,Inverno,1,0,3,2,0,0,0,0,0,0,0,0,0,0,0,0,0,1,0,1,0,0,0
220,20191659732,2019-01-29 12:03:00,Terça-Feira,NÃO DEFINIDO,38.698016,-9.1892563,Direita,Dentro das localidades,Belém,,Colisão,Colisão lateral com outro veículo em movimento,Recta,Em patamar,Sem berma ou impraticável,Em plena via,Em bom estado,Estrada sem separador,Dois sentidos,Com marcas,Inexistentes,Cedência de passagem,Inexistentes,Betuminoso,Em entroncamento,Bom tempo,Em pleno dia,Húmido,0,0,1,Arruamento sem separador,Via Secundária,69,,Rua Junqueira,Sem GPS - estimado,2019,1,29,12,Tarde,Inverno,1,0,3,3,0,0,0,0,1,0,0,0,0,0,0,0,0,1,0,0,0,0,0
221,20191659740,2019-01-24 08:30:00,Quinta-Feira,No sentido decrescente da quilometragem,,,Central,Fora das localidades,Campolide,,Despiste,Despiste com dispositivo de retenção,Recta,Em patamar,Berma pavimentada,Em plena via,Em estado regular,Outra via,Sentido único,Com marcas,Inexistentes,Outros,Inexistentes,Betuminoso,Fora da intersecção,Chuva,Em pleno dia,Molhado,0,0,1,IP - Itinerário Principal,IP7,,8.2,,Sem GPS - não estimado,2019,1,24,8,Manhã,Inverno,1,0,3,1,0,0,0,0,0,0,0,0,0,0,0,0,0,0,0,1,0,0,0
222,20191659767,2019-02-04 09:30:00,Segunda-Feira,NÃO DEFINIDO,38.7289436,-9.14800709999999,Direita,Dentro das localidades,Santo António,Lisboa,Atropelamento,Atropelamento de peões,Recta,Em patamar,Berma pavimentada,Em via ou pista reservada,Em bom estado,Outra via,Sentido único,Com marcas,Inexistentes,NÃO DEFINIDO,Inexistentes,Betuminoso,Fora da intersecção,Bom tempo,Em pleno dia,Seco e limpo,0,0,1,Arruamento com separador,Via Secundária,9,,Avenida Fontes Pereira de Melo,Sem GPS - estimado,2019,2,4,9,Manhã,Inverno,1,0,3,1,0,1,0,0,0,0,0,0,0,0,0,0,0,0,0,0,0,1,1
223,20191659797,2019-01-25 14:15:00,Sexta-Feira,NÃO DEFINIDO,,,Direita,Dentro das localidades,Santa Maria dos Olivais,,Despiste,Despiste sem dispositivo de retenção,Recta,Em patamar,Sem berma ou impraticável,Em plena via,Em bom estado,Estrada sem separador,Sentido único,Com marcas,Inexistentes,Outros,Inexistentes,Betuminoso,Em rotunda,Bom tempo,Em pleno dia,Seco e limpo,0,0,1,Arruamento sem separador,Via Secundária,0,,Avenida Doutor Francisco Luís Gomes,Sem GPS - não estimado,2019,1,25,14,Tarde,Inverno,1,0,3,1,0,0,0,0,0,0,0,0,0,0,0,0,0,0,0,1,0,0,0
224,20191659808,2019-02-01 22:00:00,Sexta-Feira,NÃO DEFINIDO,38.7447281,-9.1112033,Direita,Dentro das localidades,Marvila,Lisboa,Colisão,Colisão traseira com outro veículo em movimento,Recta,Em patamar,Berma pavimentada,Em plena via,Em bom estado,Estrada sem separador,Dois sentidos,Com marcas,Inexistentes,Outros,Inexistentes,Betuminoso,Fora da intersecção,Chuva,"Noite, com iluminação",Molhado,0,0,1,Arruamento sem separador,Via Secundária,1,,Rua Engenheiro Cunha Leal,Sem GPS - estimado,2019,2,1,22,Noite,Inverno,1,0,3,2,0,0,0,0,0,0,0,0,0,0,0,0,0,1,0,1,0,0,0
225,20191659826,2019-02-04 13:00:00,Segunda-Feira,No sentido decrescente da quilometragem,,,Esquerda,Dentro das localidades,Lumiar,,Colisão,Colisão com outras situações,Recta,Em patamar,Sem berma ou impraticável,Em plena via,Em bom estado,Outra via,Sentido único,Com marcas,Inexistentes,Outros,Inexistentes,Betuminoso,Fora da intersecção,Bom tempo,Em pleno dia,Seco e limpo,0,0,1,Arruamento com separador,Via Secundária,0,,Calçada Carriche,Sem GPS - não estimado,2019,2,4,13,Tarde,Inverno,1,0,3,2,0,0,0,0,0,0,0,0,0,0,0,0,1,1,0,1,0,0,0
226,20191659854,2019-02-01 22:00:00,Sexta-Feira,NÃO DEFINIDO,,,Direita,Dentro das localidades,Beato,,Despiste,Despiste sem dispositivo de retenção,Recta,Com inclinação,Sem berma ou impraticável,Em plena via,Em estado regular,Estrada sem separador,Sentido único,Sem marcas rodoviárias ou pouco visíveis,Inexistentes,Outros,Inexistentes,Calçada,Em entroncamento,Bom tempo,"Noite, com iluminação",Molhado,0,0,1,Arruamento sem separador,Via Secundária,0,,Calçada Picheleira,Sem GPS - não estimado,2019,2,1,22,Noite,Inverno,1,0,3,1,0,0,0,0,0,0,0,0,0,0,0,0,0,0,0,1,0,0,0
227,20191659858,2019-01-31 14:54:00,Quinta-Feira,NÃO DEFINIDO,38.7466481,-9.1990128,Direita,Dentro das localidades,Benfica,Lisboa,Colisão,Colisão lateral com outro veículo em movimento,Recta,Em patamar,Sem berma ou impraticável,Em plena via,Em bom estado,Estrada sem separador,Dois sentidos,Sem marcas rodoviárias ou pouco visíveis,Inexistentes,Stop,Inexistentes,Betuminoso,Em entroncamento,Chuva,Em pleno dia,Molhado,0,0,2,Arruamento sem separador,Via Secundária,10,,Rua André Resende,Sem GPS - estimado,2019,1,31,14,Tarde,Inverno,1,0,6,2,0,0,0,0,0,0,0,0,1,0,0,0,0,1,0,0,0,0,0
228,20191659859,2019-02-01 22:00:00,Sexta-Feira,No sentido decrescente da quilometragem,38.7039475999999,-9.1624114,Direita,Dentro das localidades,Estrela,Lisboa,Atropelamento,Atropelamento de peões,Recta,Em patamar,Sem berma ou impraticável,Em plena via,Em estado regular,Outra via,Dois sentidos,Com marcas,Inexistentes,Outros,A funcionar normalmente,Betuminoso,Fora da intersecção,Chuva,"Noite, com iluminação",Molhado,0,0,1,Arruamento com separador,Via Secundária,118,,Avenida 24 de Julho,Sem GPS - estimado,2019,2,1,22,Noite,Inverno,1,0,3,1,0,1,0,0,0,0,0,0,0,0,0,0,0,1,0,0,0,0,1
229,20191659864,2019-02-02 01:30:00,Sábado,No sentido crescente da quilometragem,,,Direita,Dentro das localidades,São Domingos de Benfica,,Despiste,Despiste sem dispositivo de retenção,Recta,Com inclinação,Berma pavimentada,Em plena via,Em bom estado,Outra via,Sentido único,Com marcas,Inexistentes,Outros,Inexistentes,Betuminoso,Em entroncamento,Chuva,"Noite, com iluminação",Molhado,0,0,1,Outra Via,Via Secundária,,7.0,,Sem GPS - não estimado,2019,2,2,1,Madrugada,Inverno,0,0,3,1,0,0,0,0,0,0,0,0,0,0,0,0,1,1,0,0,0,0,0
230,20191659893,2019-02-01 09:30:00,Sexta-Feira,No sentido crescente da quilometragem,,,Direita,Dentro das localidades,Belém,Lisboa,Colisão,Colisão lateral com outro veículo em movimento,Recta,Em patamar,Sem berma ou impraticável,Em plena via,Em estado regular,Outra via,Dois sentidos,Com marcas,Inexistentes,Outros,Inexistentes,Betuminoso,Fora da intersecção,Bom tempo,Em pleno dia,Molhado,0,0,1,Arruamento com separador,Via Secundária,0,,Avenida Índia,Sem GPS - não estimado,2019,2,1,9,Manhã,Inverno,1,0,3,2,0,0,0,0,0,0,0,0,0,0,0,0,0,1,0,1,0,0,0
231,20191659963,2019-02-06 18:30:00,Quarta-Feira,NÃO DEFINIDO,,,Direita,Dentro das localidades,São Domingos de Benfica,,Colisão,Colisão traseira com outro veículo em movimento,Curva,Em patamar,Sem berma ou impraticável,Em plena via,Em bom estado,Estrada sem separador,Sentido único,Com marcas,Inexistentes,Outros,Inexistentes,Betuminoso,Em rotunda,Bom tempo,"Noite, com iluminação",Seco e limpo,0,0,1,Arruamento sem separador,Via Secundária,0,,Avenida General Correia Barreto,Sem GPS - não estimado,2019,2,6,18,Noite,Inverno,1,0,3,2,0,0,0,0,0,0,0,0,0,0,0,0,1,1,0,0,0,0,0
232,20191659992,2019-02-05 17:20:00,Terça-Feira,No sentido crescente da quilometragem,38.7227125,-9.1216458,Direita,Dentro das localidades,Penha de França,Lisboa,Atropelamento,Atropelamento de peões,Recta,Em patamar,Sem berma ou impraticável,Em plena via,Em estado regular,Outra via,Sentido único,Com marcas,Inexistentes,Outros,A funcionar normalmente,Betuminoso,Fora da intersecção,Bom tempo,Em pleno dia,Seco e limpo,0,0,1,Arruamento com separador,Via Secundária,0,,Avenida Mouzinho de Albuquerque,Sem GPS - estimado,2019,2,5,17,Tarde,Inverno,1,0,3,1,0,1,0,0,0,0,0,0,0,0,0,0,0,1,0,0,0,0,1
233,20191659996,2019-02-05 08:50:00,Terça-Feira,NÃO DEFINIDO,38.7597701999999,-9.1136889,Direita,Dentro das localidades,Santa Maria dos Olivais,Lisboa,Atropelamento,Atropelamento de peões,Recta,Em patamar,Berma pavimentada,Em plena via,Em estado regular,Estrada sem separador,Dois sentidos,Sem marcas rodoviárias ou pouco visíveis,Inexistentes,NÃO DEFINIDO,Inexistentes,Betuminoso,Fora da intersecção,Bom tempo,Em pleno dia,Seco e limpo,0,0,1,Arruamento sem separador,Via Secundária,2,,Rua Cidade de Margão,Sem GPS - estimado,2019,2,5,8,Manhã,Inverno,1,0,3,1,0,1,0,0,0,0,0,0,0,0,0,0,0,1,0,0,0,0,1
234,20191660004,2019-02-04 18:30:00,Segunda-Feira,No sentido crescente da quilometragem,,,Direita,Fora das localidades,Alcântara,,Colisão,Colisão lateral com outro veículo em movimento,Recta,Com inclinação,Sem berma ou impraticável,Em plena via,Em bom estado,Auto-estrada,Sentido único,Com marcas,Inexistentes,Outros,Inexistentes,Betuminoso,Fora da intersecção,Bom tempo,Aurora ou crepúsculo,Molhado,0,0,1,A  - Auto-Estrada,A2-PNT25ABRIL,,1.2,,Sem GPS - não estimado,2019,2,4,18,Noite,Inverno,1,0,3,2,0,0,0,0,0,0,0,0,0,0,0,0,0,1,0,1,0,0,0
235,20191660048,2019-02-05 17:30:00,Terça-Feira,No sentido crescente da quilometragem,38.697134,-9.17867,Central,Fora das localidades,Alcântara,Lisboa,Colisão,Colisão traseira com outro veículo em movimento,Recta,Em patamar,Berma pavimentada,Em plena via,Em estado regular,Auto-estrada,Sentido único,Com marcas,Inexistentes,Outros,Inexistentes,Betuminoso,Fora da intersecção,Bom tempo,Em pleno dia,Seco e limpo,0,0,1,A  - Auto-Estrada,A2-PNT25ABRIL,,3.4,,Localização GPS,2019,2,5,17,Tarde,Inverno,1,0,3,2,0,0,0,0,0,0,0,0,0,0,0,0,0,1,0,1,0,0,0
236,20191660138,2019-01-24 01:45:00,Quinta-Feira,NÃO DEFINIDO,,,Direita,Dentro das localidades,Alvalade,,Despiste,Despiste sem dispositivo de retenção,Recta,Em patamar,Berma pavimentada,Em plena via,Em estado regular,Outra via,Sentido único,Com marcas,Inexistentes,NÃO DEFINIDO,Inexistentes,Betuminoso,Fora da intersecção,Chuva,"Noite, sem iluminação",Molhado,0,0,1,Arruamento com separador,Via Secundária,0,,Avenida Cidade do Porto,Sem GPS - não estimado,2019,1,24,1,Madrugada,Inverno,1,0,3,1,0,0,0,0,0,0,0,0,0,0,0,0,0,0,0,1,0,0,0
237,20191660171,2019-02-06 08:40:00,Quarta-Feira,No sentido crescente da quilometragem,38.731306,-9.134482,Esquerda,Dentro das localidades,Arroios,Lisboa,Atropelamento,Atropelamento de peões,Recta,Em patamar,Sem berma ou impraticável,Em plena via,Em bom estado,Outra via,Sentido único,Com marcas,Inexistentes,Outros,A funcionar normalmente,Betuminoso,Em cruzamento,Bom tempo,Em pleno dia,Seco e limpo,0,0,1,Arruamento com separador,Via Secundária,108,,Avenida Almirante Reis,Localização GPS,2019,2,6,8,Manhã,Inverno,1,0,3,1,0,1,0,0,0,0,0,0,0,0,0,0,0,1,0,0,0,0,1
238,20191660174,2019-02-06 15:45:00,Quarta-Feira,NÃO DEFINIDO,38.7370957999999,-9.1493847,Esquerda,Dentro das localidades,Avenidas Novas,,Atropelamento,Atropelamento de peões,Recta,Com inclinação,Sem berma ou impraticável,Em plena via,Em bom estado,Estrada sem separador,Dois sentidos,Com marcas,Inexistentes,Passagem de peões,A funcionar normalmente,Betuminoso,Fora da intersecção,Bom tempo,Em pleno dia,Seco e limpo,0,0,1,Arruamento sem separador,Via Secundária,0,,Avenida Marquês Tomar,Sem GPS - estimado,2019,2,6,15,Tarde,Inverno,1,0,3,1,0,1,0,0,1,0,0,0,0,0,0,0,0,1,0,0,0,0,1
239,20191660176,2019-02-06 10:15:00,Quarta-Feira,NÃO DEFINIDO,38.726298,-9.135642,Esquerda,Dentro das localidades,Arroios,Lisboa,Atropelamento,Atropelamento de peões,Recta,Em patamar,Berma pavimentada,Em plena via,Em estado regular,Estrada sem separador,Dois sentidos,Com marcas,Correctamente sinalizados,Passagem de peões,Inexistentes,Betuminoso,Fora da intersecção,Bom tempo,Em pleno dia,Seco e limpo,0,0,1,Arruamento sem separador,Via Secundária,19,,Rua Febo Moniz,Localização GPS,2019,2,6,10,Manhã,Inverno,1,0,3,1,0,1,0,0,0,0,0,0,0,0,0,0,1,1,0,0,0,0,1
240,20191660192,2019-02-01 11:40:00,Sexta-Feira,NÃO DEFINIDO,,,Direita,Dentro das localidades,Belém,Lisboa,Colisão,Colisão lateral com outro veículo em movimento,Recta,Em patamar,Berma pavimentada,Em plena via,Em estado regular,Estrada sem separador,Dois sentidos,Com marcas,Inexistentes,NÃO DEFINIDO,Inexistentes,Calçada,Em cruzamento,Bom tempo,Em pleno dia,Seco e limpo,0,0,1,Arruamento sem separador,Via Secundária,0,,Rua Damião de Góis,Sem GPS - não estimado,2019,2,1,11,Manhã,Inverno,1,0,3,2,0,0,0,0,0,0,0,0,0,0,0,0,0,1,0,1,0,0,0
241,20191660194,2019-02-06 15:25:00,Quarta-Feira,No sentido decrescente da quilometragem,38.723361,-9.148348,Direita,Dentro das localidades,Santo António,Lisboa,Colisão,Colisão lateral com outro veículo em movimento,Recta,Com inclinação,Berma pavimentada,Em plena via,Em estado regular,Outra via,Sentido único,Com marcas,Inexistentes,NÃO DEFINIDO,A funcionar normalmente,Betuminoso,Em entroncamento,Bom tempo,Em pleno dia,Seco e limpo,0,0,1,Arruamento com separador,Via Secundária,0,,Rua Alexandre Herculano,Localização GPS,2019,2,6,15,Tarde,Inverno,1,0,3,2,0,0,0,0,0,0,0,0,0,0,0,0,0,1,0,1,0,0,0
242,20191660212,2019-01-30 00:10:00,Quarta-Feira,No sentido decrescente da quilometragem,,,Central,Dentro das localidades,São Domingos de Benfica,,Colisão,Colisão traseira com outro veículo em movimento,Recta,Em patamar,Berma não pavimentada,Em plena via,Em bom estado,Outra via,Sentido único,Com marcas,Inexistentes,Outros,Inexistentes,Betuminoso,Fora da intersecção,Bom tempo,"Noite, com iluminação",Seco e limpo,0,0,3,Arruamento com separador,2ª Circular,0,,Avenida Eusébio da Silva Ferreira,Sem GPS - não estimado,2019,1,30,0,Madrugada,Inverno,1,0,9,3,2,0,0,0,0,0,0,0,1,0,0,0,0,1,0,0,0,0,0
243,20191660237,2019-02-03 19:46:00,Domingo,NÃO DEFINIDO,38.706081,-9.182046,Direita,Dentro das localidades,Alcântara,Lisboa,Despiste,Despiste sem dispositivo de retenção,NÃO DEFINIDO,NÃO DEFINIDO,NÃO DEFINIDO,NÃO DEFINIDO,NÃO DEFINIDO,Estrada sem separador,Dois sentidos,NÃO DEFINIDO,Inexistentes,NÃO DEFINIDO,Inexistentes,NÃO DEFINIDO,Fora da intersecção,NÃO DEFINIDO,"Noite, com iluminação",NÃO DEFINIDO,0,0,2,Arruamento sem separador,Via Secundária,0,,Calçada Tapada,Localização GPS,2019,2,3,19,Noite,Inverno,0,0,6,1,1,0,0,0,0,0,0,0,0,0,1,0,0,0,0,1,0,0,0
244,20191660271,2019-02-03 22:20:00,Domingo,NÃO DEFINIDO,,,Direita,Dentro das localidades,Santa Maria dos Olivais,,Despiste,Despiste com dispositivo de retenção,Curva,Com inclinação,Sem berma ou impraticável,Em plena via,Em estado regular,Estrada sem separador,Sentido único,Com marcas,Inexistentes,Outros,Inexistentes,Betuminoso,Fora da intersecção,Bom tempo,"Noite, com iluminação",Molhado,0,0,2,Arruamento sem separador,Via Secundária,0,,Avenida Berlim,Sem GPS - não estimado,2019,2,3,22,Noite,Inverno,0,0,6,1,1,0,0,0,0,0,0,0,0,0,0,0,1,0,0,1,0,0,0
245,20191660272,2019-02-02 16:30:00,Sábado,NÃO DEFINIDO,,,Direita,Dentro das localidades,Alcântara,Lisboa,Colisão,Colisão traseira com outro veículo em movimento,Recta,Em patamar,Sem berma ou impraticável,Em plena via,Em estado regular,Estrada sem separador,Dois sentidos,Sem marcas rodoviárias ou pouco visíveis,Inexistentes,Outros,Inexistentes,Betuminoso,Fora da intersecção,Bom tempo,Em pleno dia,Seco e limpo,0,0,2,Arruamento sem separador,Via Secundária,0,,Avenida Brasília,Sem GPS - não estimado,2019,2,2,16,Tarde,Inverno,0,0,6,2,1,0,0,0,0,0,0,0,0,0,0,0,0,1,0,0,0,0,0
246,20191660318,2019-02-07 17:45:00,Quinta-Feira,NÃO DEFINIDO,38.7489794,-9.1545188,Esquerda,Dentro das localidades,Avenidas Novas,Lisboa,Atropelamento,Atropelamento de peões,Recta,Em patamar,Berma pavimentada,Em plena via,Em bom estado,Outra via,Sentido único,Com marcas,Inexistentes,Outros,A funcionar normalmente,Betuminoso,Em cruzamento,Bom tempo,Aurora ou crepúsculo,Seco e limpo,0,0,2,Arruamento com separador,Via Secundária,0,,Avenida Forças Armadas,Sem GPS - estimado,2019,2,7,17,Tarde,Inverno,1,0,6,1,0,1,0,0,0,0,0,0,0,0,0,0,0,0,0,1,0,0,1
247,20191660423,2019-02-03 23:45:00,Domingo,NÃO DEFINIDO,38.7169688,-9.1252957,Direita,Dentro das localidades,São Vicente,Lisboa,Colisão,Colisão com outras situações,Recta,Em patamar,Sem berma ou impraticável,Em plena via,Em mau estado,Estrada sem separador,Sentido único,Sem marcas rodoviárias ou pouco visíveis,Inexistentes,Outros,Inexistentes,Betuminoso,Em entroncamento,Bom tempo,"Noite, com iluminação",Seco e limpo,0,0,1,Arruamento sem separador,Via Secundária,18,,Rua Entremuros do Mirante,Sem GPS - estimado,2019,2,3,23,Noite,Inverno,0,0,3,1,0,0,0,0,0,0,0,0,0,0,0,0,0,0,0,1,0,0,0