,IdAcidente,Datahora,Dia da Semana,Sentidos,Latitude GPS,Longitude GPS,Via Trânsito,Localizações,Freguesia,Pov. Proxima,Tipo Natureza,Natureza,Tipo de Traçado,Inclinação do Traçado,Berma do Traçado,Localização do Traçado,Estado Conservação,Características Tecnicas,Reg Circulação,Marca Via,Obstáculos,Sinais,Sinais Luminosos,Tipo Piso,Intersecção Vias,Factores Atmosféricos,Luminosidade,Cond Aderência,VM,FG,FL,Tipos Vias,Via,Num arruamento,Km,Nome arruamento,Localização 2,Ano,Mês,Dia,Hora,Periodo,Estação,Dia Util,Gravidade,Indicador de Gravidade,Veículos envolvidos,Passageiros envolvidos,Peões envolvidos,Inf/Ação: Abertura de porta,Inf/Ação: Desrespeito da sinalização semafórica,Inf/Ação: Desrespeito da sinalização vertical,Inf/Ação: Desrespeito das distâncias de segurança,Inf/Ação: Desrespeito das marcas rodoviárias,Inf/Ação: Encandeamento,Inf/Ação: Manobra irregular,Inf/Ação: Não sinalização da manobra,Inf/Ação: Obstáculo imprevisto na faixa de rodagem,Inf/Ação: Rebentamento de pneumático,Inf/Ação: Velocidade excessiva para as condições existentes,Automóvel ligeiro,Automóvel pesado,Motociclos/Ciclomotores,Outros Veículos,Velocípedes,Peões
331,20191662691,2019-02-20 08:15:00,Quarta-Feira,NÃO DEFINIDO,38.7043155,-9.1737361,Esquerda,Dentro das localidades,Estrela,,Colisão,Colisão com outras situações,Recta,Em patamar,Sem berma ou impraticável,Em plena via,Em estado regular,Estrada sem separador,Dois sentidos,Com marcas,Inexistentes,Outros,Inexistentes,Betuminoso,Em entroncamento,Bom tempo,Em pleno dia,Seco e limpo,0,0,1,Arruamento sem separador,Via Secundária,178,,Avenida 24 de Julho,Sem GPS - estimado,2019,2,20,8,Manhã,Inverno,1,0,3,2,0,0,0,0,0,0,0,0,0,0,0,0,0,1,0,1,0,0,0
332,20191662712,2019-02-18 05:00:00,Segunda-Feira,No sentido decrescente da quilometragem,38.744647,-9.139118,Direita,Dentro das localidades,Areeiro,Lisboa,Colisão,Colisão com veiculo ou obstáculo na faixa de rodagem,Recta,Em patamar,Berma pavimentada,Em plena via,Em estado regular,Outra via,Sentido único,Com marcas,Inexistentes,Passagem de peões,A funcionar normalmente,Betuminoso,Em cruzamento,Bom tempo,"Noite, com iluminação",Seco e limpo,0,0,2,Arruamento com separador,Via Secundária,0,,Avenida Roma,Localização GPS,2019,2,18,5,Madrugada,Inverno,1,0,6,2,1,0,0,0,0,0,0,0,0,0,0,0,1,1,0,0,0,0,0
333,20191662731,2019-02-15 15:00:00,Sexta-Feira,NÃO DEFINIDO,38.7606809999999,-9.1676956,Direita,Dentro das localidades,Lumiar,,Atropelamento,Atropelamento de peões,Recta,Em patamar,Sem berma ou impraticável,Em plena via,Em bom estado,Estrada sem separador,Sentido único,Sem marcas rodoviárias ou pouco visíveis,Inexistentes,Outros,Inexistentes,Betuminoso,Fora da intersecção,Bom tempo,Em pleno dia,Seco e limpo,0,0,1,Arruamento sem separador,Via Secundária,24,,Rua Professor Francisco Gentil,Sem GPS - estimado,2019,2,15,15,Tarde,Inverno,1,0,3,1,0,1,0,0,0,0,0,0,0,0,0,0,0,1,0,0,0,0,1
334,20191662800,2019-02-22 21:30:00,Sexta-Feira,NÃO DEFINIDO,38.7515384,-9.1898448,Direita,Dentro das localidades,Benfica,Lisboa,Colisão,Colisão lateral com outro veículo em movimento,Recta,Em patamar,Berma pavimentada,Em plena via,Em bom estado,Estrada sem separador,Dois sentidos,Com marcas,Inexistentes,Outros,Inexistentes,Betuminoso,Fora da intersecção,Bom tempo,"Noite, com iluminação",Seco e limpo,0,0,1,Arruamento sem separador,Via Secundária,28,,Avenida Colégio Militar,Sem GPS - estimado,2019,2,22,21,Noite,Inverno,1,0,3,2,0,0,0,0,0,0,0,0,0,0,0,0,0,1,0,1,0,0,0
335,20191662826,2019-02-22 17:30:00,Sexta-Feira,No sentido crescente da quilometragem,,,Direita,Dentro das localidades,Avenidas Novas,Lisboa,Colisão,Colisão lateral com outro veículo em movimento,Recta,Em patamar,Berma pavimentada,Em plena via,Em bom estado,Outra via,Sentido único,Com marcas,Inexistentes,Outros,A funcionar normalmente,Betuminoso,Em cruzamento,Bom tempo,Em pleno dia,Seco e limpo,0,0,1,Arruamento com separador,Via Secundária,0,,Praça Duque Saldanha,Sem GPS - não estimado,2019,2,22,17,Tarde,Inverno,1,0,3,2,0,0,0,0,0,0,0,0,0,0,0,0,0,1,0,1,0,0,0
336,20191662840,2019-01-30 18:30:00,Quarta-Feira,NÃO DEFINIDO,,,Direita,Dentro das localidades,Belém,Lisboa,Colisão,Colisão com outras situações,Curva,Em patamar,Berma pavimentada,Na berma,Em bom estado,Estrada sem separador,Sentido único,Sem marcas rodoviárias ou pouco visíveis,Inexistentes,NÃO DEFINIDO,Inexistentes,Betão de cimento,Fora da intersecção,Bom tempo,"Noite, com iluminação",Seco e limpo,0,0,1,Arruamento sem separador,Via Secundária,0,,Avenida Descobertas,Sem GPS - não estimado,2019,1,30,18,Noite,Inverno,1,0,3,2,0,0,0,0,0,0,0,0,0,0,0,0,0,1,0,0,0,0,0
337,20191662873,2019-02-17 21:47:00,Domingo,NÃO DEFINIDO,38.74039,-9.11261,Direita,Dentro das localidades,Marvila,Lisboa,Atropelamento,Atropelamento com fuga,Recta,Em patamar,Berma pavimentada,Em plena via,Em estado regular,Estrada sem separador,Dois sentidos,Sem marcas rodoviárias ou pouco visíveis,Inexistentes,NÃO DEFINIDO,Inexistentes,Betuminoso,Em entroncamento,Chuva,"Noite, com iluminação",Seco e limpo,0,0,1,Arruamento sem separador,Via Secundária,0,,Rua Pedro Homem de Melo,Sem GPS - estimado,2019,2,17,21,Noite,Inverno,0,0,3,1,0,1,0,0,0,0,0,0,0,0,0,0,0,1,0,0,0,0,1
338,20191662899,2019-02-16 11:30:00,Sábado,No sentido decrescente da quilometragem,,,Direita,Dentro das localidades,Campolide,Lisboa,Despiste,Despiste sem dispositivo de retenção,Curva,Com inclinação,Berma pavimentada,Em plena via,Em bom estado,Outra via,Sentido único,Sem marcas rodoviárias ou pouco visíveis,Inexistentes,Outros,Inexistentes,Betuminoso,Fora da intersecção,Bom tempo,Em pleno dia,Seco e limpo,0,0,1,IP - Itinerário Principal,IP7,,9.4,,Sem GPS - não estimado,2019,2,16,11,Manhã,Inverno,0,0,3,1,0,0,0,0,0,0,0,0,0,0,0,0,0,0,0,1,0,0,0
339,20191662953,2019-02-22 14:20:00,Sexta-Feira,NÃO DEFINIDO,38.7508132,-9.2014799,Direita,Dentro das localidades,Benfica,Lisboa,Atropelamento,Atropelamento de peões,Recta,Em patamar,Berma pavimentada,Em plena via,Em bom estado,Estrada sem separador,Dois sentidos,Com marcas,Inexistentes,NÃO DEFINIDO,A funcionar normalmente,Betuminoso,Fora da intersecção,Bom tempo,Em pleno dia,Seco e limpo,0,0,1,Arruamento sem separador,Via Secundária,652,,Estrada Benfica,Sem GPS - estimado,2019,2,22,14,Tarde,Inverno,1,0,3,1,0,1,0,0,0,0,0,0,0,0,0,0,0,0,1,0,0,0,1
340,20191663008,2019-02-18 16:15:00,Segunda-Feira,NÃO DEFINIDO,38.7475428,-9.1183204,Direita,Dentro das localidades,Marvila,,Colisão,Colisão com outras situações,Recta,Com inclinação,Berma pavimentada,Em plena via,Em bom estado,Estrada sem separador,Sentido único,Com marcas,Inexistentes,NÃO DEFINIDO,Inexistentes,Betuminoso,Fora da intersecção,Bom tempo,Em pleno dia,Seco e limpo,0,0,1,Arruamento sem separador,Via Secundária,1,,Avenida Ucrânia,Sem GPS - estimado,2019,2,18,16,Tarde,Inverno,1,0,3,2,0,0,0,0,0,0,0,0,0,0,0,0,0,1,0,0,0,1,0
341,20191663019,2019-02-09 21:00:00,Sábado,NÃO DEFINIDO,,,Direita,Dentro das localidades,Marvila,,Colisão,Colisão lateral com outro veículo em movimento,Curva,Em patamar,Sem berma ou impraticável,Em plena via,Em estado regular,Estrada sem separador,Dois sentidos,Com marcas,Inexistentes,Outros,Inexistentes,Betuminoso,Fora da intersecção,Bom tempo,"Noite, com iluminação",Seco e limpo,0,0,1,Arruamento sem separador,Via Secundária,0,,Rua Luís Cristino da Silva,Sem GPS - não estimado,2019,2,9,21,Noite,Inverno,0,0,3,2,0,0,0,0,0,0,0,0,0,0,0,0,0,1,0,1,0,0,0
342,20191663029,2019-02-16 16:30:00,Sábado,No sentido crescente da quilometragem,,,Direita,Fora das localidades,Alcântara,,Colisão,Colisão com outras situações,Recta,Em patamar,Berma pavimentada,Em plena via,Em bom estado,Auto-estrada,Sentido único,Com marcas,Inexistentes,Outros,Inexistentes,NÃO DEFINIDO,Fora da intersecção,Bom tempo,Em pleno dia,Seco e limpo,0,0,2,A  - Auto-Estrada,A2-PNT25ABRIL,,3.65,,Sem GPS - não estimado,2019,2,16,16,Tarde,Inverno,0,0,6,4,1,0,0,0,0,0,0,0,0,0,0,0,0,1,0,1,0,0,0
343,20191663034,2019-02-21 09:00:00,Quinta-Feira,No sentido decrescente da quilometragem,,,Central,Fora das localidades,Alcântara,Lisboa,Colisão,Colisão lateral com outro veículo em movimento,Recta,Em patamar,Sem berma ou impraticável,Em plena via,Em bom estado,Auto-estrada,Sentido único,Sem marcas rodoviárias ou pouco visíveis,Inexistentes,Outros,Inexistentes,Betuminoso,Fora da intersecção,Bom tempo,Em pleno dia,Seco e limpo,0,0,1,A  - Auto-Estrada,A2-PNT25ABRIL,,2.9,,Sem GPS - não estimado,2019,2,21,9,Manhã,Inverno,1,0,3,2,0,0,0,0,0,0,0,0,0,0,0,0,0,1,0,1,0,0,0
344,20191663035,2019-02-17 18:00:00,Domingo,No sentido crescente da quilometragem,38.7404013,-9.1444737,Direita,Dentro das localidades,Avenidas Novas,Lisboa,Colisão,Colisão com outras situações,Recta,Em patamar,Berma pavimentada,Em plena via,Em bom estado,Outra via,Sentido único,Sem marcas rodoviárias ou pouco visíveis,Inexistentes,Outros,A funcionar normalmente,Betão de cimento,Em cruzamento,Chuva,Aurora ou crepúsculo,Molhado,0,0,2,Arruamento com separador,Via Secundária,54,,Avenida Defensores de Chaves,Sem GPS - estimado,2019,2,17,18,Noite,Inverno,0,0,6,3,1,0,0,0,0,0,0,0,0,0,0,0,0,1,0,0,0,0,0
345,20191663051,2019-02-13 11:30:00,Quarta-Feira,NÃO DEFINIDO,38.7441354,-9.1580954,Direita,Dentro das localidades,Avenidas Novas,,Colisão,Colisão traseira com outro veículo em movimento,Recta,Em patamar,Berma pavimentada,Em plena via,Em bom estado,Estrada sem separador,Sentido único,Sem marcas rodoviárias ou pouco visíveis,Inexistentes,Outros,Inexistentes,Betuminoso,Fora da intersecção,Bom tempo,Em pleno dia,Seco e limpo,0,0,1,Arruamento sem separador,Via Secundária,124,,Rua Beneficência,Sem GPS - estimado,2019,2,13,11,Manhã,Inverno,1,0,3,5,0,0,0,0,0,0,0,0,0,0,0,0,1,1,0,0,1,0,0
346,20191663055,2019-02-18 09:10:00,Segunda-Feira,NÃO DEFINIDO,38.7407457,-9.1465095,Direita,Dentro das localidades,Avenidas Novas,,Despiste,Despiste sem dispositivo de retenção,Recta,Em patamar,Sem berma ou impraticável,Em via ou pista reservada,Em estado regular,Outra via,Sentido único,Com marcas,Inexistentes,Outros,A funcionar normalmente,Betuminoso,Fora da intersecção,Bom tempo,Em pleno dia,Seco e limpo,0,0,1,Arruamento com separador,Via Secundária,7,,Avenida República,Sem GPS - estimado,2019,2,18,9,Manhã,Inverno,1,0,3,1,0,0,0,0,0,0,0,0,0,0,0,0,0,0,0,0,0,1,0
347,20191663083,2019-02-19 22:10:00,Terça-Feira,No sentido crescente da quilometragem,,,Direita,Dentro das localidades,Carnide,Lisboa,Colisão,Colisão com outras situações,Curva,Com inclinação,Sem berma ou impraticável,Em plena via,Em bom estado,Outra via,Sentido único,Com marcas,Inexistentes,Outros,A funcionar normalmente,Betuminoso,Fora da intersecção,Bom tempo,"Noite, com iluminação",Seco e limpo,0,0,2,IP - Itinerário Principal,IP7,,5.7,,Sem GPS - não estimado,2019,2,19,22,Noite,Inverno,1,0,6,6,1,0,0,0,0,0,0,0,0,0,0,0,1,1,0,0,0,0,0
348,20191663152,2019-02-18 12:45:00,Segunda-Feira,NÃO DEFINIDO,,,Direita,Dentro das localidades,Benfica,,Colisão,Colisão lateral com outro veículo em movimento,Recta,Em patamar,Berma pavimentada,Em plena via,Em estado regular,Estrada sem separador,Dois sentidos,Com marcas,Inexistentes,NÃO DEFINIDO,Inexistentes,Betuminoso,Fora da intersecção,Bom tempo,Em pleno dia,Seco e limpo,0,0,1,Arruamento sem separador,Via Secundária,0,,Estrada Monsanto,Sem GPS - não estimado,2019,2,18,12,Tarde,Inverno,1,0,3,2,0,0,0,0,0,0,0,0,0,0,0,0,0,1,0,1,0,0,0
349,20191663166,2019-02-19 22:45:00,Terça-Feira,No sentido decrescente da quilometragem,,,Direita,Dentro das localidades,São Domingos de Benfica,,Colisão,Colisão traseira com outro veículo em movimento,Recta,Com inclinação,Sem berma ou impraticável,Em plena via,Em estado regular,Outra via,Sentido único,Com marcas,Inexistentes,Outros,Inexistentes,Betuminoso,Em entroncamento,Bom tempo,"Noite, com iluminação",Seco e limpo,0,0,2,Arruamento com separador,Via Secundária,0,,Rua Ernâni Lopes,Sem GPS - não estimado,2019,2,19,22,Noite,Inverno,1,0,6,2,0,0,0,0,0,0,0,0,0,0,0,0,0,1,0,0,0,0,0
350,20191663204,2019-02-18 14:30:00,Segunda-Feira,NÃO DEFINIDO,,,Direita,Dentro das localidades,Avenidas Novas,,Colisão,Colisão lateral com outro veículo em movimento,Recta,Em patamar,Berma pavimentada,Em plena via,Em estado regular,Estrada sem separador,Dois sentidos,Com marcas,Inexistentes,Outros,A funcionar normalmente,Betuminoso,Em cruzamento,Bom tempo,Em pleno dia,Seco e limpo,0,0,1,Arruamento sem separador,Via Secundária,0,,Avenida República,Sem GPS - não estimado,2019,2,18,14,Tarde,Inverno,1,0,3,2,1,0,0,0,0,0,0,0,0,0,0,0,0,1,0,0,0,0,0
351,20191663232,2019-02-20 22:00:00,Quarta-Feira,NÃO DEFINIDO,,,Direita,Dentro das localidades,Estrela,Lisboa,Colisão,Colisão frontal,Recta,Em patamar,Berma pavimentada,Em via ou pista reservada,Em bom estado,Estrada sem separador,Dois sentidos,Com marcas,Inexistentes,NÃO DEFINIDO,Inexistentes,Betuminoso,Fora da intersecção,Bom tempo,"Noite, com iluminação",Seco e limpo,0,0,1,Arruamento sem separador,Via Secundária,0,,Cais Rocha de Conde D'Óbidos,Sem GPS - não estimado,2019,2,20,22,Noite,Inverno,1,0,3,2,0,0,0,0,0,0,0,0,0,0,0,0,0,0,0,0,0,1,0
352,20191663242,2019-02-14 15:20:00,Quinta-Feira,NÃO DEFINIDO,,,Central,Dentro das localidades,Lumiar,,Colisão,Colisão lateral com outro veículo em movimento,Recta,Com inclinação,Berma pavimentada,Em plena via,Em estado regular,Estrada sem separador,Dois sentidos,Com marcas,Inexistentes,Outros,A funcionar normalmente,Betuminoso,Em cruzamento,Bom tempo,Em pleno dia,Seco e limpo,0,0,2,Arruamento sem separador,Via Secundária,0,,Calçada Carriche,Sem GPS - não estimado,2019,2,14,15,Tarde,Inverno,1,0,6,2,1,0,0,1,0,0,0,0,0,0,0,0,0,1,0,0,0,0,0
353,20191663245,2019-02-24 17:20:00,Domingo,NÃO DEFINIDO,38.6965294999999,-9.2208245,Direita,Dentro das localidades,Belém,,Atropelamento,Atropelamento de peões,Curva,Em patamar,Berma pavimentada,Em plena via,Em estado regular,Estrada sem separador,Dois sentidos,Sem marcas rodoviárias ou pouco visíveis,Inexistentes,Passagem de peões,Inexistentes,Calçada,Em entroncamento,Bom tempo,Em pleno dia,Seco e limpo,0,0,2,Arruamento sem separador,Via Secundária,0.00,,Rua Pedrouços,Sem GPS - estimado,2019,2,24,17,Tarde,Inverno,0,0,6,1,0,2,0,0,0,0,0,0,0,0,0,0,0,1,0,0,0,0,1
354,20191663261,2019-02-14 12:15:00,Quinta-Feira,NÃO DEFINIDO,,,Direita,Dentro das localidades,Belém,,Despiste,Despiste sem dispositivo de retenção,Recta,Em patamar,Berma pavimentada,Em plena via,Em estado regular,Estrada sem separador,Dois sentidos,Com marcas,Inexistentes,Outros,A funcionar normalmente,Betuminoso,Fora da intersecção,Bom tempo,Em pleno dia,Seco e limpo,0,0,1,Arruamento sem separador,Via Secundária,0,,Avenida Brasília,Sem GPS - não estimado,2019,2,14,12,Tarde,Inverno,1,0,3,1,0,0,0,0,0,0,0,0,0,0,0,0,0,0,0,0,1,0,0
355,20191663262,2019-02-20 10:00:00,Quarta-Feira,NÃO DEFINIDO,38.7107177999999,-9.144527,Direita,Dentro das localidades,Misericórdia,Lisboa,Atropelamento,Atropelamento de peões,Recta,Em patamar,Sem berma ou impraticável,Em plena via,Em bom estado,Estrada sem separador,Sentido único,Sem marcas rodoviárias ou pouco visíveis,Inexistentes,Outros,Inexistentes,Betuminoso,Em entroncamento,Bom tempo,Em pleno dia,Seco e limpo,0,0,1,Arruamento sem separador,Via Secundária,34,,Rua do Loreto,Sem GPS - estimado,2019,2,20,10,Manhã,Inverno,1,0,3,1,0,1,0,0,0,0,0,0,1,0,0,0,0,1,0,0,0,0,1
356,20191663273,2019-02-25 12:15:00,Segunda-Feira,NÃO DEFINIDO,38.7349905,-9.1357908,Direita,Dentro das localidades,Arroios,Lisboa,Atropelamento,Atropelamento de peões,Recta,Com inclinação,Berma pavimentada,No passeio,Em estado regular,Estrada sem separador,Sentido único,Sem marcas rodoviárias ou pouco visíveis,Inexistentes,Outros,Inexistentes,Calçada,Fora da intersecção,Bom tempo,Em pleno dia,Seco e limpo,0,0,1,Arruamento sem separador,Via Secundária,6,,Travessa Freiras a Arroios,Sem GPS - estimado,2019,2,25,12,Tarde,Inverno,1,0,3,1,0,1,0,0,0,0,0,0,1,0,0,0,0,1,0,0,0,0,1
357,20191663275,2019-02-19 10:40:00,Terça-Feira,No sentido decrescente da quilometragem,,,Esquerda,Dentro das localidades,Benfica,Lisboa,Colisão,Colisão lateral com outro veículo em movimento,Curva,Em patamar,Sem berma ou impraticável,Em plena via,Em estado regular,Outra via,Sentido único,Com marcas,Inexistentes,Outros,Inexistentes,Betuminoso,Fora da intersecção,Bom tempo,Em pleno dia,Seco e limpo,0,0,1,IC - Itinerário Complementar,IC19,,0.2,,Sem GPS - não estimado,2019,2,19,10,Manhã,Inverno,1,0,3,2,0,0,0,0,0,0,0,0,0,0,0,0,0,1,0,1,0,0,0
358,20191663278,2019-02-20 13:35:00,Quarta-Feira,NÃO DEFINIDO,38.721377,-9.151834,Direita,Dentro das localidades,Santo António,Lisboa,Colisão,Colisão com fuga,NÃO DEFINIDO,NÃO DEFINIDO,NÃO DEFINIDO,NÃO DEFINIDO,NÃO DEFINIDO,Estrada sem separador,Dois sentidos,NÃO DEFINIDO,Inexistentes,NÃO DEFINIDO,Inexistentes,Betuminoso,Fora da intersecção,NÃO DEFINIDO,Em pleno dia,NÃO DEFINIDO,0,0,1,Arruamento sem separador,Via Secundária,0,,Rua Alexandre Herculano,Localização GPS,2019,2,20,13,Tarde,Inverno,1,0,3,2,0,0,0,0,0,0,0,0,0,0,0,0,0,1,0,1,0,0,0
359,20191663281,2019-02-20 08:20:00,Quarta-Feira,NÃO DEFINIDO,38.7713522999999,-9.1075209,Direita,Dentro das localidades,Santa Maria dos Olivais,,Atropelamento,Atropelamento de peões,Recta,Em patamar,Sem berma ou impraticável,Em plena via,Em bom estado,Estrada sem separador,Dois sentidos,Com marcas,Inexistentes,Passagem de peões,Inexistentes,Betuminoso,Fora da intersecção,Bom tempo,Em pleno dia,Seco e limpo,0,0,1,Arruamento sem separador,Via Secundária,0,,Avenida Doutor Francisco Luís Gomes,Sem GPS - estimado,2019,2,20,8,Manhã,Inverno,1,0,3,1,0,1,0,0,0,0,0,0,0,0,0,0,0,0,1,0,0,0,1
360,20191663330,2019-02-15 21:05:00,Sexta-Feira,NÃO DEFINIDO,38.7065697,-9.1497747,Esquerda,Dentro das localidades,Misericórdia,,Colisão,Colisão com outras situações,Recta,Em patamar,Sem berma ou impraticável,Em via ou pista reservada,Em bom estado,Estrada sem separador,Dois sentidos,Com marcas,Inexistentes,Outros,Inexistentes,Betuminoso,Em via de aceleração,Bom tempo,"Noite, com iluminação",Seco e limpo,0,0,1,Arruamento sem separador,Via Secundária,20,,Avenida 24 de Julho,Sem GPS - estimado,2019,2,15,21,Noite,Inverno,1,0,3,2,0,0,0,0,0,0,0,0,0,0,0,0,0,0,0,0,1,1,0
361,20191663353,2019-02-21 20:10:00,Quinta-Feira,NÃO DEFINIDO,38.7265358,-9.1353958,Esquerda,Dentro das localidades,Arroios,Lisboa,Atropelamento,Atropelamento de peões,Recta,Em patamar,Sem berma ou impraticável,Em plena via,Em estado regular,Estrada sem separador,Dois sentidos,Com marcas,Correctamente sinalizados,Passagem de peões,Inexistentes,Betuminoso,Fora da intersecção,Bom tempo,"Noite, com iluminação",Seco e limpo,0,0,1,Arruamento sem separador,Via Secundária,4,,Rua Febo Moniz,Sem GPS - estimado,2019,2,21,20,Noite,Inverno,1,0,3,1,0,1,0,0,0,0,0,0,0,0,0,0,0,0,0,1,0,0,1
362,20191663395,2019-02-26 21:05:00,Terça-Feira,NÃO DEFINIDO,38.7540245,-9.1388113,Direita,Dentro das localidades,Alvalade,,Atropelamento,Atropelamento de peões,Recta,Em patamar,Berma pavimentada,Em plena via,Em estado regular,Outra via,Sentido único,Com marcas,Inexistentes,Passagem de peões,Inexistentes,Betuminoso,Fora da intersecção,Bom tempo,"Noite, com iluminação",Seco e limpo,0,0,1,Arruamento com separador,Via Secundária,0,,Avenida Rio de Janeiro,Sem GPS - estimado,2019,2,26,21,Noite,Inverno,1,0,3,1,0,1,0,0,0,1,0,0,0,0,0,0,0,1,0,0,0,0,1
363,20191663428,2019-02-20 10:00:00,Quarta-Feira,NÃO DEFINIDO,38.7364267,-9.1492211,Esquerda,Dentro das localidades,Avenidas Novas,Lisboa,Atropelamento,Atropelamento de peões,Recta,Em patamar,Berma pavimentada,Em plena via,Em bom estado,Outra via,Sentido único,Com marcas,Inexistentes,Outros,A funcionar normalmente,Betuminoso,Fora da intersecção,Bom tempo,Em pleno dia,Seco e limpo,0,0,1,Arruamento com separador,Via Secundária,20,,Avenida Marquês Tomar,Sem GPS - estimado,2019,2,20,10,Manhã,Inverno,1,0,3,1,0,1,0,0,0,0,0,0,0,0,0,0,0,1,0,0,0,0,1
364,20191663466,2019-02-21 17:30:00,Quinta-Feira,No sentido crescente da quilometragem,38.722356,-9.175247,Direita,Dentro das localidades,Alcântara,,Atropelamento,Atropelamento de peões,Recta,Em patamar,Sem berma ou impraticável,Em plena via,Em bom estado,Outra via,Sentido único,Com marcas,Inexistentes,Outros,A funcionar normalmente,Betuminoso,Em entroncamento,Bom tempo,Em pleno dia,Seco e limpo,0,0,2,Arruamento com separador,Via Secundária,0,,Avenida Ceuta,Localização GPS,2019,2,21,17,Tarde,Inverno,1,0,6,1,0,1,0,0,0,0,0,0,0,0,0,0,0,0,0,1,0,0,1
365,20191663477,2019-02-15 22:30:00,Sexta-Feira,NÃO DEFINIDO,,,Central,Dentro das localidades,Parque das Nações,,Colisão,Colisão traseira com outro veículo em movimento,Recta,Com inclinação,Berma não pavimentada,Em plena via,Em estado regular,Estrada sem separador,Dois sentidos,Com marcas,Inexistentes,Outros,A funcionar normalmente,Betuminoso,Fora da intersecção,Bom tempo,"Noite, com iluminação",Seco e limpo,0,0,1,Arruamento sem separador,Via Secundária,0,,Avenida Berlim,Sem GPS - não estimado,2019,2,15,22,Noite,Inverno,1,0,3,2,0,0,0,0,0,0,0,0,0,0,0,0,0,1,0,1,0,0,0
366,20191663568,2019-02-25 10:50:00,Segunda-Feira,NÃO DEFINIDO,,,Direita,Dentro das localidades,Alvalade,Lisboa,Despiste,Despiste sem dispositivo de retenção,Curva,Em patamar,Berma pavimentada,Em plena via,Em estado regular,Estrada sem separador,Sentido único,Sem marcas rodoviárias ou pouco visíveis,Inexistentes,NÃO DEFINIDO,A funcionar normalmente,Betuminoso,Em entroncamento,Bom tempo,Em pleno dia,Seco e limpo,0,0,1,Arruamento sem separador,2ª Circular,0,,Avenida General Norton de Matos,Sem GPS - não estimado,2019,2,25,10,Manhã,Inverno,1,0,3,1,0,0,0,0,0,0,0,0,0,0,0,0,0,0,0,1,0,0,0
367,20191663578,2019-02-26 08:55:00,Terça-Feira,NÃO DEFINIDO,,,Direita,Dentro das localidades,Alcântara,Lisboa,Colisão,Colisão traseira com outro veículo em movimento,Recta,Em patamar,Berma pavimentada,Em plena via,Em bom estado,Estrada sem separador,Dois sentidos,Com marcas,Inexistentes,Outros,A funcionar normalmente,Betuminoso,Em entroncamento,Bom tempo,Em pleno dia,Seco e limpo,0,0,1,Arruamento sem separador,Via Secundária,0,,Avenida Índia,Sem GPS - não estimado,2019,2,26,8,Manhã,Inverno,1,0,3,2,0,0,0,0,0,0,0,0,0,0,0,0,1,1,0,1,0,0,0
368,20191663591,2019-02-26 12:30:00,Terça-Feira,NÃO DEFINIDO,38.7199686,-9.1428501,Direita,Dentro das localidades,Santo António,,Atropelamento,Atropelamento de peões,Recta,Com inclinação,Sem berma ou impraticável,Em plena via,Em bom estado,Estrada sem separador,Sentido único,Sem marcas rodoviárias ou pouco visíveis,Inexistentes,Outros,Inexistentes,Calçada,Fora da intersecção,Bom tempo,Em pleno dia,Seco e limpo,0,0,1,Arruamento sem separador,Via Secundária,40,,Rua Fé,Sem GPS - estimado,2019,2,26,12,Tarde,Inverno,1,0,3,1,0,1,0,0,0,0,0,0,0,0,0,0,0,1,0,0,0,0,1
369,20191663621,2019-02-26 09:00:00,Terça-Feira,NÃO DEFINIDO,38.746865,-9.165395,Direita,Dentro das localidades,São Domingos de Benfica,,Colisão,Colisão com veiculo ou obstáculo na faixa de rodagem,Recta,Com inclinação,Berma pavimentada,Em plena via,Em estado regular,Estrada sem separador,Sentido único,Sem marcas rodoviárias ou pouco visíveis,Inexistentes,Outros,Inexistentes,Betuminoso,Fora da intersecção,Bom tempo,Em pleno dia,Seco e limpo,0,0,1,Arruamento sem separador,Via Secundária,8,,Rua General Firmino Miguel,Localização GPS,2019,2,26,9,Manhã,Inverno,1,0,3,2,0,0,0,0,0,0,0,0,1,0,0,0,0,1,0,1,0,0,0
370,20191663643,2019-02-23 19:30:00,Sábado,NÃO DEFINIDO,38.774,-9.1168,Direita,Dentro das localidades,Santa Maria dos Olivais,Lisboa,Atropelamento,Atropelamento de peões,Recta,Em patamar,Berma pavimentada,Em plena via,Em bom estado,Estrada sem separador,Dois sentidos,Sem marcas rodoviárias ou pouco visíveis,Inexistentes,Outros,Inexistentes,Betuminoso,Fora da intersecção,Bom tempo,"Noite, com iluminação",Seco e limpo,0,0,1,Arruamento sem separador,Via Secundária,0,,Rua Lojistas,Sem GPS - estimado,2019,2,23,19,Noite,Inverno,0,0,3,1,0,1,0,0,0,0,0,0,0,0,0,0,0,1,0,0,0,0,1
371,20191663677,2019-02-22 14:45:00,Sexta-Feira,No sentido decrescente da quilometragem,,,Esquerda,Dentro das localidades,Lumiar,Lisboa,Colisão,Colisão lateral com outro veículo em movimento,Recta,Em patamar,Berma pavimentada,Em plena via,Em estado regular,Outra via,Sentido único,Com marcas,Inexistentes,Outros,A funcionar normalmente,Betuminoso,Em entroncamento,Bom tempo,Em pleno dia,Seco e limpo,0,0,1,Arruamento com separador,Via Secundária,0,,Avenida Padre Cruz,Sem GPS - não estimado,2019,2,22,14,Tarde,Inverno,1,0,3,2,0,0,0,0,0,0,0,0,0,0,0,0,0,1,0,0,0,0,0