,IdAcidente,Datahora,Dia da Semana,Sentidos,Latitude GPS,Longitude GPS,Via Trânsito,Localizações,Freguesia,Pov. Proxima,Tipo Natureza,Natureza,Tipo de Traçado,Inclinação do Traçado,Berma do Traçado,Localização do Traçado,Estado Conservação,Características Tecnicas,Reg Circulação,Marca Via,Obstáculos,Sinais,Sinais Luminosos,Tipo Piso,Intersecção Vias,Factores Atmosféricos,Luminosidade,Cond Aderência,VM,FG,FL,Tipos Vias,Via,Num arruamento,Km,Nome arruamento,Localização 2,Ano,Mês,Dia,Hora,Periodo,Estação,Dia Util,Gravidade,Indicador de Gravidade,Veículos envolvidos,Passageiros envolvidos,Peões envolvidos,Inf/Ação: Abertura de porta,Inf/Ação: Desrespeito da sinalização semafórica,Inf/Ação: Desrespeito da sinalização vertical,Inf/Ação: Desrespeito das distâncias de segurança,Inf/Ação: Desrespeito das marcas rodoviárias,Inf/Ação: Encandeamento,Inf/Ação: Manobra irregular,Inf/Ação: Não sinalização da manobra,Inf/Ação: Obstáculo imprevisto na faixa de rodagem,Inf/Ação: Rebentamento de pneumático,Inf/Ação: Velocidade excessiva para as condições existentes,Automóvel ligeiro,Automóvel pesado,Motociclos/Ciclomotores,Outros Veículos,Velocípedes,Peões
538,20191666913,2019-03-18 11:50:00,Segunda-Feira,No sentido decrescente da quilometragem,38.748686,-9.2023,Direita,Dentro das localidades,Benfica,Lisboa,Atropelamento,Atropelamento de peões,Curva,Em patamar,Berma pavimentada,Em plena via,Em estado regular,Outra via,Sentido único,Sem marcas rodoviárias ou pouco visíveis,Inexistentes,Passagem de peões,Intermitente,Betuminoso,Fora da intersecção,Bom tempo,Em pleno dia,Seco e limpo,0,2,0,Arruamento com separador,Via Secundária,21,,Alameda Padre Álvaro Proença,Localização GPS,2019,3,18,11,Manhã,Inverno,1,1,20,1,0,2,0,0,0,0,0,0,0,0,0,0,0,1,0,0,0,0,1
539,20191666953,2019-03-15 18:20:00,Sexta-Feira,NÃO DEFINIDO,38.7061027,-9.1797997,Direita,Dentro das localidades,Alcântara,Lisboa,Colisão,Colisão traseira com outro veículo em movimento,Recta,Com inclinação,Sem berma ou impraticável,Em plena via,Em estado regular,Estrada sem separador,Dois sentidos,Sem marcas rodoviárias ou pouco visíveis,Inexistentes,Outros,Inexistentes,Betuminoso,Fora da intersecção,Bom tempo,Aurora ou crepúsculo,Seco e limpo,0,0,2,Arruamento sem separador,Via Secundária,63,,Calçada Tapada,Sem GPS - estimado,2019,3,15,18,Noite,Inverno,1,0,6,2,1,0,0,0,0,0,0,0,0,0,0,0,0,1,0,0,0,0,0
540,20191666969,2019-03-14 12:20:00,Quinta-Feira,No sentido decrescente da quilometragem,38.76542,-9.098231,Direita,Dentro das localidades,Parque das Nações,,Atropelamento,Atropelamento de peões,Recta,Em patamar,Sem berma ou impraticável,Em plena via,Em bom estado,Outra via,Sentido único,Com marcas,Inexistentes,Outros,A funcionar normalmente,Betuminoso,Fora da intersecção,Bom tempo,Em pleno dia,Seco e limpo,0,1,0,Arruamento com separador,Via Secundária,24,,Avenida Dom João II,Localização GPS,2019,3,14,12,Tarde,Inverno,1,1,10,1,0,1,0,0,0,0,0,0,0,0,0,0,0,1,0,0,0,0,1
541,20191666997,2019-03-14 09:45:00,Quinta-Feira,NÃO DEFINIDO,38.7107017,-9.1367095,Esquerda,Dentro das localidades,Santa Maria Maior,,Atropelamento,Atropelamento de peões,Recta,Em patamar,Sem berma ou impraticável,Em plena via,Em bom estado,Estrada sem separador,Sentido único,Com marcas,Inexistentes,Outros,A funcionar normalmente,Betuminoso,Em cruzamento,Bom tempo,Em pleno dia,Seco e limpo,0,0,1,Arruamento sem separador,Via Secundária,0,,Rua Prata,Sem GPS - estimado,2019,3,14,9,Manhã,Inverno,1,0,3,1,0,1,0,0,0,0,0,0,0,0,0,0,0,1,0,0,0,0,1
542,20191667000,2019-03-15 19:00:00,Sexta-Feira,NÃO DEFINIDO,38.7339679999999,-9.1324026,Direita,Dentro das localidades,Arroios,Lisboa,Atropelamento,Atropelamento de peões,Recta,Com inclinação,Sem berma ou impraticável,Em plena via,Em estado regular,Estrada sem separador,Dois sentidos,Sem marcas rodoviárias ou pouco visíveis,Inexistentes,Outros,Inexistentes,Calçada,Fora da intersecção,Bom tempo,"Noite, com iluminação",Seco e limpo,0,0,2,Arruamento sem separador,Via Secundária,7,,Rua Actor António Cardoso,Sem GPS - estimado,2019,3,15,19,Noite,Inverno,1,0,6,7,0,2,0,0,0,0,0,0,0,0,0,0,0,1,0,1,0,0,1
543,20191667085,2019-03-17 06:30:00,Domingo,NÃO DEFINIDO,38.7461254999999,-9.0974469,Direita,Dentro das localidades,Misericórdia,,Atropelamento,Atropelamento de peões,Recta,Em patamar,Berma pavimentada,Em plena via,Em estado regular,Estrada sem separador,Dois sentidos,Com marcas,Inexistentes,NÃO DEFINIDO,Inexistentes,Betuminoso,Fora da intersecção,Bom tempo,"Noite, com iluminação",Seco e limpo,0,1,0,Arruamento sem separador,Via Secundária,1,,Rua Cintura do Porto de Lisboa,Sem GPS - estimado,2019,3,17,6,Manhã,Inverno,0,1,10,1,0,1,0,0,0,0,0,0,0,0,0,0,0,1,0,0,0,0,1
544,20191667103,2019-03-10 20:30:00,Domingo,NÃO DEFINIDO,,,Direita,Dentro das localidades,Alvalade,Lisboa,Despiste,Despiste sem dispositivo de retenção,Curva,Com inclinação,Sem berma ou impraticável,Em plena via,Em mau estado,Estrada sem separador,Dois sentidos,Sem marcas rodoviárias ou pouco visíveis,Inexistentes,Outros,Inexistentes,Betuminoso,Fora da intersecção,Bom tempo,"Noite, com iluminação",Seco e limpo,0,0,1,Arruamento sem separador,Via Secundária,0,,Azinhaga Galhardas,Sem GPS - não estimado,2019,3,10,20,Noite,Inverno,0,0,3,1,0,0,0,0,0,0,0,0,0,0,0,0,0,0,0,1,0,0,0
545,20191667180,2019-03-20 18:00:00,Quarta-Feira,No sentido crescente da quilometragem,38.7147353,-9.1975461,Direita,Dentro das localidades,Ajuda,Lisboa,Atropelamento,Atropelamento de peões,Recta,Com inclinação,Berma pavimentada,Em plena via,Em bom estado,Outra via,Sentido único,Com marcas,Inexistentes,Passagem de peões,Inexistentes,Betuminoso,Fora da intersecção,Bom tempo,Em pleno dia,Seco e limpo,0,1,0,Arruamento com separador,Via Secundária,0,,Avenida Universidade Técnica,Sem GPS - estimado,2019,3,20,18,Noite,Inverno,1,1,10,1,0,1,0,0,0,0,0,1,0,0,0,0,0,1,0,0,0,0,1
546,20191667182,2019-03-14 19:40:00,Quinta-Feira,No sentido crescente da quilometragem,,,Esquerda,Dentro das localidades,São Domingos de Benfica,Lisboa,Colisão,Colisão choque em cadeia,Recta,Em patamar,Berma pavimentada,Em plena via,Em estado regular,Outra via,Sentido único,Com marcas,Inexistentes,Outros,Inexistentes,Betuminoso,Fora da intersecção,Bom tempo,"Noite, com iluminação",Seco e limpo,0,0,1,IP - Itinerário Principal,IP7,,8.2,,Sem GPS - não estimado,2019,3,14,19,Noite,Inverno,1,0,3,4,1,0,0,0,0,0,0,0,0,0,0,0,1,1,0,0,0,0,0
547,20191667201,2019-03-20 13:05:00,Quarta-Feira,NÃO DEFINIDO,38.734386,-9.1533577,Esquerda,Dentro das localidades,Avenidas Novas,,Atropelamento,Atropelamento de peões,Recta,Com inclinação,Berma pavimentada,Em plena via,Em bom estado,Estrada sem separador,Dois sentidos,Com marcas,Inexistentes,NÃO DEFINIDO,A funcionar normalmente,Betuminoso,Fora da intersecção,Bom tempo,Em pleno dia,Seco e limpo,0,0,1,Arruamento sem separador,Via Secundária,7,,Rua Marquês Fronteira,Sem GPS - estimado,2019,3,20,13,Tarde,Inverno,1,0,3,1,0,1,0,0,0,0,0,0,0,0,0,0,0,1,0,0,0,0,1
548,20191667202,2019-03-20 11:45:00,Quarta-Feira,NÃO DEFINIDO,38.7450777999999,-9.1472349,Direita,Dentro das localidades,Alvalade,,Atropelamento,Atropelamento de peões,Recta,Em patamar,Berma pavimentada,No passeio,Em bom estado,Estrada sem separador,Dois sentidos,Sem marcas rodoviárias ou pouco visíveis,Inexistentes,Outros,Inexistentes,Calçada,Fora da intersecção,Bom tempo,Em pleno dia,NÃO DEFINIDO,0,0,1,Arruamento sem separador,Via Secundária,70,,Avenida República,Sem GPS - estimado,2019,3,20,11,Manhã,Inverno,1,0,3,1,0,1,0,0,0,0,0,0,0,0,0,0,0,0,0,0,0,1,1
549,20191667205,2019-03-20 09:30:00,Quarta-Feira,NÃO DEFINIDO,38.7117581999999,-9.15235919999999,Direita,Dentro das localidades,Misericórdia,,Atropelamento,Atropelamento de peões,Recta,Com inclinação,Sem berma ou impraticável,Em parque de estacionamento,Em bom estado,Estrada sem separador,Dois sentidos,Sem marcas rodoviárias ou pouco visíveis,Inexistentes,NÃO DEFINIDO,Inexistentes,Betuminoso,Fora da intersecção,Bom tempo,Em pleno dia,Seco e limpo,0,0,1,Arruamento sem separador,Via Secundária,10,,Beco Rosa,Sem GPS - estimado,2019,3,20,9,Manhã,Inverno,1,0,3,1,0,1,0,0,0,0,0,0,0,0,0,0,0,1,0,0,0,0,1
550,20191667253,2019-03-16 14:50:00,Sábado,No sentido decrescente da quilometragem,,,Direita,Dentro das localidades,Benfica,Lisboa,Despiste,Despiste sem dispositivo de retenção,Curva,Com inclinação,Sem berma ou impraticável,Em plena via,Em estado regular,Outra via,Sentido único,Sem marcas rodoviárias ou pouco visíveis,Inexistentes,NÃO DEFINIDO,Inexistentes,Betuminoso,Fora da intersecção,Bom tempo,Em pleno dia,Seco e limpo,0,0,2,Arruamento com separador,Via Secundária,0,,Estrada Calhariz de Benfica,Sem GPS - não estimado,2019,3,16,14,Tarde,Inverno,0,0,6,1,1,0,0,0,0,0,0,0,0,0,0,0,1,0,0,1,0,0,0
551,20191667287,2019-03-17 22:15:00,Domingo,NÃO DEFINIDO,,,Direita,Dentro das localidades,Avenidas Novas,,Colisão,Colisão com outras situações,Recta,Com inclinação,Berma pavimentada,Em plena via,Em bom estado,Estrada sem separador,Dois sentidos,Com marcas,Inexistentes,Outros,Inexistentes,Betuminoso,Em entroncamento,Bom tempo,"Noite, com iluminação",Seco e limpo,0,0,1,Arruamento sem separador,Via Secundária,0,,Rua Artilharia 1,Sem GPS - não estimado,2019,3,17,22,Noite,Inverno,0,0,3,2,0,0,0,0,0,0,0,0,0,0,0,0,0,1,0,1,0,0,0
552,20191667292,2019-03-16 15:15:00,Sábado,NÃO DEFINIDO,,,Direita,Dentro das localidades,Campo de Ourique,,Colisão,Colisão traseira com outro veículo em movimento,Recta,Em patamar,Berma pavimentada,Em plena via,Em bom estado,Outra via,Sentido único,Com marcas,Inexistentes,Passagem de peões,A funcionar normalmente,Betuminoso,Fora da intersecção,Bom tempo,Em pleno dia,Seco e limpo,0,0,1,Arruamento com separador,Via Secundária,0,,Avenida Ceuta,Sem GPS - não estimado,2019,3,16,15,Tarde,Inverno,0,0,3,2,0,0,0,0,0,0,0,0,0,0,0,0,0,1,0,0,0,0,0
553,20191667332,2019-03-16 12:15:00,Sábado,No sentido crescente da quilometragem,,,Direita,Dentro das localidades,Parque das Nações,Lisboa,Colisão,Colisão lateral com outro veículo em movimento,Recta,Em patamar,Berma pavimentada,Em plena via,Em estado regular,Outra via,Sentido único,Com marcas,Inexistentes,Outros,A funcionar normalmente,Betuminoso,Em entroncamento,Bom tempo,Em pleno dia,Seco e limpo,0,0,1,Arruamento com separador,Via Secundária,0,,Avenida Dom João II,Sem GPS - não estimado,2019,3,16,12,Tarde,Inverno,0,0,3,3,0,0,0,0,0,0,0,0,0,0,0,0,0,1,0,1,0,0,0
554,20191667333,2019-03-16 10:00:00,Sábado,NÃO DEFINIDO,,,Direita,Dentro das localidades,Santo António,,Colisão,Colisão choque em cadeia,Recta,Em patamar,Sem berma ou impraticável,Em plena via,Em bom estado,Estrada sem separador,Dois sentidos,Com marcas,Inexistentes,Outros,A funcionar normalmente,Betuminoso,Em via de aceleração,Bom tempo,Em pleno dia,Seco e limpo,0,0,1,Arruamento sem separador,Via Secundária,0,,Avenida Liberdade,Sem GPS - não estimado,2019,3,16,10,Manhã,Inverno,0,0,3,3,1,0,0,0,0,0,0,0,0,0,0,0,0,1,0,1,0,0,0
555,20191667412,2019-03-21 17:30:00,Quinta-Feira,NÃO DEFINIDO,38.7500412999999,-9.1897058,Direita,Dentro das localidades,Benfica,Lisboa,Atropelamento,Atropelamento de peões,Recta,Em patamar,Berma pavimentada,Em plena via,Em bom estado,Estrada sem separador,Dois sentidos,Com marcas,Inexistentes,Passagem de peões,Inexistentes,Betuminoso,Em entroncamento,Bom tempo,Em pleno dia,Seco e limpo,0,0,1,Arruamento sem separador,Via Secundária,9,,Rua Doutor João Couto,Sem GPS - estimado,2019,3,21,17,Tarde,Primavera,1,0,3,1,0,1,0,0,1,0,0,0,0,0,0,0,0,1,0,0,0,0,1
556,20191667414,2019-03-21 08:00:00,Quinta-Feira,NÃO DEFINIDO,38.7492949,-9.1924332,Direita,Dentro das localidades,Benfica,,Colisão,Colisão lateral com outro veículo em movimento,Curva,Em patamar,Berma pavimentada,Em plena via,Em estado regular,Estrada sem separador,Sentido único,Com marcas,Inexistentes,Outros,Inexistentes,Betuminoso,Em entroncamento,Bom tempo,Em pleno dia,Seco e limpo,0,0,1,Arruamento sem separador,Via Secundária,1,,Rua José Rodrigues Miguéis,Sem GPS - estimado,2019,3,21,8,Manhã,Primavera,1,0,3,2,0,0,0,0,0,0,0,0,0,0,0,0,0,1,0,1,0,0,0
557,20191667415,2019-03-13 18:00:00,Quarta-Feira,No sentido crescente da quilometragem,38.7583463,-9.1532966,Central,Dentro das localidades,Avenidas Novas,Lisboa,Colisão,Colisão com fuga,Recta,Em patamar,Berma pavimentada,Em plena via,Em estado regular,Outra via,Sentido único,Com marcas,Inexistentes,NÃO DEFINIDO,Inexistentes,Betuminoso,Fora da intersecção,Bom tempo,Em pleno dia,Seco e limpo,0,0,1,Arruamento com separador,Via Secundária,1,,Rua Odette de Saint,Sem GPS - estimado,2019,3,13,18,Noite,Inverno,1,0,3,2,0,0,0,0,0,0,0,0,0,0,0,0,0,1,0,1,0,0,0
558,20191667434,2019-03-22 08:25:00,Sexta-Feira,NÃO DEFINIDO,,,Direita,Dentro das localidades,Benfica,Lisboa,Colisão,Colisão com veiculo ou obstáculo na faixa de rodagem,Recta,Com inclinação,Berma não pavimentada,Em plena via,Em estado regular,Estrada sem separador,Dois sentidos,Com marcas,Inexistentes,Outros,Inexistentes,Betuminoso,Fora da intersecção,Bom tempo,Em pleno dia,Seco e limpo,0,0,1,Arruamento sem separador,Via Secundária,0,,Rua André Resende,Sem GPS - não estimado,2019,3,22,8,Manhã,Primavera,1,0,3,2,0,0,0,0,0,0,0,0,0,0,0,0,0,1,0,1,0,0,0
559,20191667477,2019-03-21 17:45:00,Quinta-Feira,No sentido crescente da quilometragem,,,Direita,Dentro das localidades,São Domingos de Benfica,,Colisão,Colisão com outras situações,Recta,Em patamar,Sem berma ou impraticável,Em plena via,Em bom estado,Outra via,Sentido único,Com marcas,Inexistentes,Outros,Inexistentes,Betuminoso,Em via de aceleração,Bom tempo,Em pleno dia,Seco e limpo,0,0,1,Arruamento com separador,2ª Circular,0,,Avenida Eusébio da Silva Ferreira,Sem GPS - não estimado,2019,3,21,17,Tarde,Primavera,1,0,3,2,0,0,0,0,0,0,0,0,0,0,0,0,1,1,0,1,0,0,0
560,20191667488,2019-03-21 12:30:00,Quinta-Feira,No sentido decrescente da quilometragem,,,Central,Dentro das localidades,São Domingos de Benfica,Lisboa,Despiste,Despiste sem dispositivo de retenção,Recta,Em patamar,Sem berma ou impraticável,Em plena via,Em estado regular,Outra via,Sentido único,Sem marcas rodoviárias ou pouco visíveis,Inexistentes,Outros,Inexistentes,Betuminoso,Fora da intersecção,Bom tempo,Em pleno dia,Seco e limpo,0,0,1,Arruamento com separador,2ª Circular,0,,Avenida Eusébio da Silva Ferreira,Sem GPS - não estimado,2019,3,21,12,Tarde,Primavera,1,0,3,1,0,0,0,0,0,0,0,0,0,0,0,0,0,0,0,1,0,0,0
561,20191667521,2019-03-18 23:00:00,Segunda-Feira,NÃO DEFINIDO,38.7191971,-9.1515447,Direita,Dentro das localidades,Santo António,,Despiste,Despiste sem dispositivo de retenção,Recta,NÃO DEFINIDO,Berma pavimentada,Em plena via,NÃO DEFINIDO,Estrada sem separador,Dois sentidos,Sem marcas rodoviárias ou pouco visíveis,Inexistentes,Cedência de passagem,Inexistentes,Calçada,Fora da intersecção,Bom tempo,"Noite, com iluminação",Seco e limpo,0,0,1,Arruamento sem separador,Via Secundária,1,,Rua Nova de São Mamede,Sem GPS - estimado,2019,3,18,23,Noite,Inverno,1,0,3,1,0,0,0,0,0,0,0,0,0,0,0,0,0,0,0,1,0,0,0
562,20191667571,2019-03-22 16:00:00,Sexta-Feira,NÃO DEFINIDO,38.7282976,-9.1369998,Direita,Dentro das localidades,Arroios,,Colisão,Colisão com outras situações,Recta,Em patamar,Sem berma ou impraticável,Em plena via,Em bom estado,Estrada sem separador,Sentido único,Sem marcas rodoviárias ou pouco visíveis,Inexistentes,Outros,Inexistentes,Betuminoso,Fora da intersecção,Bom tempo,Em pleno dia,Seco e limpo,0,0,1,Arruamento sem separador,Via Secundária,47,,Rua Passos Manuel,Sem GPS - estimado,2019,3,22,16,Tarde,Primavera,1,0,3,2,0,0,0,0,0,0,0,0,1,0,0,0,0,1,0,1,0,0,0
563,20191667578,2019-03-20 21:40:00,Quarta-Feira,No sentido decrescente da quilometragem,,,Esquerda,Fora das localidades,Benfica,Lisboa,Colisão,Colisão traseira com outro veículo em movimento,Recta,Com inclinação,Berma pavimentada,Em plena via,Em bom estado,Outra via,Sentido único,Com marcas,Inexistentes,Outros,Inexistentes,Betuminoso,Fora da intersecção,Bom tempo,"Noite, com iluminação",Seco e limpo,0,0,1,IC - Itinerário Complementar,IC19,,0.1,,Sem GPS - não estimado,2019,3,20,21,Noite,Inverno,1,0,3,2,0,0,0,0,0,0,0,0,0,0,0,0,1,1,0,1,0,0,0
564,20191667591,2019-03-22 17:20:00,Sexta-Feira,NÃO DEFINIDO,38.7125457,-9.1450596,Direita,Dentro das localidades,Misericórdia,Lisboa,Atropelamento,Atropelamento de peões,Recta,Em patamar,Berma pavimentada,Em plena via,Em estado regular,Estrada sem separador,Sentido único,Sem marcas rodoviárias ou pouco visíveis,Inexistentes,NÃO DEFINIDO,Inexistentes,Calçada,Fora da intersecção,Bom tempo,Em pleno dia,Seco e limpo,0,0,1,Arruamento sem separador,Via Secundária,87,,Rua da Atalaia,Sem GPS - estimado,2019,3,22,17,Tarde,Primavera,1,0,3,1,0,1,0,0,0,0,0,0,0,0,0,0,0,1,0,0,0,0,1
565,20191667616,2019-03-22 19:00:00,Sexta-Feira,NÃO DEFINIDO,38.769587,-9.124002,Esquerda,Dentro das localidades,Alvalade,Lisboa,Colisão,Colisão com veiculo ou obstáculo na faixa de rodagem,Recta,Em patamar,Berma pavimentada,Em plena via,Em estado regular,Estrada sem separador,Sentido único,Com marcas,Inexistentes,Outros,Inexistentes,Betuminoso,Fora da intersecção,Bom tempo,Em pleno dia,Seco e limpo,0,0,1,Arruamento sem separador,Via Secundária,0,,Avenida Cidade do Porto,Localização GPS,2019,3,22,19,Noite,Primavera,1,0,3,2,0,0,0,0,0,0,0,0,0,0,0,0,0,1,0,1,0,0,0
566,20191667624,2019-03-13 17:45:00,Quarta-Feira,No sentido decrescente da quilometragem,,,Central,Dentro das localidades,Campolide,,Colisão,Colisão lateral com outro veículo em movimento,Recta,Em patamar,Berma pavimentada,Em plena via,Em estado regular,Outra via,Sentido único,Com marcas,Inexistentes,Stop,Inexistentes,Betuminoso,Fora da intersecção,Bom tempo,Em pleno dia,Seco e limpo,0,0,1,Arruamento com separador,Via Secundária,0,,Avenida Ceuta,Sem GPS - não estimado,2019,3,13,17,Tarde,Inverno,1,0,3,2,0,0,0,0,0,0,0,0,0,1,0,0,0,1,0,1,0,0,0
567,20191667682,2019-03-18 19:40:00,Segunda-Feira,No sentido crescente da quilometragem,38.7380252,-9.1463486,Direita,Dentro das localidades,Avenidas Novas,,Atropelamento,Atropelamento de peões,Recta,Em patamar,Berma pavimentada,Em plena via,Em bom estado,Outra via,Sentido único,Com marcas,Inexistentes,Outros,A funcionar normalmente,Betuminoso,Fora da intersecção,Bom tempo,"Noite, com iluminação",Seco e limpo,0,0,1,Arruamento com separador,Via Secundária,45,,Avenida República,Sem GPS - estimado,2019,3,18,19,Noite,Inverno,1,0,3,1,0,1,0,0,0,0,0,0,0,0,0,0,0,1,0,0,0,0,1
568,20191667733,2019-03-23 15:30:00,Sábado,No sentido decrescente da quilometragem,,,Direita,Dentro das localidades,Carnide,Lisboa,Colisão,Colisão lateral com outro veículo em movimento,Recta,Em patamar,Berma pavimentada,Em plena via,Em estado regular,Outra via,Sentido único,Com marcas,Inexistentes,NÃO DEFINIDO,Inexistentes,Betuminoso,Em ramo de ligação - entrada,Bom tempo,Em pleno dia,Seco e limpo,0,0,1,Arruamento com separador,2ª Circular,0,,Avenida General Norton de Matos,Sem GPS - não estimado,2019,3,23,15,Tarde,Primavera,0,0,3,2,1,0,0,0,0,0,0,0,0,0,0,0,0,1,0,0,0,0,0
569,20191667735,2019-03-19 08:50:00,Terça-Feira,No sentido decrescente da quilometragem,38.718764,-9.217487,Direita,Fora das localidades,Belém,Lisboa,Colisão,Colisão com outras situações,Curva,Com inclinação,Berma pavimentada,Em plena via,Em estado regular,Outra via,Sentido único,Com marcas,Inexistentes,Outros,Inexistentes,Betuminoso,Fora da intersecção,Bom tempo,Em pleno dia,Seco e limpo,0,0,1,IC - Itinerário Complementar,IC17,,2.8,,Localização GPS,2019,3,19,8,Manhã,Inverno,1,0,3,2,0,0,0,0,0,0,0,0,0,0,0,0,0,1,0,1,0,0,0
570,20191667747,2019-03-18 17:48:00,Segunda-Feira,No sentido decrescente da quilometragem,,,Direita,Dentro das localidades,Areeiro,Lisboa,Despiste,Despiste sem dispositivo de retenção,Recta,Em patamar,Berma pavimentada,Em plena via,Em bom estado,Outra via,Sentido único,Com marcas,Inexistentes,Outros,Inexistentes,Betuminoso,Fora da intersecção,Bom tempo,Aurora ou crepúsculo,Seco e limpo,0,0,1,Arruamento com separador,Via Secundária,0,,Avenida João XXI,Sem GPS - não estimado,2019,3,18,17,Tarde,Inverno,1,0,3,1,0,0,0,0,0,0,0,0,0,0,0,0,1,0,0,1,0,0,0
571,20191667752,2019-03-23 18:00:00,Sábado,NÃO DEFINIDO,38.7110545999999,-9.1430434,Direita,Dentro das localidades,Misericórdia,Lisboa,Atropelamento,Atropelamento de peões,Recta,Com inclinação,Sem berma ou impraticável,Em plena via,Em estado regular,Estrada sem separador,Dois sentidos,Com marcas,Inexistentes,Outros,Inexistentes,Betuminoso,Fora da intersecção,Bom tempo,Em pleno dia,Seco e limpo,0,0,1,Arruamento sem separador,Via Secundária,9,,Rua da Misericórdia,Sem GPS - estimado,2019,3,23,18,Noite,Primavera,0,0,3,1,0,1,0,0,0,0,0,0,0,0,0,0,0,1,0,0,0,0,1
572,20191667758,2019-03-23 14:20:00,Sábado,NÃO DEFINIDO,,,Direita,Dentro das localidades,São Vicente,Lisboa,Colisão,Colisão lateral com outro veículo em movimento,Recta,Em patamar,Berma pavimentada,Em plena via,Em estado regular,Estrada sem separador,Sentido único,Com marcas,Inexistentes,NÃO DEFINIDO,Inexistentes,Betuminoso,Em rotunda,Bom tempo,Em pleno dia,Seco e limpo,0,0,1,Arruamento sem separador,Via Secundária,0,,Avenida Infante Dom Henrique,Sem GPS - não estimado,2019,3,23,14,Tarde,Primavera,0,0,3,2,0,0,0,0,0,0,0,0,0,0,0,0,0,1,0,1,0,0,0
573,20191667759,2019-03-22 09:00:00,Sexta-Feira,No sentido crescente da quilometragem,38.698112,-9.179086,Direita,Fora das localidades,Alcântara,Lisboa,Colisão,Colisão com outras situações,Recta,Em patamar,Sem berma ou impraticável,Em plena via,Em estado regular,Auto-estrada,Sentido único,Com marcas,Inexistentes,Outros,Inexistentes,Betuminoso,Fora da intersecção,Bom tempo,Em pleno dia,Seco e limpo,0,0,1,A  - Auto-Estrada,A2-PNT25ABRIL,,2.9,,Localização GPS,2019,3,22,9,Manhã,Primavera,1,0,3,3,0,0,0,0,0,0,0,0,0,0,0,0,0,1,0,1,0,0,0
574,20191667764,2019-03-23 15:00:00,Sábado,NÃO DEFINIDO,38.7093848,-9.13785159999999,Direita,Dentro das localidades,Santa Maria Maior,Lisboa,Atropelamento,Atropelamento de peões,Recta,Em patamar,Sem berma ou impraticável,Em plena via,Em estado regular,Estrada sem separador,Dois sentidos,Com marcas,Inexistentes,Outros,A funcionar normalmente,Betuminoso,Em cruzamento,Bom tempo,Em pleno dia,Seco e limpo,0,0,1,Arruamento sem separador,Via Secundária,131,,Rua Conceição,Sem GPS - estimado,2019,3,23,15,Tarde,Primavera,0,0,3,1,0,1,0,1,0,0,0,0,0,0,0,0,0,0,0,0,1,0,1
575,20191667770,2019-03-13 07:50:00,Quarta-Feira,NÃO DEFINIDO,38.7544216,-9.1149893,Direita,Dentro das localidades,Marvila,,Colisão,Colisão com fuga,Recta,Com inclinação,Berma pavimentada,Em plena via,Em estado regular,Estrada sem separador,Dois sentidos,Sem marcas rodoviárias ou pouco visíveis,Inexistentes,Outros,Inexistentes,Betuminoso,Fora da intersecção,Bom tempo,Em pleno dia,Seco e limpo,0,0,1,Arruamento sem separador,Via Secundária,28,,Rua Duarte Lopes,Sem GPS - estimado,2019,3,13,7,Manhã,Inverno,1,0,3,3,1,0,0,0,0,0,0,0,0,0,0,0,0,1,0,1,0,0,0
576,20191667786,2019-03-24 08:05:00,Domingo,NÃO DEFINIDO,,,Direita,Dentro das localidades,Santa Clara,,Colisão,Colisão com fuga,Curva,Com inclinação,Berma pavimentada,Em plena via,Em bom estado,Estrada sem separador,Sentido único,Sem marcas rodoviárias ou pouco visíveis,Inexistentes,Cedência de passagem,Inexistentes,Betuminoso,Em rotunda,Bom tempo,Em pleno dia,Seco e limpo,0,0,1,Arruamento sem separador,Via Secundária,0,,Praça da Porta Norte,Sem GPS - não estimado,2019,3,24,8,Manhã,Primavera,0,0,3,2,0,0,0,0,0,0,0,0,0,0,0,0,0,1,0,0,0,0,0
577,20191667787,2019-03-23 16:35:00,Sábado,No sentido crescente da quilometragem,38.76777,-9.165041,Direita,Dentro das localidades,Lumiar,Lisboa,Colisão,Colisão com veiculo ou obstáculo na faixa de rodagem,Recta,Em patamar,Berma pavimentada,Em plena via,Em estado regular,Outra via,Sentido único,Com marcas,Inexistentes,Outros,A funcionar normalmente,Betuminoso,Em cruzamento,Bom tempo,Em pleno dia,Seco e limpo,0,0,1,Arruamento com separador,Via Secundária,0,,Avenida Padre Cruz,Localização GPS,2019,3,23,16,Tarde,Primavera,0,0,3,2,0,0,0,0,0,0,0,0,0,1,0,0,0,1,0,1,0,0,0
578,20191667790,2019-03-15 20:15:00,Sexta-Feira,NÃO DEFINIDO,38.7040221,-9.1620158,Direita,Dentro das localidades,Estrela,Lisboa,Atropelamento,Atropelamento de peões,Recta,Em patamar,Sem berma ou impraticável,Em plena via,Em estado regular,Estrada sem separador,Dois sentidos,Com marcas,Inexistentes,Outros,Inexistentes,Betuminoso,Fora da intersecção,Bom tempo,"Noite, com iluminação",Seco e limpo,0,0,2,Arruamento sem separador,Via Secundária,108,,Avenida 24 de Julho,Sem GPS - estimado,2019,3,15,20,Noite,Inverno,1,0,6,1,0,1,0,0,0,0,0,0,0,0,0,0,0,0,0,1,0,0,1