,IdAcidente,Datahora,Dia da Semana,Sentidos,Latitude GPS,Longitude GPS,Via Trânsito,Localizações,Freguesia,Pov. Proxima,Tipo Natureza,Natureza,Tipo de Traçado,Inclinação do Traçado,Berma do Traçado,Localização do Traçado,Estado Conservação,Características Tecnicas,Reg Circulação,Marca Via,Obstáculos,Sinais,Sinais Luminosos,Tipo Piso,Intersecção Vias,Factores Atmosféricos,Luminosidade,Cond Aderência,VM,FG,FL,Tipos Vias,Via,Num arruamento,Km,Nome arruamento,Localização 2,Ano,Mês,Dia,Hora,Periodo,Estação,Dia Util,Gravidade,Indicador de Gravidade,Veículos envolvidos,Passageiros envolvidos,Peões envolvidos,Inf/Ação: Abertura de porta,Inf/Ação: Desrespeito da sinalização semafórica,Inf/Ação: Desrespeito da sinalização vertical,Inf/Ação: Desrespeito das distâncias de segurança,Inf/Ação: Desrespeito das marcas rodoviárias,Inf/Ação: Encandeamento,Inf/Ação: Manobra irregular,Inf/Ação: Não sinalização da manobra,Inf/Ação: Obstáculo imprevisto na faixa de rodagem,Inf/Ação: Rebentamento de pneumático,Inf/Ação: Velocidade excessiva para as condições existentes,Automóvel ligeiro,Automóvel pesado,Motociclos/Ciclomotores,Outros Veículos,Velocípedes,Peões
702,20191670731,2019-04-04 21:45:00,Quinta-Feira,NÃO DEFINIDO,38.738351,-9.12725099999999,Central,Dentro das localidades,Areeiro,Lisboa,Atropelamento,Atropelamento de peões,Recta,Em patamar,Berma pavimentada,Em plena via,Em bom estado,Outra via,Sentido único,Com marcas,Inexistentes,NÃO DEFINIDO,A funcionar normalmente,Calçada,Fora da intersecção,Chuva,"Noite, com iluminação",Molhado,0,0,1,Arruamento com separador,Via Secundária,0,,Avenida Afonso Costa,Sem GPS - estimado,2019,4,4,21,Noite,Primavera,1,0,3,1,0,1,0,0,0,0,0,0,0,0,0,0,0,1,0,0,0,0,1
703,20191670741,2019-04-04 23:00:00,Quinta-Feira,NÃO DEFINIDO,,,Direita,Dentro das localidades,Estrela,,Despiste,Despiste sem dispositivo de retenção,Recta,Com inclinação,Berma pavimentada,Em plena via,Em estado regular,Estrada sem separador,Dois sentidos,Com marcas,Inexistentes,Outros,A funcionar normalmente,Calçada,Fora da intersecção,Chuva,"Noite, com iluminação",Escorregadio por outros fatores,0,0,1,Arruamento sem separador,Via Secundária,0,,Avenida Dom Carlos I,Sem GPS - não estimado,2019,4,4,23,Noite,Primavera,1,0,3,1,0,0,0,0,0,0,0,0,0,0,0,0,1,0,0,1,0,0,0
704,20191670745,2019-04-03 10:15:00,Quarta-Feira,NÃO DEFINIDO,38.738838,-9.1404731,Direita,Dentro das localidades,Areeiro,,Colisão,Colisão lateral com outro veículo em movimento,Recta,Em patamar,Berma pavimentada,Em plena via,Em estado regular,Estrada sem separador,Sentido único,Sem marcas rodoviárias ou pouco visíveis,Inexistentes,Outros,Inexistentes,Betuminoso,Fora da intersecção,Bom tempo,Em pleno dia,Seco e limpo,0,0,1,Arruamento sem separador,Via Secundária,3,,Rua Ladislau Piçarra,Sem GPS - estimado,2019,4,3,10,Manhã,Primavera,1,0,3,2,1,0,0,0,0,0,0,0,0,0,0,0,0,1,0,0,0,0,0
705,20191670762,2019-04-02 17:40:00,Terça-Feira,No sentido decrescente da quilometragem,38.7359967,-9.1457984,Esquerda,Dentro das localidades,Avenidas Novas,Lisboa,Colisão,Colisão choque em cadeia,Recta,Em patamar,Sem berma ou impraticável,Em plena via,Em bom estado,Outra via,Sentido único,Com marcas,Inexistentes,Outros,A funcionar normalmente,Betuminoso,Em cruzamento,Bom tempo,Em pleno dia,Seco e limpo,0,0,1,Arruamento com separador,Via Secundária,23,,Avenida República,Sem GPS - estimado,2019,4,2,17,Tarde,Primavera,1,0,3,3,0,0,0,0,0,0,0,0,0,0,0,0,0,1,0,0,0,0,0
706,20191670800,2019-04-03 19:00:00,Quarta-Feira,NÃO DEFINIDO,,,Direita,Dentro das localidades,Santa Maria Maior,Lisboa,Colisão,Colisão com outras situações,Recta,Em patamar,Berma pavimentada,Em plena via,Em estado regular,Estrada sem separador,Sentido único,Sem marcas rodoviárias ou pouco visíveis,Inexistentes,NÃO DEFINIDO,A funcionar normalmente,Betuminoso,Em cruzamento,Bom tempo,Aurora ou crepúsculo,Seco e limpo,0,0,2,Arruamento sem separador,Via Secundária,0,,Rua Áurea,Sem GPS - não estimado,2019,4,3,19,Noite,Primavera,1,0,6,2,2,0,0,0,0,0,0,0,0,0,0,0,0,1,0,0,0,0,0
707,20191670805,2019-04-03 11:50:00,Quarta-Feira,No sentido decrescente da quilometragem,38.7159565999999,-9.1369585,Direita,Dentro das localidades,Santa Maria Maior,,Atropelamento,Atropelamento de peões,Recta,Em patamar,Sem berma ou impraticável,Em plena via,Em bom estado,Outra via,Sentido único,Com marcas,Inexistentes,Outros,Inexistentes,Betuminoso,Fora da intersecção,Bom tempo,Em pleno dia,Seco e limpo,0,0,1,Arruamento com separador,Via Secundária,41,,Rua Palma,Sem GPS - estimado,2019,4,3,11,Manhã,Primavera,1,0,3,1,0,1,0,0,0,0,0,0,0,0,0,0,0,1,0,0,0,0,1
708,20191670848,2019-04-08 15:25:00,Segunda-Feira,NÃO DEFINIDO,,,Direita,Dentro das localidades,Marvila,,Colisão,Colisão lateral com outro veículo em movimento,Recta,Em patamar,Sem berma ou impraticável,Em plena via,Em estado regular,Outra via,Sentido único,Com marcas,Inexistentes,Outros,A funcionar normalmente,Betuminoso,Em entroncamento,Bom tempo,Em pleno dia,Seco e limpo,0,0,1,Arruamento com separador,Via Secundária,0,,Avenida Doutror Francisco Luís Gomes,Sem GPS - não estimado,2019,4,8,15,Tarde,Primavera,1,0,3,2,0,0,0,0,0,0,0,0,0,0,0,0,0,1,0,1,0,0,0
709,20191670851,2019-04-03 09:00:00,Quarta-Feira,NÃO DEFINIDO,38.750743,-9.1952772,Direita,Dentro das localidades,Benfica,Lisboa,Despiste,Despiste sem dispositivo de retenção,Recta,Em patamar,Berma pavimentada,Em plena via,Em estado regular,Estrada sem separador,Sentido único,Sem marcas rodoviárias ou pouco visíveis,Inexistentes,Outros,Inexistentes,Betuminoso,Fora da intersecção,Bom tempo,Em pleno dia,Seco e limpo,0,0,1,Arruamento sem separador,Via Secundária,27,,Rua Doutor José Baptista de Sousa,Sem GPS - estimado,2019,4,3,9,Manhã,Primavera,1,0,3,1,0,0,0,0,0,0,0,0,0,0,0,0,0,0,0,1,0,0,0
710,20191670863,2019-04-02 17:15:00,Terça-Feira,NÃO DEFINIDO,,,Esquerda,Dentro das localidades,Alvalade,Lisboa,Colisão,Colisão lateral com outro veículo em movimento,Recta,Em patamar,Sem berma ou impraticável,Em plena via,Em estado regular,Outra via,Sentido único,Com marcas,Inexistentes,Outros,Inexistentes,Betuminoso,Fora da intersecção,Bom tempo,Em pleno dia,Seco e limpo,0,0,1,Arruamento com separador,2ª Circular,0,,Avenida General Norton de Matos,Sem GPS - não estimado,2019,4,2,17,Tarde,Primavera,1,0,3,2,0,0,0,0,0,0,0,0,0,0,0,0,0,1,0,0,0,0,0
711,20191670874,2019-04-08 11:20:00,Segunda-Feira,NÃO DEFINIDO,38.7252133,-9.1269889,Direita,Dentro das localidades,Penha de França,Lisboa,Atropelamento,Atropelamento de peões,Recta,Em patamar,Sem berma ou impraticável,Em plena via,Em estado regular,Estrada sem separador,Dois sentidos,Sem marcas rodoviárias ou pouco visíveis,Inexistentes,NÃO DEFINIDO,Inexistentes,Betuminoso,Fora da intersecção,Bom tempo,Em pleno dia,Seco e limpo,0,0,1,Arruamento sem separador,Via Secundária,0,,Rua Frei Manuel do Cenáculo,Sem GPS - estimado,2019,4,8,11,Manhã,Primavera,1,0,3,1,0,1,0,0,0,0,0,0,0,0,0,0,0,1,0,0,0,0,1
712,20191670876,2019-04-08 16:45:00,Segunda-Feira,NÃO DEFINIDO,,,Direita,Dentro das localidades,Campo de Ourique,Lisboa,Colisão,Colisão traseira com outro veículo em movimento,Recta,Com inclinação,Sem berma ou impraticável,Em plena via,Em estado regular,Outra via,Sentido único,Com marcas,Inexistentes,Outros,Inexistentes,Betuminoso,Fora da intersecção,Chuva,Em pleno dia,Molhado,0,0,2,Arruamento com separador,Via Secundária,0,,Avenida Engenheiro Duarte Pacheco,Sem GPS - não estimado,2019,4,8,16,Tarde,Primavera,1,0,6,2,0,0,0,0,0,0,0,0,0,0,0,0,0,1,0,0,0,0,0
713,20191670879,2019-04-08 12:30:00,Segunda-Feira,NÃO DEFINIDO,38.7126694999999,-9.1330695,Direita,Dentro das localidades,Santa Maria Maior,,Atropelamento,Atropelamento de peões,Curva,Com inclinação,Berma pavimentada,Em plena via,Em estado regular,Estrada sem separador,Dois sentidos,Sem marcas rodoviárias ou pouco visíveis,Inexistentes,NÃO DEFINIDO,Inexistentes,Calçada,Fora da intersecção,Bom tempo,Em pleno dia,Seco e limpo,0,0,1,Arruamento sem separador,Via Secundária,1,,Rua Santa Cruz do Castelo,Sem GPS - estimado,2019,4,8,12,Tarde,Primavera,1,0,3,1,0,1,0,0,0,0,0,0,0,0,0,0,0,1,0,0,0,0,1
714,20191670887,2019-04-08 14:40:00,Segunda-Feira,NÃO DEFINIDO,38.7204428,-9.1353573,Esquerda,Dentro das localidades,Arroios,Lisboa,Colisão,Colisão choque em cadeia,Recta,Com inclinação,Sem berma ou impraticável,Em plena via,Em estado regular,Outra via,Sentido único,Com marcas,Inexistentes,Outros,A funcionar normalmente,Betuminoso,Fora da intersecção,Bom tempo,Em pleno dia,Seco e limpo,0,0,2,Arruamento com separador,Via Secundária,2,,Avenida Almirante Reis,Sem GPS - estimado,2019,4,8,14,Tarde,Primavera,1,0,6,3,1,0,0,0,0,0,0,0,0,0,0,0,0,1,0,0,0,0,0
715,20191670890,2019-04-08 17:55:00,Segunda-Feira,NÃO DEFINIDO,,,Direita,Dentro das localidades,Alvalade,,Despiste,Despiste sem dispositivo de retenção,Curva,Com inclinação,Berma pavimentada,Em plena via,Em estado regular,Estrada sem separador,Sentido único,Com marcas,Inexistentes,NÃO DEFINIDO,Inexistentes,Betuminoso,Fora da intersecção,Chuva,Em pleno dia,Molhado,0,0,1,Arruamento sem separador,Via Secundária,0,,Avenida Forças Armadas,Sem GPS - não estimado,2019,4,8,17,Tarde,Primavera,1,0,3,1,0,0,0,0,0,0,0,0,0,0,0,0,0,0,0,1,0,0,0
716,20191670952,2019-03-28 21:00:00,Quinta-Feira,No sentido decrescente da quilometragem,38.7410675,-9.1486551,Direita,Dentro das localidades,Avenidas Novas,,Despiste,Despiste com dispositivo de retenção,Recta,Em patamar,Sem berma ou impraticável,Em plena via,Em estado regular,Outra via,Sentido único,Sem marcas rodoviárias ou pouco visíveis,Inexistentes,Outros,Inexistentes,Betuminoso,Fora da intersecção,Bom tempo,"Noite, com iluminação",Seco e limpo,0,0,1,Arruamento com separador,Via Secundária,107,,Avenida 5 de Outubro,Sem GPS - estimado,2019,3,28,21,Noite,Primavera,1,0,3,1,0,0,0,0,0,0,0,0,0,0,0,0,0,0,0,1,0,0,0
717,20191670981,2019-04-03 17:45:00,Quarta-Feira,No sentido crescente da quilometragem,38.7301283,-9.1468904,Direita,Dentro das localidades,Santo António,,Colisão,Colisão lateral com outro veículo em movimento,Recta,Em patamar,Berma pavimentada,Em plena via,Em estado regular,Outra via,Sentido único,Com marcas,Inexistentes,Outros,A funcionar normalmente,Betuminoso,Fora da intersecção,Bom tempo,Em pleno dia,Seco e limpo,0,0,1,Arruamento com separador,Via Secundária,28,,Avenida Fontes Pereira de Melo,Sem GPS - estimado,2019,4,3,17,Tarde,Primavera,1,0,3,2,0,0,0,0,0,0,0,0,0,0,0,0,0,1,0,1,0,0,0
718,20191671007,2019-04-04 08:30:00,Quinta-Feira,No sentido decrescente da quilometragem,,,Esquerda,Dentro das localidades,Estrela,,Colisão,Colisão lateral com outro veículo em movimento,Recta,Em patamar,Sem berma ou impraticável,Em plena via,Em estado regular,Outra via,Sentido único,Com marcas,Inexistentes,Outros,A funcionar normalmente,Betuminoso,Fora da intersecção,Bom tempo,Em pleno dia,Seco e limpo,0,0,1,Arruamento com separador,Via Secundária,0,,Avenida 24 de Julho,Sem GPS - não estimado,2019,4,4,8,Manhã,Primavera,1,0,3,2,0,0,0,0,0,0,0,0,0,0,0,0,0,1,0,1,0,0,0
719,20191671008,2019-04-03 09:50:00,Quarta-Feira,No sentido decrescente da quilometragem,,,Direita,Fora das localidades,Alcântara,,Colisão,Colisão lateral com outro veículo em movimento,Recta,Em patamar,Sem berma ou impraticável,Em plena via,Em estado regular,Auto-estrada,Sentido único,Com marcas,Inexistentes,Outros,Inexistentes,Betuminoso,Fora da intersecção,Bom tempo,Em pleno dia,Seco e limpo,0,0,1,A  - Auto-Estrada,A2-PNT25ABRIL,,4.07,,Sem GPS - não estimado,2019,4,3,9,Manhã,Primavera,1,0,3,2,0,0,0,0,0,0,0,0,0,0,0,0,0,1,0,1,0,0,0
720,20191671016,2019-04-03 15:25:00,Quarta-Feira,NÃO DEFINIDO,38.7360838,-9.1416698,Direita,Dentro das localidades,Avenidas Novas,,Atropelamento,Atropelamento de peões,Recta,Com inclinação,Sem berma ou impraticável,Em plena via,Em bom estado,Estrada sem separador,Dois sentidos,Com marcas,Inexistentes,Outros,A funcionar normalmente,Betuminoso,Fora da intersecção,Bom tempo,Em pleno dia,Seco e limpo,0,0,1,Arruamento sem separador,Via Secundária,8,,Rua Dona Filipa de Vilhena,Sem GPS - estimado,2019,4,3,15,Tarde,Primavera,1,0,3,1,0,1,0,0,0,0,0,0,0,0,0,0,0,1,0,0,0,0,1
721,20191671046,2019-04-09 11:10:00,Terça-Feira,NÃO DEFINIDO,38.7084891,-9.143185,Direita,Dentro das localidades,Misericórdia,Lisboa,Atropelamento,Atropelamento de peões,Recta,Em patamar,Sem berma ou impraticável,Em plena via,Em bom estado,Estrada sem separador,Dois sentidos,Sem marcas rodoviárias ou pouco visíveis,Inexistentes,Passagem de peões,Inexistentes,Betuminoso,Em entroncamento,Bom tempo,Em pleno dia,Seco e limpo,0,0,1,Arruamento sem separador,Via Secundária,28,,Rua Alecrim,Sem GPS - estimado,2019,4,9,11,Manhã,Primavera,1,0,3,1,0,1,0,0,0,0,0,0,0,0,0,0,1,0,0,1,0,0,1
722,20191671121,2019-04-06 22:50:00,Sábado,NÃO DEFINIDO,38.7534613,-9.1429264,Direita,Dentro das localidades,Alvalade,,Despiste,Despiste sem dispositivo de retenção,Recta,Em patamar,Berma pavimentada,Em plena via,Em estado regular,Estrada sem separador,Sentido único,Sem marcas rodoviárias ou pouco visíveis,Inexistentes,NÃO DEFINIDO,Inexistentes,Betuminoso,Fora da intersecção,Bom tempo,"Noite, com iluminação",Seco e limpo,0,0,1,Arruamento sem separador,Via Secundária,15,,Rua Marquesa Alorna,Sem GPS - estimado,2019,4,6,22,Noite,Primavera,0,0,3,1,0,0,0,0,0,0,0,0,0,0,0,0,0,0,0,1,0,0,0
723,20191671129,2019-04-06 19:50:00,Sábado,NÃO DEFINIDO,38.7107452,-9.1347553,Direita,Dentro das localidades,Santa Maria Maior,,Colisão,Colisão lateral com outro veículo em movimento,Recta,Com inclinação,Berma pavimentada,Em plena via,Em estado regular,Estrada sem separador,Sentido único,Sem marcas rodoviárias ou pouco visíveis,Inexistentes,Passagem de peões,Inexistentes,Calçada,Em cruzamento,Bom tempo,"Noite, com iluminação",Molhado,0,0,1,Arruamento sem separador,Via Secundária,35,,Rua Pedras Negras,Sem GPS - estimado,2019,4,6,19,Noite,Primavera,0,0,3,2,0,0,0,0,0,0,0,0,0,0,0,0,0,1,0,0,0,0,0
724,20191671142,2019-04-09 17:50:00,Terça-Feira,NÃO DEFINIDO,38.7251170999999,-9.1175543,Direita,Dentro das localidades,Penha de França,,Atropelamento,Atropelamento de peões,Recta,Em patamar,Berma pavimentada,Em plena via,Em estado regular,Estrada sem separador,Sentido único,Sem marcas rodoviárias ou pouco visíveis,Inexistentes,NÃO DEFINIDO,Inexistentes,Betuminoso,Fora da intersecção,Bom tempo,Em pleno dia,Seco e limpo,0,0,1,Arruamento sem separador,Via Secundária,16,,Rua Dom Fuas Roupinho,Sem GPS - estimado,2019,4,9,17,Tarde,Primavera,1,0,3,1,0,1,0,0,0,0,0,0,0,0,0,0,0,1,0,0,0,0,1
725,20191671173,2019-04-05 19:05:00,Sexta-Feira,No sentido crescente da quilometragem,38.7641234999999,-9.176556,Esquerda,Dentro das localidades,Lumiar,Lisboa,Atropelamento,Atropelamento de peões,Recta,Em patamar,Sem berma ou impraticável,Em plena via,Em bom estado,Outra via,Dois sentidos,Com marcas,Inexistentes,Outros,A funcionar normalmente,Betuminoso,Em cruzamento,Chuva,Aurora ou crepúsculo,Molhado,0,0,1,Arruamento com separador,Via Secundária,14,,Avenida Nações Unidas,Sem GPS - estimado,2019,4,5,19,Noite,Primavera,1,0,3,1,0,1,0,0,0,0,0,0,0,0,0,0,0,1,0,0,0,0,1
726,20191671183,2019-04-08 07:25:00,Segunda-Feira,No sentido decrescente da quilometragem,,,Esquerda,Dentro das localidades,Campolide,Lisboa,Despiste,Despiste com dispositivo de retenção,Recta,Em patamar,Berma pavimentada,Em plena via,Em estado regular,Outra via,Sentido único,Com marcas,Inexistentes,Outros,Inexistentes,Betuminoso,Fora da intersecção,Bom tempo,Em pleno dia,Seco e limpo,0,0,1,IP - Itinerário Principal,IP7,,9.5,,Sem GPS - não estimado,2019,4,8,7,Manhã,Primavera,1,0,3,1,0,0,0,0,0,0,0,0,0,0,0,0,0,1,0,0,0,0,0
727,20191671192,2019-04-04 15:00:00,Quinta-Feira,NÃO DEFINIDO,38.7086525,-9.1397031,Direita,Dentro das localidades,Santa Maria Maior,,Despiste,Despiste sem dispositivo de retenção,Curva,Com inclinação,Berma pavimentada,Em plena via,Em estado regular,Estrada sem separador,Dois sentidos,Com marcas,Inexistentes,NÃO DEFINIDO,Inexistentes,Calçada,Fora da intersecção,Bom tempo,Em pleno dia,Seco e limpo,0,0,1,Arruamento sem separador,Via Secundária,23,,Calçada São Francisco,Sem GPS - estimado,2019,4,4,15,Tarde,Primavera,1,0,3,1,0,0,0,0,0,0,0,0,0,0,0,0,1,0,0,1,0,0,0
728,20191671230,2019-04-04 15:00:00,Quinta-Feira,No sentido decrescente da quilometragem,,,Central,Dentro das localidades,Lumiar,,Colisão,Colisão lateral com outro veículo em movimento,Recta,Em patamar,Berma pavimentada,Em plena via,Em estado regular,Outra via,Sentido único,Com marcas,Inexistentes,Outros,A funcionar normalmente,Betuminoso,Em entroncamento,Bom tempo,Em pleno dia,Seco e limpo,0,0,1,Arruamento com separador,Via Secundária,0,,Avenida Padre Cruz,Sem GPS - não estimado,2019,4,4,15,Tarde,Primavera,1,0,3,3,0,0,0,0,0,0,0,0,0,0,0,0,0,1,0,0,0,0,0
729,20191671265,2019-04-10 16:15:00,Quarta-Feira,NÃO DEFINIDO,38.7144315,-9.1619009,Direita,Dentro das localidades,Estrela,,Colisão,Colisão com outras situações,Recta,Com inclinação,Sem berma ou impraticável,Em plena via,Em estado regular,Estrada sem separador,Dois sentidos,Com marcas,Inexistentes,NÃO DEFINIDO,Inexistentes,Betuminoso,Fora da intersecção,Bom tempo,Em pleno dia,Seco e limpo,0,0,1,Arruamento sem separador,Via Secundária,30,,Rua Domingos Sequeira,Sem GPS - estimado,2019,4,10,16,Tarde,Primavera,1,0,3,3,0,0,0,0,0,0,0,0,0,0,0,0,0,1,0,0,0,0,0
730,20191671281,2019-04-10 14:00:00,Quarta-Feira,NÃO DEFINIDO,38.761369,-9.117706,Direita,Dentro das localidades,Santa Maria dos Olivais,Lisboa,Atropelamento,Atropelamento de peões,Recta,Com inclinação,Berma pavimentada,Em parque de estacionamento,Em estado regular,Estrada sem separador,Dois sentidos,Sem marcas rodoviárias ou pouco visíveis,Inexistentes,Outros,Inexistentes,Betuminoso,Fora da intersecção,Chuva,Em pleno dia,Húmido,0,0,1,Arruamento sem separador,Via Secundária,367,,Rua Cidade da Praia,Localização GPS,2019,4,10,14,Tarde,Primavera,1,0,3,1,0,1,0,0,0,0,0,0,0,0,0,0,0,1,0,0,0,0,1
731,20191671324,2019-04-11 07:40:00,Quinta-Feira,No sentido crescente da quilometragem,,,Direita,Dentro das localidades,Alvalade,Lisboa,Colisão,Colisão lateral com outro veículo em movimento,Recta,Em patamar,Sem berma ou impraticável,Em plena via,Em estado regular,Outra via,Sentido único,Com marcas,Inexistentes,Outros,Inexistentes,Betuminoso,Fora da intersecção,Chuva,Em pleno dia,Seco e limpo,1,0,0,Arruamento com separador,2ª Circular,0,,Avenida Marechal Craveiro Lopes,Sem GPS - não estimado,2019,4,11,7,Manhã,Primavera,1,1,100,2,0,0,0,0,0,0,0,0,0,0,0,0,0,1,0,1,0,0,0
732,20191671338,2019-04-01 15:06:00,Segunda-Feira,NÃO DEFINIDO,38.7551014,-9.1503102,Direita,Dentro das localidades,Alvalade,Lisboa,Colisão,Colisão choque em cadeia,Recta,Em patamar,Berma pavimentada,Em plena via,Em estado regular,Estrada sem separador,Dois sentidos,Com marcas,Inexistentes,NÃO DEFINIDO,Inexistentes,Betuminoso,Fora da intersecção,Chuva,Em pleno dia,Molhado,0,0,1,Arruamento sem separador,Via Secundária,18,,Avenida Brasil,Sem GPS - estimado,2019,4,1,15,Tarde,Primavera,1,0,3,3,0,0,0,0,0,0,0,0,0,0,0,0,0,1,1,0,0,0,0
733,20191671342,2019-04-08 01:50:00,Segunda-Feira,NÃO DEFINIDO,38.7141366,-9.1225711,Direita,Dentro das localidades,Santa Maria Maior,Lisboa,Colisão,Colisão lateral com outro veículo em movimento,Curva,Em patamar,Sem berma ou impraticável,Em plena via,Em estado regular,Estrada sem separador,Dois sentidos,Com marcas,Insuficentemente sinalizados,Outros,A funcionar normalmente,Calçada,Fora da intersecção,Chuva,"Noite, com iluminação",Molhado,0,0,1,Arruamento sem separador,Via Secundária,1,,Avenida Infante Dom Henrique,Sem GPS - estimado,2019,4,8,1,Madrugada,Primavera,1,0,3,2,1,0,0,0,0,1,0,0,0,0,0,0,0,1,0,0,0,0,0
734,20191671437,2019-04-06 15:40:00,Sábado,No sentido crescente da quilometragem,,,Esquerda,Dentro das localidades,Avenidas Novas,Lisboa,Colisão,Colisão traseira com outro veículo em movimento,Curva,Em patamar,Berma pavimentada,Em plena via,Em estado regular,Outra via,Sentido único,Com marcas,Inexistentes,NÃO DEFINIDO,A funcionar normalmente,Betuminoso,Fora da intersecção,Chuva,Em pleno dia,Molhado,0,0,1,Arruamento com separador,Via Secundária,0.00,,Avenida Berna,Sem GPS - não estimado,2019,4,6,15,Tarde,Primavera,0,0,3,2,1,0,0,0,0,0,0,0,0,0,0,0,0,1,0,0,0,0,0
735,20191671439,2019-04-06 08:30:00,Sábado,No sentido decrescente da quilometragem,38.7738799,-9.0975189,Direita,Dentro das localidades,Parque das Nações,,Despiste,Despiste sem dispositivo de retenção,Recta,Em patamar,Berma pavimentada,Em plena via,Em estado regular,Outra via,Sentido único,Com marcas,Inexistentes,NÃO DEFINIDO,Inexistentes,Betuminoso,Fora da intersecção,Chuva,Em pleno dia,Molhado,0,0,3,Arruamento com separador,Via Secundária,122,,Avenida Dom João II,Sem GPS - estimado,2019,4,6,8,Manhã,Primavera,0,0,9,1,2,0,0,0,0,0,0,0,0,0,0,0,0,1,0,0,0,0,0
736,20191671451,2019-04-11 10:45:00,Quinta-Feira,No sentido crescente da quilometragem,38.699671,-9.225021,Direita,Dentro das localidades,Belém,Lisboa,Despiste,Despiste com capotamento,Recta,Em patamar,Berma pavimentada,Em plena via,Em estado regular,Outra via,Sentido único,Com marcas,Inexistentes,Outros,A funcionar normalmente,Betuminoso,Em cruzamento,Bom tempo,Em pleno dia,Seco e limpo,0,0,1,Arruamento com separador,Via Secundária,15,,Rua Dom Jerónimo Osório,Localização GPS,2019,4,11,10,Manhã,Primavera,1,0,3,1,0,0,0,0,0,0,0,0,0,0,0,0,0,1,0,0,0,0,0
737,20191671454,2019-04-12 19:30:00,Sexta-Feira,NÃO DEFINIDO,38.7178213,-9.1572201,Direita,Dentro das localidades,Estrela,,Despiste,Despiste sem dispositivo de retenção,Curva,Com inclinação,Berma pavimentada,Em plena via,Em estado regular,Estrada sem separador,Dois sentidos,Com marcas,Inexistentes,Outros,Inexistentes,Betuminoso,Fora da intersecção,Bom tempo,Em pleno dia,Seco e limpo,0,0,1,Arruamento sem separador,Via Secundária,69,,Avenida Álvares Cabral,Sem GPS - estimado,2019,4,12,19,Noite,Primavera,1,0,3,1,0,0,0,0,0,0,0,0,0,0,0,0,1,0,0,1,0,0,0
738,20191671510,2019-04-12 10:30:00,Sexta-Feira,No sentido crescente da quilometragem,38.700439,-9.22569,Direita,Dentro das localidades,Belém,,Despiste,Despiste com capotamento,Recta,Em patamar,Berma pavimentada,Em plena via,Em estado regular,Outra via,Sentido único,Com marcas,Inexistentes,Passagem de peões,A funcionar normalmente,Betuminoso,Em cruzamento,Bom tempo,Em pleno dia,Seco e limpo,0,0,1,Arruamento com separador,Via Secundária,0,,Rua Dom Jerónimo Osório,Localização GPS,2019,4,12,10,Manhã,Primavera,1,0,3,1,0,0,0,0,0,0,0,0,0,0,0,0,0,1,0,0,0,0,0
739,20191671528,2019-04-02 13:30:00,Terça-Feira,NÃO DEFINIDO,38.7431172,-9.1396346,Direita,Dentro das localidades,Areeiro,Lisboa,Colisão,Colisão traseira com outro veículo em movimento,Recta,Em patamar,Berma pavimentada,Em plena via,Em estado regular,Estrada sem separador,Sentido único,Com marcas,Inexistentes,NÃO DEFINIDO,Intermitente,Betuminoso,Fora da intersecção,Bom tempo,Em pleno dia,Seco e limpo,0,0,1,Arruamento sem separador,Via Secundária,9,,Rua Oliveira Martins,Sem GPS - estimado,2019,4,2,13,Tarde,Primavera,1,0,3,3,0,0,0,0,0,0,0,0,0,0,0,0,0,1,0,1,0,0,0
740,20191671565,2019-04-03 16:07:00,Quarta-Feira,No sentido decrescente da quilometragem,,,Esquerda,Dentro das localidades,Lumiar,Lisboa,Colisão,Colisão lateral com outro veículo em movimento,Recta,Com inclinação,Berma pavimentada,Em plena via,Em bom estado,Outra via,Sentido único,Com marcas,Inexistentes,Outros,A funcionar normalmente,Betuminoso,Fora da intersecção,Bom tempo,Em pleno dia,Seco e limpo,0,0,1,Arruamento com separador,Via Secundária,0,,Eixo Central,Sem GPS - não estimado,2019,4,3,16,Tarde,Primavera,1,0,3,2,0,0,0,0,0,0,0,0,0,0,0,0,0,1,0,0,0,0,0
741,20191671575,2019-04-04 12:30:00,Quinta-Feira,No sentido decrescente da quilometragem,,,Esquerda,Dentro das localidades,Lumiar,Lisboa,Colisão,Colisão lateral com outro veículo em movimento,Recta,Em patamar,Berma pavimentada,Em plena via,Em estado regular,Outra via,Sentido único,Com marcas,Inexistentes,NÃO DEFINIDO,Inexistentes,Betuminoso,Fora da intersecção,Bom tempo,Em pleno dia,Seco e limpo,0,0,1,Arruamento com separador,2ª Circular,0,,Avenida Marechal Craveiro Lopes,Sem GPS - não estimado,2019,4,4,12,Tarde,Primavera,1,0,3,2,0,0,0,0,0,0,0,0,0,0,0,0,0,1,0,1,0,0,0
742,20191671577,2019-04-02 17:00:00,Terça-Feira,No sentido crescente da quilometragem,,,Direita,Dentro das localidades,Avenidas Novas,Lisboa,Colisão,Colisão lateral com outro veículo em movimento,Recta,Em patamar,Berma pavimentada,Em plena via,Em estado regular,Outra via,Sentido único,Com marcas,Inexistentes,NÃO DEFINIDO,A funcionar normalmente,Betuminoso,Em cruzamento,Bom tempo,Em pleno dia,Seco e limpo,0,0,1,Arruamento com separador,Via Secundária,0,,Avenida República,Sem GPS - não estimado,2019,4,2,17,Tarde,Primavera,1,0,3,2,0,0,0,0,0,0,0,0,0,0,0,0,0,1,0,1,0,0,0