,IdAcidente,Datahora,Dia da Semana,Sentidos,Latitude GPS,Longitude GPS,Via Trânsito,Localizações,Freguesia,Pov. Proxima,Tipo Natureza,Natureza,Tipo de Traçado,Inclinação do Traçado,Berma do Traçado,Localização do Traçado,Estado Conservação,Características Tecnicas,Reg Circulação,Marca Via,Obstáculos,Sinais,Sinais Luminosos,Tipo Piso,Intersecção Vias,Factores Atmosféricos,Luminosidade,Cond Aderência,VM,FG,FL,Tipos Vias,Via,Num arruamento,Km,Nome arruamento,Localização 2,Ano,Mês,Dia,Hora,Periodo,Estação,Dia Util,Gravidade,Indicador de Gravidade,Veículos envolvidos,Passageiros envolvidos,Peões envolvidos,Inf/Ação: Abertura de porta,Inf/Ação: Desrespeito da sinalização semafórica,Inf/Ação: Desrespeito da sinalização vertical,Inf/Ação: Desrespeito das distâncias de segurança,Inf/Ação: Desrespeito das marcas rodoviárias,Inf/Ação: Encandeamento,Inf/Ação: Manobra irregular,Inf/Ação: Não sinalização da manobra,Inf/Ação: Obstáculo imprevisto na faixa de rodagem,Inf/Ação: Rebentamento de pneumático,Inf/Ação: Velocidade excessiva para as condições existentes,Automóvel ligeiro,Automóvel pesado,Motociclos/Ciclomotores,Outros Veículos,Velocípedes,Peões
743,20191671651,2019-04-08 12:35:00,Segunda-Feira,No sentido crescente da quilometragem,,,Esquerda,Dentro das localidades,Belém,Lisboa,Colisão,Colisão lateral com outro veículo em movimento,Recta,Com inclinação,Sem berma ou impraticável,Em plena via,Em estado regular,Outra via,Sentido único,Com marcas,Inexistentes,Cedência de passagem,Inexistentes,Calçada,Em cruzamento,Bom tempo,Em pleno dia,Seco e limpo,0,0,1,Arruamento com separador,Via Secundária,0,,Avenida Torre de Belém,Sem GPS - não estimado,2019,4,8,12,Tarde,Primavera,1,0,3,2,0,0,0,0,1,0,0,0,0,0,0,0,0,1,0,0,0,0,0
744,20191671652,2019-04-12 18:30:00,Sexta-Feira,NÃO DEFINIDO,38.726843,-9.155398,Direita,Dentro das localidades,Avenidas Novas,Lisboa,Colisão,Colisão com veiculo ou obstáculo na faixa de rodagem,Recta,Em patamar,Berma pavimentada,Em plena via,Em estado regular,Estrada sem separador,Dois sentidos,Com marcas,Inexistentes,Passagem de peões,Inexistentes,Betuminoso,Fora da intersecção,Bom tempo,Em pleno dia,Seco e limpo,0,0,2,Arruamento sem separador,Via Secundária,165,,Rua Castilho,Localização GPS,2019,4,12,18,Noite,Primavera,1,0,6,2,1,0,0,0,0,0,0,0,1,0,0,0,0,1,0,1,0,0,0
745,20191671660,2019-04-09 20:30:00,Terça-Feira,No sentido decrescente da quilometragem,,,Direita,Dentro das localidades,Campo de Ourique,Lisboa,Colisão,Colisão traseira com outro veículo em movimento,Recta,Em patamar,Berma pavimentada,Em plena via,Em estado regular,Outra via,Sentido único,Com marcas,Inexistentes,Outros,Inexistentes,Betuminoso,Fora da intersecção,Bom tempo,"Noite, com iluminação",Seco e limpo,0,0,2,Arruamento com separador,Via Secundária,0,,Avenida Engenheiro Duarte Pacheco,Sem GPS - não estimado,2019,4,9,20,Noite,Primavera,1,0,6,2,1,0,0,0,0,0,0,0,0,0,0,0,0,1,0,0,0,0,0
746,20191671661,2019-04-09 22:15:00,Terça-Feira,No sentido crescente da quilometragem,,,Esquerda,Dentro das localidades,Campolide,Lisboa,Colisão,Colisão choque em cadeia,Recta,Em patamar,Berma pavimentada,Em plena via,Em estado regular,Outra via,Sentido único,Com marcas,Inexistentes,Outros,Inexistentes,Betuminoso,Fora da intersecção,Bom tempo,"Noite, com iluminação",Seco e limpo,0,0,1,Arruamento com separador,Via Secundária,0,,Avenida Engenheiro Duarte Pacheco,Sem GPS - não estimado,2019,4,9,22,Noite,Primavera,1,0,3,5,0,0,0,0,0,0,0,0,0,0,0,0,0,1,0,0,0,0,0
747,20191671679,2019-04-12 18:00:00,Sexta-Feira,No sentido decrescente da quilometragem,,,Direita,Dentro das localidades,Carnide,,Colisão,Colisão choque em cadeia,Recta,Em patamar,Berma pavimentada,Em plena via,Em estado regular,Outra via,Sentido único,Com marcas,Inexistentes,Outros,Inexistentes,Betuminoso,Fora da intersecção,Bom tempo,Em pleno dia,Seco e limpo,0,0,3,IP - Itinerário Principal,IP7,,4.85,,Sem GPS - não estimado,2019,4,12,18,Noite,Primavera,1,0,9,4,0,0,0,0,0,0,0,0,0,0,0,0,0,1,0,0,0,0,0
748,20191671721,2019-04-09 19:55:00,Terça-Feira,NÃO DEFINIDO,,,Esquerda,Dentro das localidades,Alvalade,Lisboa,Colisão,Colisão lateral com outro veículo em movimento,Recta,Com inclinação,Sem berma ou impraticável,No passeio,Em estado regular,Outra via,Sentido único,Com marcas,Inexistentes,Outros,A funcionar normalmente,Betuminoso,Em cruzamento,Bom tempo,"Noite, com iluminação",Seco e limpo,0,0,1,Arruamento com separador,Via Secundária,0,,Avenida Estados Unidos da América,Sem GPS - não estimado,2019,4,9,19,Noite,Primavera,1,0,3,2,1,0,0,0,0,0,0,0,0,0,0,0,0,1,0,0,0,0,0
749,20191671781,2019-04-14 18:25:00,Domingo,NÃO DEFINIDO,,,Central,Dentro das localidades,Alvalade,Lisboa,Colisão,Colisão frontal,Recta,Em patamar,Berma pavimentada,Em plena via,Em bom estado,Estrada sem separador,Sentido único,Com marcas,Inexistentes,Outros,A funcionar normalmente,Betuminoso,Em cruzamento,Bom tempo,Em pleno dia,Seco e limpo,0,0,1,Arruamento sem separador,Via Secundária,0,,Avenida Estados Unidos da América,Sem GPS - não estimado,2019,4,14,18,Noite,Primavera,0,0,3,2,0,0,0,1,0,0,0,0,0,0,0,0,0,1,0,0,0,0,0
750,20191671789,2019-04-12 15:45:00,Sexta-Feira,No sentido crescente da quilometragem,,,Esquerda,Dentro das localidades,Carnide,Lisboa,Colisão,Colisão traseira com outro veículo em movimento,Recta,Em patamar,Berma não pavimentada,Em plena via,Em estado regular,Outra via,Sentido único,Com marcas,Inexistentes,Outros,Inexistentes,Betuminoso,Fora da intersecção,Bom tempo,Em pleno dia,Seco e limpo,0,0,1,Arruamento com separador,2ª Circular,0,,Avenida General Norton de Matos,Sem GPS - não estimado,2019,4,12,15,Tarde,Primavera,1,0,3,2,0,0,0,0,0,0,0,0,0,0,0,0,0,1,0,0,0,0,0
751,20191671812,2019-03-20 13:30:00,Quarta-Feira,NÃO DEFINIDO,38.7547521,-9.1180197,Direita,Dentro das localidades,Marvila,,Colisão,Colisão lateral com outro veículo em movimento,Recta,Em patamar,Berma pavimentada,Em plena via,Em estado regular,Estrada sem separador,Dois sentidos,Sem marcas rodoviárias ou pouco visíveis,Inexistentes,Outros,Inexistentes,Betuminoso,Fora da intersecção,Bom tempo,Em pleno dia,Seco e limpo,0,0,1,Arruamento sem separador,Via Secundária,1,,Rua Engenheiro Ferreira Dias,Sem GPS - estimado,2019,3,20,13,Tarde,Inverno,1,0,3,3,0,0,0,0,0,0,0,0,0,0,0,0,0,1,0,1,0,0,0
752,20191671841,2019-04-13 06:20:00,Sábado,NÃO DEFINIDO,38.715459,-9.1543003,Direita,Dentro das localidades,Estrela,Lisboa,Colisão,Colisão com veiculo ou obstáculo na faixa de rodagem,Recta,Com inclinação,Sem berma ou impraticável,Em plena via,Em estado regular,Estrada sem separador,Dois sentidos,Sem marcas rodoviárias ou pouco visíveis,Inexistentes,Outros,Inexistentes,Betuminoso,Fora da intersecção,Bom tempo,"Noite, com iluminação",Seco e limpo,0,0,1,Arruamento sem separador,Via Secundária,422,,Rua São Bento,Sem GPS - estimado,2019,4,13,6,Manhã,Primavera,0,0,3,3,0,0,0,0,0,0,0,0,0,0,0,0,0,1,0,1,0,1,0
753,20191671857,2019-04-13 10:50:00,Sábado,NÃO DEFINIDO,,,Esquerda,Dentro das localidades,Santa Maria dos Olivais,,Despiste,Despiste sem dispositivo de retenção,Recta,Em patamar,Sem berma ou impraticável,Em plena via,Em estado regular,Outra via,Sentido único,Com marcas,Inexistentes,Outros,Inexistentes,Betuminoso,Fora da intersecção,Bom tempo,Em pleno dia,Seco e limpo,0,0,1,Arruamento com separador,2ª Circular,0,,Avenida Marechal Craveiro Lopes,Sem GPS - não estimado,2019,4,13,10,Manhã,Primavera,0,0,3,1,0,0,0,0,0,0,0,0,0,0,0,0,0,0,0,1,0,0,0
754,20191671898,2019-04-11 11:45:00,Quinta-Feira,NÃO DEFINIDO,,,Direita,Dentro das localidades,Alvalade,Lisboa,Colisão,Colisão lateral com outro veículo em movimento,Curva,Com inclinação,Berma pavimentada,Em plena via,Em estado regular,Estrada sem separador,Sentido único,Com marcas,Inexistentes,NÃO DEFINIDO,Inexistentes,Betuminoso,Em ramo de ligação - entrada,Bom tempo,Em pleno dia,Seco e limpo,0,0,1,Arruamento sem separador,Via Secundária,0,,Acesso do Eixo Central,Sem GPS - não estimado,2019,4,11,11,Manhã,Primavera,1,0,3,2,0,0,0,0,0,0,0,0,0,0,0,0,0,1,0,1,0,0,0
755,20191671903,2019-04-06 04:35:00,Sábado,NÃO DEFINIDO,38.7076788999999,-9.1472774,Direita,Dentro das localidades,Misericórdia,,Atropelamento,Atropelamento de peões,Recta,Em patamar,Berma pavimentada,Em plena via,Em bom estado,Estrada sem separador,Sentido único,Com marcas,Inexistentes,NÃO DEFINIDO,Inexistentes,Betuminoso,Fora da intersecção,Bom tempo,"Noite, com iluminação",Molhado,0,0,1,Arruamento sem separador,Via Secundária,1,,Rua Moeda,Sem GPS - estimado,2019,4,6,4,Madrugada,Primavera,0,0,3,2,0,1,0,0,0,0,0,0,0,0,0,0,0,1,0,0,0,0,1
756,20191671911,2019-04-10 08:00:00,Quarta-Feira,NÃO DEFINIDO,,,Direita,Dentro das localidades,Santa Maria dos Olivais,,Despiste,Despiste sem dispositivo de retenção,Recta,Em patamar,Berma pavimentada,Em plena via,Em bom estado,Outra via,Sentido único,Com marcas,Inexistentes,Outros,Inexistentes,Betuminoso,Em cruzamento,Chuva,Em pleno dia,Molhado,0,0,1,Arruamento com separador,Via Secundária,0,,Alameda Encarnação,Sem GPS - não estimado,2019,4,10,8,Manhã,Primavera,1,0,3,2,0,0,0,0,0,0,0,0,0,0,0,0,0,1,0,1,0,0,0
757,20191671912,2019-04-10 09:50:00,Quarta-Feira,NÃO DEFINIDO,38.7541074,-9.1811794,Direita,Dentro das localidades,São Domingos de Benfica,,Despiste,Despiste sem dispositivo de retenção,Recta,Em patamar,Berma pavimentada,Em plena via,Em bom estado,Estrada sem separador,Dois sentidos,Com marcas,Inexistentes,Outros,Inexistentes,Betuminoso,Fora da intersecção,Chuva,Em pleno dia,Molhado,0,0,1,Arruamento sem separador,Via Secundária,3,,Rua Luciana Stegagno Picchio,Sem GPS - estimado,2019,4,10,9,Manhã,Primavera,1,0,3,1,0,0,0,0,0,0,0,0,0,0,0,0,0,0,0,1,0,0,0
758,20191671923,2019-04-06 01:35:00,Sábado,No sentido crescente da quilometragem,38.763227,-9.16429,Central,Dentro das localidades,Lumiar,Lisboa,Colisão,Colisão traseira com outro veículo em movimento,Recta,Em patamar,Berma pavimentada,Em plena via,Em bom estado,Outra via,Sentido único,Com marcas,Inexistentes,Outros,A funcionar normalmente,Betuminoso,Em cruzamento,Chuva,"Noite, com iluminação",Molhado,0,0,2,Arruamento com separador,Via Secundária,0,,Avenida Padre Cruz,Localização GPS,2019,4,6,1,Madrugada,Primavera,0,0,6,2,1,0,0,0,0,0,0,0,0,0,0,0,1,1,0,0,0,0,0
759,20191672044,2019-04-09 12:00:00,Terça-Feira,No sentido crescente da quilometragem,,,Esquerda,Fora das localidades,Benfica,,Despiste,Despiste com dispositivo de retenção,Recta,Em patamar,Berma pavimentada,Em plena via,Em estado regular,Outra via,Sentido único,Com marcas,Inexistentes,Outros,Inexistentes,Betuminoso,Fora da intersecção,Bom tempo,Em pleno dia,Seco e limpo,0,0,1,IC - Itinerário Complementar,IC19,,0.3,,Sem GPS - não estimado,2019,4,9,12,Tarde,Primavera,1,0,3,1,0,0,0,0,0,0,0,0,0,0,0,0,0,1,0,0,0,0,0
760,20191672054,2019-04-12 06:40:00,Sexta-Feira,NÃO DEFINIDO,38.747028,-9.097198,Direita,Dentro das localidades,Misericórdia,Lisboa,Atropelamento,Atropelamento de peões,Recta,Em patamar,Berma pavimentada,Em plena via,Em estado regular,Estrada sem separador,Dois sentidos,Sem marcas rodoviárias ou pouco visíveis,Inexistentes,Passagem de peões,Inexistentes,Calçada,Fora da intersecção,Bom tempo,Aurora ou crepúsculo,Seco e limpo,0,0,1,Arruamento sem separador,Via Secundária,16,,Rua Cintura do Porto de Lisboa,Localização GPS,2019,4,12,6,Manhã,Primavera,1,0,3,1,0,1,0,0,0,0,0,0,0,0,0,0,0,1,0,0,0,0,1
761,20191672056,2019-04-10 17:00:00,Quarta-Feira,NÃO DEFINIDO,,,Esquerda,Dentro das localidades,Beato,,Colisão,Colisão choque em cadeia,Recta,Em patamar,Berma pavimentada,Em plena via,Em bom estado,Outra via,Sentido único,Com marcas,Inexistentes,Outros,A funcionar normalmente,Betuminoso,Fora da intersecção,Bom tempo,Em pleno dia,Seco e limpo,0,0,1,Arruamento com separador,Via Secundária,0,,Avenida Infante Dom Henrique,Sem GPS - não estimado,2019,4,10,17,Tarde,Primavera,1,0,3,3,0,0,0,0,0,0,0,0,0,0,0,0,0,1,0,0,0,0,0
762,20191672057,2019-04-14 10:30:00,Domingo,No sentido crescente da quilometragem,,,Esquerda,Fora das localidades,Alcântara,Lisboa,Despiste,Despiste sem dispositivo de retenção,Recta,Em patamar,Sem berma ou impraticável,Em plena via,Em estado regular,Auto-estrada,Sentido único,Sem marcas rodoviárias ou pouco visíveis,Inexistentes,Outros,Inexistentes,Betuminoso,Fora da intersecção,Chuva,Em pleno dia,Molhado,0,0,1,A  - Auto-Estrada,A2-PNT25ABRIL,,3.65,,Sem GPS - não estimado,2019,4,14,10,Manhã,Primavera,0,0,3,1,0,0,0,0,0,0,0,0,0,0,0,0,0,1,0,0,0,0,0
763,20191672059,2019-04-10 08:40:00,Quarta-Feira,NÃO DEFINIDO,,,Direita,Dentro das localidades,Avenidas Novas,,Colisão,Colisão traseira com outro veículo em movimento,Recta,Em patamar,Sem berma ou impraticável,Em plena via,Em bom estado,Outra via,Sentido único,Com marcas,Inexistentes,Outros,Inexistentes,Betuminoso,Em via de aceleração,Chuva,Em pleno dia,Molhado,0,0,1,Arruamento com separador,Via Secundária,0,,Avenida Forças Armadas,Sem GPS - não estimado,2019,4,10,8,Manhã,Primavera,1,0,3,2,0,0,0,0,0,0,0,0,0,0,0,0,0,0,1,1,0,0,0
764,20191672098,2019-04-11 22:00:00,Quinta-Feira,NÃO DEFINIDO,38.767721,-9.0969636,Direita,Dentro das localidades,Parque das Nações,,Atropelamento,Atropelamento de peões,Curva,Em patamar,Sem berma ou impraticável,Em plena via,Em estado regular,Estrada sem separador,Sentido único,Com marcas,Inexistentes,Cedência de passagem,Inexistentes,Betuminoso,Em rotunda,Bom tempo,"Noite, com iluminação",Seco e limpo,0,0,1,Arruamento sem separador,Via Secundária,0,,Avenida Dom João II,Sem GPS - estimado,2019,4,11,22,Noite,Primavera,1,0,3,1,0,1,0,0,0,0,0,0,1,0,0,0,0,1,0,0,0,0,1
765,20191672280,2019-04-16 22:20:00,Terça-Feira,NÃO DEFINIDO,,,Direita,Dentro das localidades,Avenidas Novas,,Colisão,Colisão lateral com outro veículo em movimento,Recta,Em patamar,Berma pavimentada,Em plena via,Em mau estado,Estrada sem separador,Dois sentidos,Com marcas,Inexistentes,NÃO DEFINIDO,Inexistentes,Betuminoso,Em cruzamento,Bom tempo,"Noite, com iluminação",Seco e limpo,0,0,1,Arruamento sem separador,Via Secundária,0,,Alameda Cardeal Cerejeira,Sem GPS - não estimado,2019,4,16,22,Noite,Primavera,1,0,3,2,0,0,0,0,0,0,0,0,0,0,0,0,0,1,0,1,0,0,0
766,20191672297,2019-04-15 11:00:00,Segunda-Feira,NÃO DEFINIDO,,,Esquerda,Dentro das localidades,Estrela,,Colisão,Colisão lateral com outro veículo em movimento,Recta,Em patamar,Berma pavimentada,Em plena via,Em estado regular,Outra via,Sentido único,Com marcas,Inexistentes,Outros,A funcionar normalmente,Betuminoso,Em cruzamento,Bom tempo,Em pleno dia,Seco e limpo,0,0,2,Arruamento com separador,Via Secundária,0,,Rua Cascais,Sem GPS - não estimado,2019,4,15,11,Manhã,Primavera,1,0,6,2,1,0,0,0,0,0,0,0,0,0,0,0,0,1,0,1,0,0,0
767,20191672311,2019-04-15 12:05:00,Segunda-Feira,No sentido crescente da quilometragem,38.76709,-9.097996,Direita,Dentro das localidades,Santa Maria dos Olivais,,Colisão,Colisão lateral com outro veículo em movimento,Recta,Em patamar,Berma pavimentada,Em plena via,Em estado regular,Outra via,Sentido único,Com marcas,Inexistentes,NÃO DEFINIDO,A funcionar normalmente,Betuminoso,Em entroncamento,Bom tempo,Em pleno dia,Seco e limpo,0,0,1,Arruamento com separador,Via Secundária,0,,Avenida Dom João II,Localização GPS,2019,4,15,12,Tarde,Primavera,1,0,3,2,0,0,0,0,0,0,0,0,0,0,0,0,0,1,1,0,0,0,0
768,20191672333,2019-04-16 08:50:00,Terça-Feira,NÃO DEFINIDO,38.7376135,-9.14620569999999,Direita,Dentro das localidades,Avenidas Novas,,Atropelamento,Atropelamento de peões,Recta,Em patamar,Sem berma ou impraticável,Em via ou pista reservada,Em bom estado,Estrada sem separador,Dois sentidos,Com marcas,Inexistentes,Outros,Inexistentes,Betuminoso,Fora da intersecção,Bom tempo,Em pleno dia,Seco e limpo,0,0,1,Arruamento sem separador,Via Secundária,39,,Avenida República,Sem GPS - estimado,2019,4,16,8,Manhã,Primavera,1,0,3,1,0,1,0,0,0,0,0,0,0,0,0,0,0,0,0,0,0,1,1
769,20191672374,2019-04-11 23:15:00,Quinta-Feira,No sentido decrescente da quilometragem,,,Central,Dentro das localidades,Santa Maria dos Olivais,,Colisão,Colisão traseira com outro veículo em movimento,Recta,Com inclinação,Berma pavimentada,Em plena via,Em bom estado,Outra via,Sentido único,Com marcas,Inexistentes,Outros,A funcionar normalmente,Betuminoso,Fora da intersecção,Bom tempo,"Noite, com iluminação",Seco e limpo,0,0,1,Arruamento com separador,Via Secundária,0.00,,Avenida Doutor Alfredo Bensaúde,Sem GPS - não estimado,2019,4,11,23,Noite,Primavera,1,0,3,2,0,0,0,0,0,0,0,0,0,0,0,0,0,1,0,1,0,0,0
770,20191672439,2019-04-16 16:30:00,Terça-Feira,NÃO DEFINIDO,38.703241,-9.165371,Direita,Dentro das localidades,Estrela,Lisboa,Despiste,Despiste sem dispositivo de retenção,Recta,Em patamar,Berma pavimentada,Em plena via,Em estado regular,Estrada sem separador,Sentido único,Sem marcas rodoviárias ou pouco visíveis,Inexistentes,Outros,Inexistentes,Calçada,Fora da intersecção,Bom tempo,Em pleno dia,Seco e limpo,0,0,1,Arruamento sem separador,Via Secundária,0,,Rua Cintura do Porto de Lisboa,Localização GPS,2019,4,16,16,Tarde,Primavera,1,0,3,1,0,0,0,0,0,0,0,0,0,0,0,0,0,0,0,0,0,1,0
771,20191672441,2019-04-16 14:00:00,Terça-Feira,NÃO DEFINIDO,,,Central,Dentro das localidades,Lumiar,Lisboa,Colisão,Colisão lateral com outro veículo em movimento,Recta,Em patamar,Berma pavimentada,Em plena via,Em bom estado,Estrada sem separador,Sentido único,Com marcas,Inexistentes,Outros,A funcionar normalmente,Betuminoso,Fora da intersecção,Bom tempo,Em pleno dia,Seco e limpo,0,0,2,Arruamento sem separador,Via Secundária,0,,Avenida Carlos Paredes,Sem GPS - não estimado,2019,4,16,14,Tarde,Primavera,1,0,6,2,1,0,0,0,0,0,0,0,0,0,0,0,0,1,0,1,0,0,0
772,20191672462,2019-04-16 13:45:00,Terça-Feira,NÃO DEFINIDO,38.7475844,-9.1516959,Direita,Dentro das localidades,Avenidas Novas,,Colisão,Colisão traseira com outro veículo em movimento,Recta,Com inclinação,Sem berma ou impraticável,Em plena via,Em bom estado,Outra via,Sentido único,Com marcas,Inexistentes,Outros,Inexistentes,Betuminoso,Fora da intersecção,Bom tempo,Em pleno dia,Seco e limpo,0,0,1,Arruamento com separador,Via Secundária,51,,Avenida Forças Armadas,Sem GPS - estimado,2019,4,16,13,Tarde,Primavera,1,0,3,2,0,0,0,0,0,0,0,0,0,0,0,0,1,1,0,1,0,0,0
773,20191672487,2019-04-17 09:30:00,Quarta-Feira,NÃO DEFINIDO,38.712086,-9.154867,Direita,Dentro das localidades,Estrela,Lisboa,Colisão,Colisão com veiculo ou obstáculo na faixa de rodagem,Recta,Com inclinação,Berma pavimentada,Em plena via,Em estado regular,Estrada sem separador,Dois sentidos,Sem marcas rodoviárias ou pouco visíveis,Inexistentes,Passagem de peões,Inexistentes,Calçada,Em cruzamento,Chuva,Em pleno dia,Molhado,0,0,1,Arruamento sem separador,Via Secundária,57,,Calçada Estrela,Localização GPS,2019,4,17,9,Manhã,Primavera,1,0,3,2,0,0,0,0,0,0,0,0,0,0,0,0,1,1,0,1,0,0,0
774,20191672490,2019-04-13 05:15:00,Sábado,NÃO DEFINIDO,,,Direita,Dentro das localidades,Estrela,,Colisão,Colisão com outras situações,Recta,Em patamar,Sem berma ou impraticável,Em plena via,Em estado regular,Estrada sem separador,Sentido único,Sem marcas rodoviárias ou pouco visíveis,Inexistentes,Stop,Inexistentes,Calçada,Fora da intersecção,Bom tempo,"Noite, com iluminação",Seco e limpo,0,0,1,Arruamento sem separador,Via Secundária,0,,Rua Cintura do Porto de Lisboa,Sem GPS - não estimado,2019,4,13,5,Madrugada,Primavera,0,0,3,2,0,0,1,0,0,1,0,0,0,0,0,0,0,1,0,0,0,0,0
775,20191672526,2019-04-13 18:50:00,Sábado,NÃO DEFINIDO,38.756701,-9.1955454,Direita,Dentro das localidades,Carnide,Lisboa,Despiste,Despiste com colisão com veículo imobil. ou obstáculo,Recta,Em patamar,Berma pavimentada,Em plena via,Em bom estado,Estrada sem separador,Dois sentidos,Com marcas,Inexistentes,Outros,Inexistentes,Betuminoso,Em entroncamento,Bom tempo,Em pleno dia,Seco e limpo,0,0,1,Arruamento sem separador,Via Secundária,2,,Estrada Poço do Chão,Sem GPS - estimado,2019,4,13,18,Noite,Primavera,0,0,3,1,0,0,0,0,0,0,0,0,0,0,0,0,1,1,0,0,0,0,0
776,20191672544,2019-04-12 22:20:00,Sexta-Feira,NÃO DEFINIDO,,,Direita,Dentro das localidades,Marvila,,Despiste,Despiste sem dispositivo de retenção,Recta,Com inclinação,Sem berma ou impraticável,Em plena via,Em bom estado,Estrada sem separador,Dois sentidos,Sem marcas rodoviárias ou pouco visíveis,Inexistentes,Outros,Inexistentes,Betuminoso,Em cruzamento,Bom tempo,"Noite, com iluminação",Seco e limpo,0,0,1,Arruamento sem separador,Via Secundária,0,,Rua Vale Formoso de Cima,Sem GPS - não estimado,2019,4,12,22,Noite,Primavera,1,0,3,1,0,0,0,0,0,0,0,0,0,0,0,0,1,0,0,1,0,0,0
777,20191672561,2019-04-14 20:36:00,Domingo,No sentido decrescente da quilometragem,,,Direita,Dentro das localidades,Arroios,,Despiste,Despiste sem dispositivo de retenção,Recta,Em patamar,Berma pavimentada,Em plena via,Em estado regular,Outra via,Sentido único,Com marcas,Inexistentes,NÃO DEFINIDO,Inexistentes,Betuminoso,Em cruzamento,Bom tempo,"Noite, com iluminação",Seco e limpo,0,0,1,Arruamento com separador,Via Secundária,0,,Avenida Casal Ribeiro,Sem GPS - não estimado,2019,4,14,20,Noite,Primavera,0,0,3,1,1,0,0,0,0,0,0,0,0,0,0,0,0,1,0,0,0,0,0
778,20191672578,2019-04-11 09:50:00,Quinta-Feira,NÃO DEFINIDO,,,Direita,Dentro das localidades,Alvalade,,Colisão,Colisão com outras situações,Recta,Em patamar,Sem berma ou impraticável,Em plena via,Em bom estado,Estrada sem separador,Sentido único,Sem marcas rodoviárias ou pouco visíveis,Inexistentes,Cedência de passagem,Inexistentes,Betuminoso,Fora da intersecção,Bom tempo,Em pleno dia,Seco e limpo,0,0,1,Arruamento sem separador,Via Secundária,0,,Alameda Universidade,Sem GPS - não estimado,2019,4,11,9,Manhã,Primavera,1,0,3,2,0,0,0,0,0,1,0,0,0,0,0,0,0,1,0,0,0,0,0
779,20191672603,2019-04-18 19:30:00,Quinta-Feira,No sentido crescente da quilometragem,38.7273876,-9.14844669999999,Direita,Dentro das localidades,Avenidas Novas,,Atropelamento,Atropelamento de peões,Recta,Com inclinação,Sem berma ou impraticável,Em plena via,Em bom estado,Outra via,Dois sentidos,Com marcas,Inexistentes,NÃO DEFINIDO,Inexistentes,Betuminoso,Fora da intersecção,Bom tempo,Em pleno dia,Seco e limpo,0,0,1,Arruamento com separador,Via Secundária,8,,Avenida Fontes Pereira de Melo,Sem GPS - estimado,2019,4,18,19,Noite,Primavera,1,0,3,1,0,1,0,0,0,0,0,0,0,0,0,0,0,1,0,0,0,0,1
780,20191672612,2019-04-17 17:00:00,Quarta-Feira,NÃO DEFINIDO,38.7680912,-9.1070376,Direita,Dentro das localidades,Parque das Nações,Lisboa,Atropelamento,Atropelamento de peões,Recta,Em patamar,Sem berma ou impraticável,Em plena via,Em bom estado,Estrada sem separador,Dois sentidos,Sem marcas rodoviárias ou pouco visíveis,Inexistentes,Outros,Inexistentes,Betuminoso,Fora da intersecção,Bom tempo,Em pleno dia,Seco e limpo,0,0,1,Arruamento sem separador,Via Secundária,0,,Avenida Berlim,Sem GPS - estimado,2019,4,17,17,Tarde,Primavera,1,0,3,1,0,1,0,0,0,0,0,0,0,0,0,0,0,1,0,0,0,0,1
781,20191672635,2019-04-15 00:30:00,Segunda-Feira,NÃO DEFINIDO,,,Direita,Dentro das localidades,Marvila,,Despiste,Despiste com colisão com veículo imobil. ou obstáculo,Recta,Em patamar,Berma pavimentada,Em plena via,Em bom estado,Estrada sem separador,Dois sentidos,Com marcas,Inexistentes,Outros,Inexistentes,Betuminoso,Fora da intersecção,Bom tempo,"Noite, com iluminação",Seco e limpo,0,0,2,Arruamento sem separador,Via Secundária,0,,Avenida Paulo VI,Sem GPS - não estimado,2019,4,15,0,Madrugada,Primavera,1,0,6,2,1,0,0,0,0,0,0,0,0,0,0,0,0,1,1,0,0,0,0
782,20191672646,2019-04-14 18:20:00,Domingo,No sentido crescente da quilometragem,,,Direita,Fora das localidades,Lumiar,Lisboa,Despiste,Despiste com dispositivo de retenção,Recta,Com inclinação,Berma pavimentada,Em plena via,Em bom estado,Outra via,Sentido único,Com marcas,Inexistentes,Outros,Inexistentes,Betuminoso,Fora da intersecção,Bom tempo,Em pleno dia,Molhado,0,0,1,IP - Itinerário Principal,IP7,,4.6,,Sem GPS - não estimado,2019,4,14,18,Noite,Primavera,0,0,3,1,0,0,0,0,0,0,0,0,0,0,0,0,0,0,0,1,0,0,0
783,20191672661,2019-04-17 13:10:00,Quarta-Feira,No sentido decrescente da quilometragem,,,Direita,Dentro das localidades,São Domingos de Benfica,,Despiste,Despiste sem dispositivo de retenção,Recta,Com inclinação,Sem berma ou impraticável,Em plena via,Em bom estado,Outra via,Dois sentidos,Com marcas,Inexistentes,NÃO DEFINIDO,Inexistentes,Betuminoso,Em ramo de ligação - entrada,Chuva,Em pleno dia,Molhado,0,0,1,Arruamento com separador,2ª Circular,0,,Avenida Eusébio da Silva Ferreira,Sem GPS - não estimado,2019,4,17,13,Tarde,Primavera,1,0,3,1,0,0,0,0,0,0,0,0,0,0,0,0,1,0,0,1,0,0,0