,IdAcidente,Datahora,Dia da Semana,Sentidos,Latitude GPS,Longitude GPS,Via Trânsito,Localizações,Freguesia,Pov. Proxima,Tipo Natureza,Natureza,Tipo de Traçado,Inclinação do Traçado,Berma do Traçado,Localização do Traçado,Estado Conservação,Características Tecnicas,Reg Circulação,Marca Via,Obstáculos,Sinais,Sinais Luminosos,Tipo Piso,Intersecção Vias,Factores Atmosféricos,Luminosidade,Cond Aderência,VM,FG,FL,Tipos Vias,Via,Num arruamento,Km,Nome arruamento,Localização 2,Ano,Mês,Dia,Hora,Periodo,Estação,Dia Util,Gravidade,Indicador de Gravidade,Veículos envolvidos,Passageiros envolvidos,Peões envolvidos,Inf/Ação: Abertura de porta,Inf/Ação: Desrespeito da sinalização semafórica,Inf/Ação: Desrespeito da sinalização vertical,Inf/Ação: Desrespeito das distâncias de segurança,Inf/Ação: Desrespeito das marcas rodoviárias,Inf/Ação: Encandeamento,Inf/Ação: Manobra irregular,Inf/Ação: Não sinalização da manobra,Inf/Ação: Obstáculo imprevisto na faixa de rodagem,Inf/Ação: Rebentamento de pneumático,Inf/Ação: Velocidade excessiva para as condições existentes,Automóvel ligeiro,Automóvel pesado,Motociclos/Ciclomotores,Outros Veículos,Velocípedes,Peões
867,20191674641,2019-05-01 16:30:00,Quarta-Feira,NÃO DEFINIDO,38.7019641999999,-9.1811729,Direita,Dentro das localidades,Alcântara,,Atropelamento,Atropelamento de peões,Recta,Com inclinação,Berma pavimentada,Em plena via,Em estado regular,Estrada sem separador,Sentido único,Sem marcas rodoviárias ou pouco visíveis,Inexistentes,NÃO DEFINIDO,Inexistentes,Betuminoso,Em entroncamento,Bom tempo,Em pleno dia,Seco e limpo,0,0,1,Arruamento sem separador,Via Secundária,2,,Calçada Santo Amaro,Sem GPS - estimado,2019,5,1,16,Tarde,Primavera,0,0,3,1,0,1,0,0,0,1,0,0,0,0,0,0,0,1,0,0,0,0,1
868,20191674660,2019-05-02 11:15:00,Quinta-Feira,NÃO DEFINIDO,38.7468038,-9.16094539999999,Esquerda,Dentro das localidades,Alvalade,Lisboa,Atropelamento,Atropelamento de peões,Recta,Em patamar,Sem berma ou impraticável,Em plena via,Em bom estado,Outra via,Sentido único,Com marcas,Inexistentes,Passagem de peões,A funcionar normalmente,Betuminoso,Fora da intersecção,Bom tempo,Em pleno dia,Seco e limpo,0,0,1,Arruamento com separador,Via Secundária,0,,Avenida Professor Egas Moniz,Sem GPS - estimado,2019,5,2,11,Manhã,Primavera,1,0,3,1,0,1,0,1,0,0,0,0,0,0,0,0,0,1,0,0,0,0,1
869,20191674758,2019-04-29 09:40:00,Segunda-Feira,NÃO DEFINIDO,,,Direita,Dentro das localidades,Beato,,Colisão,Colisão lateral com outro veículo em movimento,Recta,Em patamar,Berma pavimentada,Em plena via,Em estado regular,Estrada sem separador,Dois sentidos,Sem marcas rodoviárias ou pouco visíveis,Correctamente sinalizados,Outros,Inexistentes,Calçada,Fora da intersecção,Bom tempo,Em pleno dia,Seco e limpo,0,0,1,Arruamento sem separador,Via Secundária,0,,Avenida Infante Dom Henrique,Sem GPS - não estimado,2019,4,29,9,Manhã,Primavera,1,0,3,2,0,0,0,0,0,0,0,0,0,0,0,0,0,1,0,0,0,1,0
870,20191674765,2019-04-27 14:40:00,Sábado,No sentido decrescente da quilometragem,,,Direita,Dentro das localidades,Parque das Nações,Lisboa,Colisão,Colisão lateral com outro veículo em movimento,Recta,Em patamar,Berma pavimentada,Em plena via,Em bom estado,Outra via,Sentido único,Com marcas,Inexistentes,Cedência de passagem,Inexistentes,Betuminoso,Em cruzamento,Bom tempo,Em pleno dia,Seco e limpo,0,0,2,Arruamento com separador,Via Secundária,0,,Avenida Fernando Pessoa,Sem GPS - não estimado,2019,4,27,14,Tarde,Primavera,0,0,6,2,2,0,0,0,1,0,0,0,0,0,0,0,0,1,0,0,0,0,0
871,20191674775,2019-05-02 10:30:00,Quinta-Feira,No sentido crescente da quilometragem,38.7313638999999,-9.14189129999999,Direita,Dentro das localidades,Arroios,,Atropelamento,Atropelamento de peões,Recta,Com inclinação,Berma pavimentada,Em plena via,Em estado regular,Outra via,Sentido único,Sem marcas rodoviárias ou pouco visíveis,Inexistentes,Outros,Inexistentes,Betuminoso,Fora da intersecção,Bom tempo,Em pleno dia,Seco e limpo,0,0,1,Arruamento com separador,Via Secundária,11,,Rua Almirante Barroso,Sem GPS - estimado,2019,5,2,10,Manhã,Primavera,1,0,3,1,0,1,0,0,0,0,0,0,0,0,0,0,0,1,0,0,0,0,1
872,20191674786,2019-05-02 14:05:00,Quinta-Feira,NÃO DEFINIDO,38.74356,-9.1359,Direita,Dentro das localidades,Areeiro,Lisboa,Atropelamento,Atropelamento de peões,Recta,Em patamar,Sem berma ou impraticável,Em plena via,Em bom estado,Estrada sem separador,Sentido único,Sem marcas rodoviárias ou pouco visíveis,Inexistentes,Passagem de peões,Inexistentes,Betuminoso,Em entroncamento,Bom tempo,Em pleno dia,Seco e limpo,0,0,1,Arruamento sem separador,Via Secundária,0,,Avenida Madrid,Sem GPS - estimado,2019,5,2,14,Tarde,Primavera,1,0,3,1,0,1,0,0,1,0,0,0,0,0,0,0,0,1,0,0,0,0,1
873,20191674815,2019-04-29 19:20:00,Segunda-Feira,NÃO DEFINIDO,38.7384306,-9.1424433,Direita,Dentro das localidades,Avenidas Novas,,Atropelamento,Atropelamento de peões,Recta,Em patamar,Sem berma ou impraticável,Em plena via,Em bom estado,Estrada sem separador,Dois sentidos,Com marcas,Inexistentes,Outros,A funcionar normalmente,Betuminoso,Em cruzamento,Bom tempo,Aurora ou crepúsculo,Seco e limpo,0,0,1,Arruamento sem separador,Via Secundária,0,,Rua Dona Filipa de Vilhena,Sem GPS - estimado,2019,4,29,19,Noite,Primavera,1,0,3,1,0,1,0,0,0,0,0,0,0,0,0,0,0,1,0,0,0,0,1
874,20191674822,2019-04-28 13:00:00,Domingo,NÃO DEFINIDO,,,Direita,Dentro das localidades,Alvalade,Lisboa,Colisão,Colisão lateral com outro veículo em movimento,Recta,Em patamar,Sem berma ou impraticável,Em plena via,Em bom estado,Outra via,Sentido único,Com marcas,Inexistentes,Outros,Inexistentes,Betuminoso,Fora da intersecção,Bom tempo,Em pleno dia,Seco e limpo,0,1,0,Arruamento com separador,2ª Circular,0,,Avenida Marechal Craveiro Lopes,Sem GPS - não estimado,2019,4,28,13,Tarde,Primavera,0,1,10,2,0,0,0,0,0,0,0,0,0,0,0,0,0,1,0,1,0,0,0
875,20191674832,2019-04-28 16:50:00,Domingo,No sentido decrescente da quilometragem,38.7697112,-9.098128,Direita,Dentro das localidades,Parque das Nações,Lisboa,Colisão,Colisão traseira com outro veículo em movimento,Recta,Com inclinação,Sem berma ou impraticável,Em plena via,Em estado regular,Outra via,Sentido único,Sem marcas rodoviárias ou pouco visíveis,Inexistentes,Outros,Inexistentes,Betuminoso,Fora da intersecção,Bom tempo,Em pleno dia,Seco e limpo,0,0,1,Arruamento com separador,Via Secundária,35,,Avenida Dom João II,Sem GPS - estimado,2019,4,28,16,Tarde,Primavera,0,0,3,2,0,0,0,0,0,0,0,0,0,0,0,0,0,1,0,1,0,0,0
876,20191674874,2019-04-25 21:15:00,Quinta-Feira,No sentido decrescente da quilometragem,,,Esquerda,Dentro das localidades,Campolide,Lisboa,Colisão,Colisão choque em cadeia,Recta,Em patamar,Berma pavimentada,Em plena via,Em estado regular,Outra via,Sentido único,Com marcas,Inexistentes,NÃO DEFINIDO,Inexistentes,Betuminoso,Fora da intersecção,Bom tempo,"Noite, com iluminação",Seco e limpo,0,0,1,Arruamento com separador,Via Secundária,0,,Avenida Engenheiro Duarte Pacheco,Sem GPS - não estimado,2019,4,25,21,Noite,Primavera,0,0,3,4,0,0,0,0,0,0,0,0,0,0,0,0,0,1,0,0,0,0,0
877,20191674876,2019-04-24 08:10:00,Quarta-Feira,No sentido decrescente da quilometragem,,,Central,Dentro das localidades,Campo de Ourique,,Despiste,Despiste com dispositivo de retenção,Recta,Com inclinação,Sem berma ou impraticável,Em plena via,Em estado regular,Outra via,Sentido único,Com marcas,Inexistentes,NÃO DEFINIDO,Inexistentes,Betuminoso,Fora da intersecção,Chuva,Em pleno dia,Molhado,0,0,1,Arruamento com separador,Via Secundária,0,,Avenida Engenheiro Duarte Pacheco,Sem GPS - não estimado,2019,4,24,8,Manhã,Primavera,1,0,3,1,0,0,0,0,0,0,0,0,0,0,0,0,0,0,0,1,0,0,0
878,20191674879,2019-04-20 22:20:00,Sábado,NÃO DEFINIDO,,,Esquerda,Dentro das localidades,Arroios,,Despiste,Despiste com dispositivo de retenção,Recta,Em patamar,Sem berma ou impraticável,Em plena via,Em estado regular,Estrada sem separador,Dois sentidos,Com marcas,Inexistentes,Cedência de passagem,Inexistentes,Betuminoso,Em entroncamento,Bom tempo,"Noite, com iluminação",Seco e limpo,0,0,1,Arruamento sem separador,Via Secundária,0,,Rua Pascoal de Melo,Sem GPS - não estimado,2019,4,20,22,Noite,Primavera,0,0,3,1,0,0,0,0,0,0,0,0,0,0,0,0,0,0,0,1,0,0,0
879,20191674897,2019-04-25 15:15:00,Quinta-Feira,NÃO DEFINIDO,,,Direita,Dentro das localidades,Santa Maria dos Olivais,,Despiste,Despiste com colisão com veículo imobil. ou obstáculo,Curva,Em patamar,Berma pavimentada,Em plena via,Em estado regular,Estrada sem separador,Dois sentidos,Com marcas,Inexistentes,Outros,Inexistentes,Betuminoso,Em rotunda,Bom tempo,Em pleno dia,Seco e limpo,0,0,1,Arruamento sem separador,Via Secundária,0,,Rua C do Aeroporto de Lisboa,Sem GPS - não estimado,2019,4,25,15,Tarde,Primavera,0,0,3,1,0,0,0,0,0,0,0,0,0,0,0,0,0,1,0,0,0,0,0
880,20191674940,2019-04-30 23:30:00,Terça-Feira,NÃO DEFINIDO,,,Direita,Dentro das localidades,Arroios,,Colisão,Colisão lateral com outro veículo em movimento,Curva,Com inclinação,Sem berma ou impraticável,Em plena via,Em estado regular,Estrada sem separador,Sentido único,Sem marcas rodoviárias ou pouco visíveis,Inexistentes,Outros,A funcionar normalmente,Betuminoso,Em entroncamento,Bom tempo,"Noite, com iluminação",Seco e limpo,0,0,1,Arruamento sem separador,Via Secundária,0,,Praça José Fontana,Sem GPS - não estimado,2019,4,30,23,Noite,Primavera,1,0,3,2,0,0,0,0,0,0,0,0,0,0,0,0,0,1,0,1,0,0,0
881,20191674964,2019-04-30 22:45:00,Terça-Feira,NÃO DEFINIDO,38.7260883,-9.12856539999999,Direita,Dentro das localidades,Penha de França,Lisboa,Atropelamento,Atropelamento de peões,Recta,Com inclinação,Sem berma ou impraticável,Em plena via,Em bom estado,Estrada sem separador,Dois sentidos,Com marcas,Inexistentes,Passagem de peões,A funcionar normalmente,Betuminoso,Em entroncamento,Bom tempo,"Noite, com iluminação",Seco e limpo,0,0,1,Arruamento sem separador,Via Secundária,83,,Avenida General Roçadas,Sem GPS - estimado,2019,4,30,22,Noite,Primavera,1,0,3,1,0,1,0,0,0,0,0,0,0,0,0,0,1,1,0,0,0,0,1
882,20191674970,2019-04-03 18:05:00,Quarta-Feira,NÃO DEFINIDO,38.7344750999999,-9.1549378,Direita,Dentro das localidades,Avenidas Novas,Lisboa,Atropelamento,Atropelamento de peões,Recta,Em patamar,Sem berma ou impraticável,Em plena via,Em bom estado,Estrada sem separador,Sentido único,Sem marcas rodoviárias ou pouco visíveis,Inexistentes,Outros,Desligada,Betuminoso,Fora da intersecção,Bom tempo,Em pleno dia,Seco e limpo,0,0,1,Arruamento sem separador,Via Secundária,1,,Avenida Ressano Garcia,Sem GPS - estimado,2019,4,3,18,Noite,Primavera,1,0,3,1,0,1,0,0,0,0,0,0,0,0,0,0,0,1,0,0,0,0,1
883,20191675042,2019-05-05 19:10:00,Domingo,NÃO DEFINIDO,38.7179079,-9.15142419999999,Direita,Dentro das localidades,Santo António,Lisboa,Atropelamento,Atropelamento de peões,Recta,Em patamar,Sem berma ou impraticável,Em plena via,Em bom estado,Estrada sem separador,Dois sentidos,Com marcas,Inexistentes,Passagem de peões,Inexistentes,Betuminoso,Fora da intersecção,Bom tempo,Em pleno dia,Seco e limpo,0,0,2,Arruamento sem separador,Via Secundária,58,,Rua Escola Politécnica,Sem GPS - estimado,2019,5,5,19,Noite,Primavera,0,0,6,1,0,2,0,0,0,0,0,0,0,0,0,0,0,1,0,0,0,0,1
884,20191675066,2019-04-14 07:20:00,Domingo,NÃO DEFINIDO,,,Central,Dentro das localidades,Alcântara,Lisboa,Colisão,Colisão com outras situações,Recta,Em patamar,Sem berma ou impraticável,Em plena via,Em estado regular,Estrada sem separador,Dois sentidos,Com marcas,Inexistentes,Outros,Inexistentes,Betuminoso,Em entroncamento,Chuva,Em pleno dia,Molhado,0,0,1,Arruamento sem separador,Via Secundária,0.00,,Avenida Brasília,Sem GPS - não estimado,2019,4,14,7,Manhã,Primavera,0,0,3,2,0,0,0,0,0,0,0,0,1,0,0,0,0,1,0,1,0,0,0
885,20191675099,2019-05-01 22:55:00,Quarta-Feira,NÃO DEFINIDO,,,Central,Dentro das localidades,Alvalade,,Colisão,Colisão lateral com outro veículo em movimento,Recta,Em patamar,Berma pavimentada,Em plena via,Em estado regular,Estrada sem separador,Sentido único,Com marcas,Inexistentes,Outros,A funcionar normalmente,Betuminoso,Em cruzamento,Bom tempo,"Noite, com iluminação",Seco e limpo,0,0,1,Arruamento sem separador,Via Secundária,0,,Campo Grande,Sem GPS - não estimado,2019,5,1,22,Noite,Primavera,0,0,3,2,0,0,0,1,0,0,0,0,0,0,0,0,0,1,0,1,0,0,0
886,20191675109,2019-04-30 15:30:00,Terça-Feira,NÃO DEFINIDO,,,Direita,Dentro das localidades,Benfica,,Despiste,Despiste sem dispositivo de retenção,Curva,Com inclinação,Sem berma ou impraticável,Em plena via,Em estado regular,Outra via,Sentido único,Sem marcas rodoviárias ou pouco visíveis,Inexistentes,NÃO DEFINIDO,Inexistentes,Betuminoso,Fora da intersecção,Bom tempo,Em pleno dia,Seco e limpo,0,0,1,Arruamento com separador,Via Secundária,0,,Estrada Calhariz de Benfica,Sem GPS - não estimado,2019,4,30,15,Tarde,Primavera,1,0,3,1,0,0,0,0,0,0,0,0,0,0,0,0,0,0,0,0,0,1,0
887,20191675112,2019-04-30 07:40:00,Terça-Feira,NÃO DEFINIDO,,,Direita,Dentro das localidades,Parque das Nações,,Colisão,Colisão lateral com outro veículo em movimento,Recta,Em patamar,Berma pavimentada,Em plena via,Em bom estado,Estrada sem separador,Sentido único,Com marcas,Inexistentes,Outros,A funcionar normalmente,Betuminoso,Em entroncamento,Bom tempo,Em pleno dia,Seco e limpo,0,0,2,Arruamento sem separador,Via Secundária,0,,Praça José Queirós,Sem GPS - não estimado,2019,4,30,7,Manhã,Primavera,1,0,6,2,2,0,0,0,0,0,0,0,0,0,0,0,0,1,1,0,0,0,0
888,20191675113,2019-04-30 08:40:00,Terça-Feira,NÃO DEFINIDO,,,Direita,Dentro das localidades,Ajuda,,Colisão,Colisão lateral com outro veículo em movimento,Recta,Com inclinação,Berma pavimentada,Em plena via,Em estado regular,Estrada sem separador,Dois sentidos,Com marcas,Inexistentes,Outros,A funcionar normalmente,Betuminoso,Em cruzamento,Bom tempo,Em pleno dia,Seco e limpo,0,0,1,Arruamento sem separador,Via Secundária,0,,Calçada Galvão,Sem GPS - não estimado,2019,4,30,8,Manhã,Primavera,1,0,3,2,1,0,0,0,0,0,0,0,0,0,0,0,0,1,0,0,0,0,0
889,20191675122,2019-04-30 07:45:00,Terça-Feira,No sentido crescente da quilometragem,,,Esquerda,Dentro das localidades,Alvalade,,Colisão,Colisão lateral com outro veículo em movimento,Recta,Em patamar,Berma pavimentada,Em plena via,Em estado regular,Outra via,Sentido único,Com marcas,Inexistentes,NÃO DEFINIDO,Inexistentes,Betuminoso,Fora da intersecção,Bom tempo,Em pleno dia,Seco e limpo,0,0,1,Arruamento com separador,Via Secundária,0,,Avenida Professor Gama Pinto,Sem GPS - não estimado,2019,4,30,7,Manhã,Primavera,1,0,3,2,0,0,0,0,0,0,0,0,0,0,0,0,0,1,0,1,0,0,0
890,20191675152,2019-04-30 17:50:00,Terça-Feira,No sentido crescente da quilometragem,38.7311222,-9.1344077,Direita,Dentro das localidades,Arroios,,Despiste,Despiste sem dispositivo de retenção,Recta,Em patamar,Berma pavimentada,Em plena via,Em estado regular,Outra via,Sentido único,Com marcas,Inexistentes,Outros,Inexistentes,Betuminoso,Fora da intersecção,Bom tempo,Em pleno dia,Seco e limpo,0,0,1,Arruamento com separador,Via Secundária,60,,Avenida Almirante Reis,Sem GPS - estimado,2019,4,30,17,Tarde,Primavera,1,0,3,2,0,0,1,0,0,0,0,0,0,0,0,0,0,1,0,0,0,1,0
891,20191675155,2019-04-24 10:30:00,Quarta-Feira,NÃO DEFINIDO,,,Direita,Dentro das localidades,Parque das Nações,,Colisão,Colisão lateral com outro veículo em movimento,Recta,Em patamar,Berma pavimentada,Em plena via,Em estado regular,Estrada sem separador,Dois sentidos,Com marcas,Inexistentes,Outros,Inexistentes,Betuminoso,Em cruzamento,Bom tempo,Em pleno dia,Seco e limpo,0,0,1,Arruamento sem separador,Via Secundária,0.00,,Avenida Fernando Pessoa,Sem GPS - não estimado,2019,4,24,10,Manhã,Primavera,1,0,3,2,1,0,0,0,0,0,0,0,0,0,0,0,0,1,0,0,0,0,0
892,20191675173,2019-04-21 03:00:00,Domingo,No sentido crescente da quilometragem,,,Direita,Dentro das localidades,São Domingos de Benfica,,Despiste,Despiste com dispositivo de retenção,Recta,Em patamar,Berma pavimentada,Em plena via,Em estado regular,Outra via,Sentido único,Com marcas,Inexistentes,Outros,Inexistentes,Betuminoso,Fora da intersecção,Bom tempo,"Noite, com iluminação",Seco e limpo,0,0,1,Arruamento com separador,Via Secundária,0,,Avenida Combatentes,Sem GPS - não estimado,2019,4,21,3,Madrugada,Primavera,0,0,3,1,0,0,0,0,0,0,0,0,0,0,0,0,0,1,0,0,0,0,0
893,20191675183,2019-04-20 21:30:00,Sábado,NÃO DEFINIDO,38.715645,-9.137039,Direita,Dentro das localidades,Santa Maria Maior,Lisboa,Colisão,Colisão traseira com outro veículo em movimento,Recta,Em patamar,Berma pavimentada,Em plena via,Em bom estado,Estrada sem separador,Sentido único,Com marcas,Inexistentes,Outros,Inexistentes,Betuminoso,Fora da intersecção,Bom tempo,"Noite, com iluminação",Seco e limpo,0,0,2,Arruamento sem separador,Via Secundária,39,,Rua Palma,Localização GPS,2019,4,20,21,Noite,Primavera,0,0,6,3,1,0,0,0,0,0,0,0,0,0,0,0,1,1,0,0,0,0,0
894,20191675205,2019-05-05 18:30:00,Domingo,NÃO DEFINIDO,38.770853,-9.093921,Direita,Dentro das localidades,Parque das Nações,Lisboa,Atropelamento,Atropelamento de peões,Recta,Em patamar,NÃO DEFINIDO,No passeio,Em bom estado,Estrada sem separador,Dois sentidos,Sem marcas rodoviárias ou pouco visíveis,Inexistentes,NÃO DEFINIDO,Inexistentes,Calçada,Em entroncamento,Bom tempo,Em pleno dia,Seco e limpo,0,0,1,Arruamento sem separador,Via Secundária,0,,Rua Bojador,Sem GPS - estimado,2019,5,5,18,Noite,Primavera,0,0,3,1,0,1,0,0,0,0,0,0,0,0,0,0,0,0,0,0,0,1,1
895,20191675218,2019-05-05 10:30:00,Domingo,NÃO DEFINIDO,,,Direita,Dentro das localidades,Alvalade,,Colisão,Colisão com outras situações,Curva,Em patamar,Sem berma ou impraticável,Em plena via,Em bom estado,Estrada sem separador,Sentido único,Com marcas,Inexistentes,Outros,A funcionar normalmente,Betuminoso,Em cruzamento,Bom tempo,Em pleno dia,Seco e limpo,0,0,1,Arruamento sem separador,Via Secundária,0,,Campo Grande,Sem GPS - não estimado,2019,5,5,10,Manhã,Primavera,0,0,3,2,1,0,0,1,0,0,0,0,0,0,0,0,0,1,0,0,0,0,0
896,20191675223,2019-05-02 00:45:00,Quinta-Feira,NÃO DEFINIDO,38.7065612,-9.1440639,Esquerda,Dentro das localidades,Misericórdia,Lisboa,Atropelamento,Atropelamento de peões,Recta,Em patamar,Berma pavimentada,Em plena via,Em bom estado,Outra via,Sentido único,Com marcas,Inexistentes,Passagem de peões,A funcionar normalmente,Betuminoso,Fora da intersecção,Bom tempo,"Noite, com iluminação",Seco e limpo,0,0,1,Arruamento com separador,Via Secundária,1,,Avenida 24 de Julho,Sem GPS - estimado,2019,5,2,0,Madrugada,Primavera,1,0,3,1,0,1,0,0,0,0,0,0,0,0,0,0,0,1,0,0,0,0,1
897,20191675233,2019-05-05 16:15:00,Domingo,No sentido crescente da quilometragem,,,Esquerda,Dentro das localidades,Lumiar,,Colisão,Colisão lateral com outro veículo em movimento,Recta,Com inclinação,Berma pavimentada,Em plena via,Em estado regular,Outra via,Sentido único,Sem marcas rodoviárias ou pouco visíveis,Inexistentes,Outros,A funcionar normalmente,Betuminoso,Fora da intersecção,Bom tempo,Em pleno dia,Seco e limpo,0,0,1,Arruamento com separador,Via Secundária,0,,Calçada Carriche,Sem GPS - não estimado,2019,5,5,16,Tarde,Primavera,0,0,3,2,0,0,0,0,0,0,0,0,0,0,0,0,0,1,0,0,0,0,0
898,20191675319,2019-04-27 07:07:00,Sábado,No sentido crescente da quilometragem,38.7066682,-9.2082712,Direita,Dentro das localidades,Belém,Lisboa,Despiste,Despiste com colisão com veículo imobil. ou obstáculo,Recta,Em patamar,Berma pavimentada,Em plena via,Em estado regular,Outra via,Sentido único,Com marcas,Inexistentes,NÃO DEFINIDO,Inexistentes,NÃO DEFINIDO,Fora da intersecção,Bom tempo,Aurora ou crepúsculo,Seco e limpo,0,0,2,Arruamento com separador,Via Secundária,45,,Avenida Ilha da Madeira,Sem GPS - estimado,2019,4,27,7,Manhã,Primavera,0,0,6,3,1,0,0,0,0,0,0,0,0,0,0,0,0,1,0,0,0,0,0
899,20191675336,2019-05-01 23:00:00,Quarta-Feira,No sentido decrescente da quilometragem,38.783173,-9.166027,Central,Dentro das localidades,Lumiar,Lisboa,Colisão,Colisão traseira com outro veículo em movimento,Recta,Em patamar,Berma pavimentada,Em plena via,Em estado regular,Outra via,Sentido único,Com marcas,Inexistentes,NÃO DEFINIDO,A funcionar normalmente,Betuminoso,Fora da intersecção,Bom tempo,"Noite, com iluminação",Seco e limpo,0,0,1,Arruamento com separador,Via Secundária,0,,Calçada Carriche,Localização GPS,2019,5,1,23,Noite,Primavera,0,0,3,2,0,0,0,0,0,0,0,0,0,0,0,0,0,1,0,0,0,0,0
900,20191675380,2019-05-06 18:25:00,Segunda-Feira,NÃO DEFINIDO,38.7075851,-9.1645777,Direita,Dentro das localidades,Estrela,Lisboa,Colisão,Colisão com outras situações,Recta,Em patamar,Berma pavimentada,Em plena via,Em estado regular,Estrada sem separador,Dois sentidos,Sem marcas rodoviárias ou pouco visíveis,Inexistentes,Cedência de passagem,Inexistentes,Calçada,Em entroncamento,Bom tempo,Em pleno dia,Seco e limpo,0,0,2,Arruamento sem separador,Via Secundária,54,,Rua Sacramento à Lapa,Sem GPS - estimado,2019,5,6,18,Noite,Primavera,1,0,6,2,1,0,0,0,1,0,0,0,0,0,0,0,0,1,0,0,0,0,0
901,20191675407,2019-05-07 19:30:00,Terça-Feira,No sentido crescente da quilometragem,38.7470958,-9.1049197,Direita,Dentro das localidades,Santa Maria dos Olivais,Lisboa,Despiste,Despiste sem dispositivo de retenção,Recta,Em patamar,Berma pavimentada,Em plena via,Em bom estado,Outra via,Sentido único,Com marcas,Inexistentes,Outros,Inexistentes,Betuminoso,Fora da intersecção,Chuva,Aurora ou crepúsculo,Molhado,0,0,1,Arruamento com separador,Via Secundária,347,,Avenida Infante Dom Henrique,Sem GPS - estimado,2019,5,7,19,Noite,Primavera,1,0,3,1,0,0,0,0,0,0,0,0,0,0,0,0,1,0,0,1,0,0,0
902,20191675410,2019-05-02 21:00:00,Quinta-Feira,NÃO DEFINIDO,38.7312845,-9.13668539999999,Esquerda,Dentro das localidades,Arroios,,Atropelamento,Atropelamento de peões,Recta,Em patamar,Berma pavimentada,Em plena via,Em estado regular,Estrada sem separador,Dois sentidos,Com marcas,Inexistentes,Outros,Inexistentes,Betuminoso,Fora da intersecção,Bom tempo,"Noite, com iluminação",Seco e limpo,0,0,1,Arruamento sem separador,Via Secundária,17,,Rua Pascoal de Melo,Sem GPS - estimado,2019,5,2,21,Noite,Primavera,1,0,3,1,0,1,0,0,0,0,0,0,0,0,0,0,0,1,0,0,0,0,1
903,20191675466,2019-04-27 15:45:00,Sábado,NÃO DEFINIDO,38.7177099,-9.1253283,Direita,Dentro das localidades,São Vicente,Lisboa,Despiste,Despiste com colisão com veículo imobil. ou obstáculo,Recta,Com inclinação,Berma pavimentada,Em plena via,Em bom estado,Estrada sem separador,Dois sentidos,Com marcas,Inexistentes,Outros,Inexistentes,Betuminoso,Fora da intersecção,Bom tempo,Em pleno dia,Seco e limpo,0,0,1,Arruamento sem separador,Via Secundária,32,,Rua Leite de Vasconcelos,Sem GPS - estimado,2019,4,27,15,Tarde,Primavera,0,0,3,3,0,0,0,0,0,0,0,0,0,0,0,0,1,1,0,0,0,0,0
904,20191675488,2019-05-06 11:30:00,Segunda-Feira,NÃO DEFINIDO,,,Direita,Dentro das localidades,Santa Maria dos Olivais,Lisboa,Despiste,Despiste sem dispositivo de retenção,Curva,Com inclinação,Sem berma ou impraticável,Em plena via,Em estado regular,Estrada sem separador,Sentido único,Com marcas,Inexistentes,Outros,Inexistentes,Betuminoso,Em entroncamento,Bom tempo,Em pleno dia,Seco e limpo,0,0,1,Arruamento sem separador,Via Secundária,0,,Rua Contra Almirante Armando Ferraz,Sem GPS - não estimado,2019,5,6,11,Manhã,Primavera,1,0,3,1,0,0,0,0,0,0,0,0,0,0,0,0,0,0,0,1,0,0,0
905,20191675490,2019-05-06 09:20:00,Segunda-Feira,NÃO DEFINIDO,38.7377416,-9.1364017,Direita,Dentro das localidades,Areeiro,,Atropelamento,Atropelamento de peões,Recta,Em patamar,Sem berma ou impraticável,NÃO DEFINIDO,Em bom estado,Estrada sem separador,Dois sentidos,Com marcas,Inexistentes,Outros,A funcionar normalmente,Betuminoso,Fora da intersecção,Bom tempo,Em pleno dia,Seco e limpo,0,0,1,Arruamento sem separador,Via Secundária,40,,Avenida Manuel da Maia,Sem GPS - estimado,2019,5,6,9,Manhã,Primavera,1,0,3,1,0,1,0,0,0,0,0,0,0,0,0,0,0,1,0,0,0,0,1
906,20191675565,2019-05-03 15:25:00,Sexta-Feira,No sentido decrescente da quilometragem,,,Direita,Dentro das localidades,Avenidas Novas,,Colisão,Colisão traseira com outro veículo em movimento,Recta,Em patamar,Sem berma ou impraticável,Em plena via,Em estado regular,Outra via,Sentido único,Com marcas,Inexistentes,Outros,Inexistentes,Betuminoso,Fora da intersecção,Bom tempo,Em pleno dia,Seco e limpo,0,0,1,Arruamento com separador,Via Secundária,0,,Rua Ivone Silva,Sem GPS - não estimado,2019,5,3,15,Tarde,Primavera,1,0,3,2,0,0,0,0,0,0,0,0,0,0,0,0,0,1,0,1,0,0,0
907,20191675566,2019-05-02 08:30:00,Quinta-Feira,NÃO DEFINIDO,38.7425492,-9.0994134,Esquerda,Dentro das localidades,Marvila,Lisboa,Colisão,Colisão lateral com outro veículo em movimento,Recta,Em patamar,Berma pavimentada,Em plena via,Em bom estado,Estrada sem separador,Dois sentidos,Com marcas,Inexistentes,Outros,Inexistentes,Betuminoso,Fora da intersecção,Bom tempo,Em pleno dia,Seco e limpo,0,0,2,Arruamento sem separador,Via Secundária,23,,Rua Cintura do Porto,Sem GPS - estimado,2019,5,2,8,Manhã,Primavera,1,0,6,2,0,0,0,0,0,0,0,0,0,0,0,0,0,1,0,1,0,0,0