,IdAcidente,Datahora,Dia da Semana,Sentidos,Latitude GPS,Longitude GPS,Via Trânsito,Localizações,Freguesia,Pov. Proxima,Tipo Natureza,Natureza,Tipo de Traçado,Inclinação do Traçado,Berma do Traçado,Localização do Traçado,Estado Conservação,Características Tecnicas,Reg Circulação,Marca Via,Obstáculos,Sinais,Sinais Luminosos,Tipo Piso,Intersecção Vias,Factores Atmosféricos,Luminosidade,Cond Aderência,VM,FG,FL,Tipos Vias,Via,Num arruamento,Km,Nome arruamento,Localização 2,Ano,Mês,Dia,Hora,Periodo,Estação,Dia Util,Gravidade,Indicador de Gravidade,Veículos envolvidos,Passageiros envolvidos,Peões envolvidos,Inf/Ação: Abertura de porta,Inf/Ação: Desrespeito da sinalização semafórica,Inf/Ação: Desrespeito da sinalização vertical,Inf/Ação: Desrespeito das distâncias de segurança,Inf/Ação: Desrespeito das marcas rodoviárias,Inf/Ação: Encandeamento,Inf/Ação: Manobra irregular,Inf/Ação: Não sinalização da manobra,Inf/Ação: Obstáculo imprevisto na faixa de rodagem,Inf/Ação: Rebentamento de pneumático,Inf/Ação: Velocidade excessiva para as condições existentes,Automóvel ligeiro,Automóvel pesado,Motociclos/Ciclomotores,Outros Veículos,Velocípedes,Peões
908,20191675569,2019-05-07 11:40:00,Terça-Feira,NÃO DEFINIDO,38.7187552999999,-9.1697414,Direita,Dentro das localidades,Campo de Ourique,Lisboa,Atropelamento,Atropelamento de peões,Recta,Com inclinação,Sem berma ou impraticável,Em plena via,Em bom estado,Estrada sem separador,Dois sentidos,Com marcas,Inexistentes,Passagem de peões,Inexistentes,Betuminoso,Fora da intersecção,Chuva,Em pleno dia,Molhado,0,0,1,Arruamento sem separador,Via Secundária,53,,Rua Sampaio Bruno,Sem GPS - estimado,2019,5,7,11,Manhã,Primavera,1,0,3,1,0,1,0,0,0,0,0,0,0,0,0,0,0,0,1,0,0,0,1
909,20191675573,2019-05-07 13:50:00,Terça-Feira,NÃO DEFINIDO,38.724131,-9.129401,Direita,Dentro das localidades,Penha de França,,Atropelamento,Atropelamento de peões,Recta,Em patamar,Sem berma ou impraticável,Em plena via,Em bom estado,Estrada sem separador,Dois sentidos,Com marcas,Inexistentes,Outros,Inexistentes,Betuminoso,Fora da intersecção,Chuva,Em pleno dia,Molhado,0,0,1,Arruamento sem separador,Via Secundária,108,,Rua Penha de França,Localização GPS,2019,5,7,13,Tarde,Primavera,1,0,3,1,0,1,0,0,0,0,0,0,0,0,0,0,0,1,0,0,0,0,1
910,20191675751,2019-05-04 17:40:00,Sábado,No sentido decrescente da quilometragem,38.7246383,-9.1577747,Direita,Dentro das localidades,Campolide,,Colisão,Colisão lateral com outro veículo em movimento,NÃO DEFINIDO,NÃO DEFINIDO,NÃO DEFINIDO,NÃO DEFINIDO,NÃO DEFINIDO,Outra via,Sentido único,Com marcas,Inexistentes,Outros,Inexistentes,NÃO DEFINIDO,Fora da intersecção,Bom tempo,Em pleno dia,NÃO DEFINIDO,0,0,1,Arruamento com separador,Via Secundária,15,,Avenida Engenheiro Duarte Pacheco,Sem GPS - estimado,2019,5,4,17,Tarde,Primavera,0,0,3,2,1,0,0,0,0,0,0,0,0,0,0,0,0,1,1,0,0,0,0
911,20191675770,2019-05-08 12:20:00,Quarta-Feira,No sentido decrescente da quilometragem,38.734389,-9.163305,Central,Dentro das localidades,Campolide,Lisboa,Despiste,Despiste sem dispositivo de retenção,Recta,Com inclinação,Berma pavimentada,Em plena via,Em bom estado,Outra via,Sentido único,Com marcas,Inexistentes,Outros,Inexistentes,Betuminoso,Fora da intersecção,Chuva,Em pleno dia,Molhado,0,0,1,Arruamento com separador,Via Secundária,0,,Avenida Calouste Gulbenkian,Localização GPS,2019,5,8,12,Tarde,Primavera,1,0,3,1,0,0,0,0,0,0,0,0,0,0,0,0,0,1,0,0,0,0,0
912,20191675832,2019-05-08 18:30:00,Quarta-Feira,No sentido decrescente da quilometragem,,,Esquerda,Dentro das localidades,Benfica,Lisboa,Colisão,Colisão traseira com outro veículo em movimento,Recta,Com inclinação,Berma pavimentada,Em plena via,Em estado regular,Outra via,Sentido único,Com marcas,Inexistentes,Outros,Inexistentes,Betuminoso,Fora da intersecção,Chuva,Em pleno dia,Molhado,0,0,2,Arruamento com separador,2ª Circular,0,,Avenida Eusébio da Silva Ferreira,Sem GPS - não estimado,2019,5,8,18,Noite,Primavera,1,0,6,2,0,0,0,0,0,1,0,0,0,0,0,0,0,1,0,0,0,0,0
913,20191675840,2019-05-05 20:00:00,Domingo,NÃO DEFINIDO,,,Direita,Dentro das localidades,Santa Maria Maior,,Colisão,Colisão lateral com outro veículo em movimento,Recta,Com inclinação,Sem berma ou impraticável,Em plena via,Em estado regular,Estrada sem separador,Dois sentidos,Sem marcas rodoviárias ou pouco visíveis,Inexistentes,Outros,Inexistentes,Betuminoso,Em entroncamento,Bom tempo,Aurora ou crepúsculo,Seco e limpo,0,0,1,Arruamento sem separador,Via Secundária,0,,Rua Nova da Trindade,Sem GPS - não estimado,2019,5,5,20,Noite,Primavera,0,0,3,2,0,0,0,0,0,0,0,0,0,0,0,0,0,1,0,0,0,0,0
914,20191675870,2019-05-03 09:45:00,Sexta-Feira,No sentido crescente da quilometragem,,,Direita,Dentro das localidades,Santa Clara,Lisboa,Colisão,Colisão traseira com outro veículo em movimento,Recta,Com inclinação,Sem berma ou impraticável,Em plena via,Em estado regular,Outra via,Sentido único,Com marcas,Inexistentes,Outros,Inexistentes,Betuminoso,Fora da intersecção,Bom tempo,Em pleno dia,Seco e limpo,0,0,1,Arruamento com separador,Via Secundária,0,,Avenida Santos e Castro,Sem GPS - não estimado,2019,5,3,9,Manhã,Primavera,1,0,3,2,0,0,0,0,0,0,0,0,0,0,0,0,0,0,1,1,0,0,0
915,20191675892,2019-05-02 14:50:00,Quinta-Feira,No sentido crescente da quilometragem,,,Esquerda,Dentro das localidades,São Domingos de Benfica,,Despiste,Despiste com dispositivo de retenção,Recta,Em patamar,Sem berma ou impraticável,Em plena via,Em estado regular,Outra via,Sentido único,Com marcas,Inexistentes,Outros,Inexistentes,Betuminoso,Fora da intersecção,Bom tempo,Em pleno dia,Seco e limpo,0,0,1,Arruamento com separador,2ª Circular,0,,Avenida Eusébio da Silva Ferreira,Sem GPS - não estimado,2019,5,2,14,Tarde,Primavera,1,0,3,1,0,0,0,0,0,0,0,0,0,0,0,0,0,0,0,1,0,0,0
916,20191675896,2019-04-23 14:05:00,Terça-Feira,NÃO DEFINIDO,,,Direita,Dentro das localidades,Avenidas Novas,,Colisão,Colisão lateral com outro veículo em movimento,Curva,Em patamar,Berma pavimentada,Em plena via,Em bom estado,Estrada sem separador,Sentido único,Com marcas,Inexistentes,Outros,A funcionar normalmente,Betuminoso,Em rotunda,Bom tempo,Em pleno dia,Seco e limpo,0,0,1,Arruamento sem separador,Via Secundária,0,,Praça Marquês Pombal,Sem GPS - não estimado,2019,4,23,14,Tarde,Primavera,1,0,3,2,1,0,0,0,0,0,0,0,0,0,0,0,0,1,1,0,0,0,0
917,20191675919,2019-05-10 23:00:00,Sexta-Feira,NÃO DEFINIDO,38.697692,-9.1931481,Direita,Dentro das localidades,Belém,,Atropelamento,Atropelamento de peões,Recta,Em patamar,Berma pavimentada,Em plena via,Em estado regular,Estrada sem separador,Dois sentidos,Com marcas,Inexistentes,Passagem de peões,Inexistentes,Betuminoso,Fora da intersecção,Bom tempo,"Noite, sem iluminação",Seco e limpo,0,0,2,Arruamento sem separador,Via Secundária,214,,Rua Junqueira,Sem GPS - estimado,2019,5,10,23,Noite,Primavera,1,0,6,1,0,1,0,0,1,0,0,0,0,0,0,0,0,0,0,1,0,0,1
918,20191675922,2019-04-30 19:30:00,Terça-Feira,NÃO DEFINIDO,,,Direita,Dentro das localidades,Marvila,,Colisão,Colisão com outras situações,Recta,Em patamar,Berma pavimentada,Em plena via,Em bom estado,Estrada sem separador,Dois sentidos,Sem marcas rodoviárias ou pouco visíveis,Inexistentes,Cedência de passagem,Inexistentes,Betuminoso,Em entroncamento,Bom tempo,Aurora ou crepúsculo,Seco e limpo,0,0,2,Arruamento sem separador,Via Secundária,0,,Praça Eduardo Mondlane,Sem GPS - não estimado,2019,4,30,19,Noite,Primavera,1,0,6,1,1,0,0,0,0,0,0,0,0,0,0,0,0,0,0,1,0,0,0
919,20191675924,2019-05-09 09:55:00,Quinta-Feira,NÃO DEFINIDO,38.7531188,-9.147503,Direita,Dentro das localidades,Alvalade,Lisboa,Atropelamento,Atropelamento de peões,Recta,Em patamar,Sem berma ou impraticável,Em plena via,Em mau estado,Estrada sem separador,Dois sentidos,Sem marcas rodoviárias ou pouco visíveis,Inexistentes,Outros,Inexistentes,Terra batida,Fora da intersecção,Chuva,Em pleno dia,Escorregadio por outros fatores,0,0,1,Arruamento sem separador,Via Secundária,21,,Rua Fernando Caldeira,Sem GPS - estimado,2019,5,9,9,Manhã,Primavera,1,0,3,1,0,1,0,0,0,0,0,0,0,0,0,0,0,1,0,0,0,0,1
920,20191675925,2019-04-29 09:20:00,Segunda-Feira,NÃO DEFINIDO,,,Direita,Dentro das localidades,Santa Maria dos Olivais,,Despiste,Despiste sem dispositivo de retenção,Recta,Em patamar,Berma pavimentada,Em plena via,Em bom estado,Estrada sem separador,Dois sentidos,Com marcas,Inexistentes,Outros,Inexistentes,Betuminoso,Fora da intersecção,Bom tempo,Em pleno dia,Seco e limpo,0,0,1,Arruamento sem separador,Via Secundária,0,,Avenida Doutor Francisco Luís Gomes,Sem GPS - não estimado,2019,4,29,9,Manhã,Primavera,1,0,3,1,0,0,0,0,0,0,0,0,0,0,0,0,0,0,0,1,0,0,0
921,20191675927,2019-05-08 14:20:00,Quarta-Feira,No sentido decrescente da quilometragem,,,Esquerda,Dentro das localidades,Campolide,,Despiste,Despiste com dispositivo de retenção,Recta,Em patamar,NÃO DEFINIDO,NÃO DEFINIDO,Em estado regular,Outra via,Sentido único,Com marcas,Inexistentes,Outros,Inexistentes,Betuminoso,Fora da intersecção,Chuva,Em pleno dia,Molhado,0,0,2,IP - Itinerário Principal,IP7,,9.3,,Sem GPS - não estimado,2019,5,8,14,Tarde,Primavera,1,0,6,1,1,0,0,0,0,0,0,0,0,0,0,0,0,1,0,0,0,0,0
922,20191675975,2019-05-10 10:00:00,Sexta-Feira,NÃO DEFINIDO,38.732541,-9.172068,Direita,Dentro das localidades,Campolide,Lisboa,Despiste,Despiste sem dispositivo de retenção,Curva,Com inclinação,Berma pavimentada,Em plena via,Em estado regular,Estrada sem separador,Sentido único,Com marcas,Correctamente sinalizados,NÃO DEFINIDO,Inexistentes,Betuminoso,Em rotunda,Chuva,Em pleno dia,Molhado,0,0,1,Arruamento sem separador,Via Secundária,0,,Rua Inácio Pardelhas Sanchez,Localização GPS,2019,5,10,10,Manhã,Primavera,1,0,3,1,0,0,0,0,0,0,0,0,0,0,0,0,0,0,0,1,0,0,0
923,20191675977,2019-05-10 08:55:00,Sexta-Feira,NÃO DEFINIDO,38.7366654,-9.1424129,Direita,Dentro das localidades,Avenidas Novas,,Atropelamento,Atropelamento de peões,Recta,Em patamar,Berma pavimentada,Em plena via,Em bom estado,Estrada sem separador,Dois sentidos,Com marcas,Inexistentes,Outros,A funcionar normalmente,Betuminoso,Fora da intersecção,Chuva,Em pleno dia,Molhado,0,0,1,Arruamento sem separador,Via Secundária,12,,Rua Dona Filipa de Vilhena,Sem GPS - estimado,2019,5,10,8,Manhã,Primavera,1,0,3,1,0,1,0,0,0,0,0,0,0,0,0,0,0,0,0,1,0,0,1
924,20191675992,2019-05-06 20:30:00,Segunda-Feira,NÃO DEFINIDO,38.7645827,-9.1714137,Direita,Dentro das localidades,Lumiar,,Colisão,Colisão traseira com outro veículo em movimento,Curva,Em patamar,Berma pavimentada,Em plena via,Em estado regular,Estrada sem separador,Dois sentidos,Sem marcas rodoviárias ou pouco visíveis,Inexistentes,NÃO DEFINIDO,Inexistentes,Betuminoso,Em entroncamento,Bom tempo,"Noite, com iluminação",Seco e limpo,0,0,1,Arruamento sem separador,Via Secundária,80,,Rua Professor Queiroz Veloso,Sem GPS - estimado,2019,5,6,20,Noite,Primavera,1,0,3,2,0,0,0,0,0,0,0,0,1,0,0,0,0,1,0,1,0,0,0
925,20191675997,2019-05-06 21:10:00,Segunda-Feira,NÃO DEFINIDO,38.7502134,-9.2049407,Direita,Dentro das localidades,Benfica,,Colisão,Colisão com outras situações,Recta,Em patamar,Sem berma ou impraticável,Em plena via,Em estado regular,Estrada sem separador,Dois sentidos,Sem marcas rodoviárias ou pouco visíveis,Inexistentes,NÃO DEFINIDO,Inexistentes,Betuminoso,Fora da intersecção,Bom tempo,"Noite, com iluminação",Seco e limpo,0,0,1,Arruamento sem separador,Via Secundária,6,,Rua Nossa Senhora Amparo,Sem GPS - estimado,2019,5,6,21,Noite,Primavera,1,0,3,2,0,0,0,0,0,0,0,0,0,0,0,0,0,1,0,1,0,0,0
926,20191676000,2019-05-06 22:00:00,Segunda-Feira,NÃO DEFINIDO,38.7497634,-9.1446691,Direita,Dentro das localidades,Alvalade,,Despiste,Despiste sem dispositivo de retenção,Recta,Em patamar,Berma pavimentada,Em plena via,Em bom estado,Estrada sem separador,Dois sentidos,Com marcas,Inexistentes,Outros,Inexistentes,Betuminoso,Fora da intersecção,Bom tempo,"Noite, com iluminação",Seco e limpo,0,0,1,Arruamento sem separador,Via Secundária,20,,Rua António Patrício,Sem GPS - estimado,2019,5,6,22,Noite,Primavera,1,0,3,1,0,0,0,0,0,0,0,0,0,0,0,0,0,0,0,1,0,0,0
927,20191676019,2019-04-29 09:30:00,Segunda-Feira,NÃO DEFINIDO,,,Direita,Dentro das localidades,Penha de França,,Despiste,Despiste com dispositivo de retenção,Recta,Com inclinação,Sem berma ou impraticável,Em plena via,Em estado regular,Estrada sem separador,Dois sentidos,Com marcas,Inexistentes,Outros,Inexistentes,Betuminoso,Fora da intersecção,Bom tempo,Em pleno dia,Seco e limpo,0,0,1,Arruamento sem separador,Via Secundária,0,,Avenida Afonso III,Sem GPS - não estimado,2019,4,29,9,Manhã,Primavera,1,0,3,1,0,0,0,0,0,0,0,0,0,0,0,0,0,0,0,1,0,0,0
928,20191676088,2019-05-10 20:00:00,Sexta-Feira,NÃO DEFINIDO,38.70762,-9.135678,Direita,Dentro das localidades,Santa Maria Maior,Lisboa,Atropelamento,Atropelamento de peões,Recta,Em patamar,Berma pavimentada,No passeio,Em bom estado,Estrada sem separador,Dois sentidos,Sem marcas rodoviárias ou pouco visíveis,Inexistentes,Outros,Inexistentes,Calçada,Fora da intersecção,Bom tempo,Aurora ou crepúsculo,Seco e limpo,0,0,1,Arruamento sem separador,Via Secundária,0,,Praça Comércio,Localização GPS,2019,5,10,20,Noite,Primavera,1,0,3,1,0,1,0,0,0,0,0,0,0,0,0,0,0,0,0,0,0,1,1
929,20191676097,2019-05-10 10:15:00,Sexta-Feira,No sentido decrescente da quilometragem,,,Esquerda,Dentro das localidades,Belém,,Colisão,Colisão com outras situações,Recta,Em patamar,Sem berma ou impraticável,Em plena via,Em estado regular,Outra via,Sentido único,Com marcas,Inexistentes,NÃO DEFINIDO,A funcionar normalmente,Betuminoso,Fora da intersecção,Bom tempo,Em pleno dia,Seco e limpo,0,0,1,Arruamento com separador,Via Secundária,0,,Avenida Brasília,Sem GPS - não estimado,2019,5,10,10,Manhã,Primavera,1,0,3,2,0,0,0,0,0,0,0,0,0,0,0,0,0,1,0,0,0,0,0
930,20191676113,2019-05-11 12:40:00,Sábado,NÃO DEFINIDO,38.7148875999999,-9.1276501,Direita,Dentro das localidades,São Vicente,Lisboa,Atropelamento,Atropelamento de peões,Recta,Em patamar,Berma pavimentada,Em plena via,Em estado regular,Estrada sem separador,Dois sentidos,Sem marcas rodoviárias ou pouco visíveis,Inexistentes,Passagem de peões,Inexistentes,Betuminoso,Fora da intersecção,Bom tempo,Em pleno dia,Seco e limpo,0,0,1,Arruamento sem separador,Via Secundária,0,,Largo São Vicente,Sem GPS - estimado,2019,5,11,12,Tarde,Primavera,0,0,3,1,0,1,0,0,0,0,0,0,0,0,0,0,0,1,0,0,0,0,1
931,20191676117,2019-05-06 12:45:00,Segunda-Feira,NÃO DEFINIDO,38.7385618,-9.1411702,Direita,Dentro das localidades,Areeiro,,Colisão,Colisão lateral com outro veículo em movimento,Recta,Em patamar,Berma pavimentada,Em plena via,Em estado regular,Estrada sem separador,Sentido único,Com marcas,Inexistentes,NÃO DEFINIDO,Inexistentes,Betuminoso,Em cruzamento,Bom tempo,Em pleno dia,Seco e limpo,0,0,1,Arruamento sem separador,Via Secundária,2,,Rua Bacelar e Silva,Sem GPS - estimado,2019,5,6,12,Tarde,Primavera,1,0,3,3,0,0,0,0,0,0,0,0,0,0,0,0,0,1,0,1,0,0,0
932,20191676121,2019-05-07 20:20:00,Terça-Feira,NÃO DEFINIDO,,,Direita,Dentro das localidades,Arroios,,Despiste,Despiste sem dispositivo de retenção,Recta,Em patamar,Sem berma ou impraticável,Em plena via,Em bom estado,Estrada sem separador,Sentido único,Com marcas,Inexistentes,Outros,A funcionar normalmente,Betuminoso,Em cruzamento,Chuva,"Noite, com iluminação",Molhado,0,0,1,Arruamento sem separador,Via Secundária,0,,Praça Chile,Sem GPS - não estimado,2019,5,7,20,Noite,Primavera,1,0,3,1,0,0,0,0,0,0,0,0,0,0,0,0,1,0,0,1,0,0,0
933,20191676124,2019-05-06 12:30:00,Segunda-Feira,NÃO DEFINIDO,38.7409553,-9.1331027,Direita,Dentro das localidades,Areeiro,,Atropelamento,Atropelamento de peões,Recta,Em patamar,Sem berma ou impraticável,Em plena via,Em bom estado,Estrada sem separador,Sentido único,Sem marcas rodoviárias ou pouco visíveis,Inexistentes,Outros,A funcionar normalmente,Betuminoso,Fora da intersecção,Chuva,Em pleno dia,Molhado,0,0,1,Arruamento sem separador,Via Secundária,17,,Rua Actriz Virgínia,Sem GPS - estimado,2019,5,6,12,Tarde,Primavera,1,0,3,1,0,1,0,1,0,0,0,0,0,0,0,0,0,1,0,0,0,0,1
934,20191676127,2019-05-06 11:10:00,Segunda-Feira,NÃO DEFINIDO,,,Esquerda,Dentro das localidades,Areeiro,,Colisão,Colisão com outras situações,Recta,Com inclinação,Sem berma ou impraticável,Em plena via,Em bom estado,Outra via,Sentido único,Com marcas,Inexistentes,Outros,A funcionar normalmente,Betuminoso,Fora da intersecção,Chuva,Em pleno dia,Molhado,0,0,1,Arruamento com separador,Via Secundária,0,,Avenida Almirante Reis,Sem GPS - não estimado,2019,5,6,11,Manhã,Primavera,1,0,3,2,0,0,0,0,0,0,0,0,1,0,0,0,0,1,0,0,0,0,0
935,20191676128,2019-05-06 09:30:00,Segunda-Feira,NÃO DEFINIDO,,,Direita,Dentro das localidades,Santa Maria dos Olivais,,Colisão,Colisão traseira com outro veículo em movimento,Curva,Em patamar,Sem berma ou impraticável,Em plena via,Em bom estado,Estrada sem separador,Dois sentidos,Com marcas,Inexistentes,Outros,Inexistentes,Betuminoso,Fora da intersecção,Chuva,Em pleno dia,Molhado,0,0,2,Arruamento sem separador,Via Secundária,0,,Rua Cidade de Bissau,Sem GPS - não estimado,2019,5,6,9,Manhã,Primavera,1,0,6,2,2,0,0,0,0,0,0,0,0,0,0,0,1,1,1,0,0,0,0
936,20191676139,2019-05-07 22:50:00,Terça-Feira,NÃO DEFINIDO,38.7157687,-9.1417225,Esquerda,Dentro das localidades,Santo António,,Colisão,Colisão com outras situações,Recta,Em patamar,Sem berma ou impraticável,Em plena via,Em bom estado,Estrada sem separador,Dois sentidos,Com marcas,Inexistentes,Outros,A funcionar normalmente,Betuminoso,Fora da intersecção,Chuva,"Noite, com iluminação",Molhado,0,0,1,Arruamento sem separador,Via Secundária,259,,Avenida Liberdade,Sem GPS - estimado,2019,5,7,22,Noite,Primavera,1,0,3,2,0,0,0,0,0,0,0,0,1,0,0,0,0,1,0,1,0,0,0
937,20191676144,2019-05-06 16:00:00,Segunda-Feira,NÃO DEFINIDO,,,Central,Dentro das localidades,Alvalade,Lisboa,Colisão,Colisão com outras situações,Recta,Em patamar,Sem berma ou impraticável,Em plena via,Em estado regular,Estrada sem separador,Sentido único,Com marcas,Inexistentes,Outros,Inexistentes,Betuminoso,Fora da intersecção,Bom tempo,Em pleno dia,Seco e limpo,0,0,4,Arruamento sem separador,Via Secundária,0,,Praça Alvalade,Sem GPS - não estimado,2019,5,6,16,Tarde,Primavera,1,0,12,2,2,0,0,1,0,0,0,0,0,0,0,0,0,1,0,0,0,0,0
938,20191676167,2019-05-07 21:19:00,Terça-Feira,NÃO DEFINIDO,38.7490553,-9.1393712,Direita,Dentro das localidades,Alvalade,,Despiste,Despiste sem dispositivo de retenção,Recta,Em patamar,Berma pavimentada,Em plena via,Em estado regular,Estrada sem separador,Dois sentidos,Com marcas,Inexistentes,Outros,Desligada,Betuminoso,Em via de desaceleração,Chuva,"Noite, com iluminação",Seco e limpo,0,0,1,Arruamento sem separador,Via Secundária,1,,Avenida Estados Unidos da América,Sem GPS - estimado,2019,5,7,21,Noite,Primavera,1,0,3,1,0,0,0,0,0,0,0,0,0,0,0,0,0,0,0,1,0,0,0
939,20191676168,2019-05-07 20:15:00,Terça-Feira,No sentido crescente da quilometragem,,,Esquerda,Dentro das localidades,Campolide,,Colisão,Colisão lateral com outro veículo em movimento,Recta,Em patamar,Berma pavimentada,Em plena via,NÃO DEFINIDO,Outra via,Sentido único,Com marcas,Inexistentes,Outros,Desligada,Betuminoso,Fora da intersecção,Chuva,Em pleno dia,Molhado,0,0,1,IP - Itinerário Principal,IP7,,10.1,,Sem GPS - não estimado,2019,5,7,20,Noite,Primavera,1,0,3,2,0,0,0,0,0,0,0,0,0,0,0,0,0,1,0,1,0,0,0
940,20191676222,2019-05-11 16:45:00,Sábado,NÃO DEFINIDO,38.6979172,-9.1920558,Direita,Dentro das localidades,Belém,,Colisão,Colisão com outras situações,Recta,Em patamar,Berma pavimentada,Em plena via,Em estado regular,Estrada sem separador,Dois sentidos,Com marcas,Inexistentes,Outros,Inexistentes,Betuminoso,Fora da intersecção,Bom tempo,Em pleno dia,Seco e limpo,0,0,1,Arruamento sem separador,Via Secundária,196,,Rua Junqueira,Sem GPS - estimado,2019,5,11,16,Tarde,Primavera,0,0,3,2,0,0,0,0,0,1,0,0,0,0,0,0,0,1,0,0,0,1,0
941,20191676223,2019-05-11 14:30:00,Sábado,NÃO DEFINIDO,38.695246,-9.2124527,Direita,Dentro das localidades,Belém,Lisboa,Despiste,Despiste sem dispositivo de retenção,Recta,NÃO DEFINIDO,Berma pavimentada,Em plena via,Em estado regular,Estrada sem separador,Dois sentidos,Sem marcas rodoviárias ou pouco visíveis,Inexistentes,Outros,Inexistentes,Betuminoso,Fora da intersecção,Bom tempo,Em pleno dia,Seco e limpo,0,0,1,Arruamento sem separador,Via Secundária,1,,Rua Bartolomeu Dias,Sem GPS - estimado,2019,5,11,14,Tarde,Primavera,0,0,3,1,0,0,0,0,0,0,0,0,0,0,0,0,0,0,0,1,0,0,0
942,20191676229,2019-05-11 12:55:00,Sábado,NÃO DEFINIDO,38.7232414,-9.1515788,Esquerda,Dentro das localidades,Santo António,,Colisão,Colisão lateral com outro veículo em movimento,Recta,Com inclinação,Berma pavimentada,Em plena via,Em estado regular,Estrada sem separador,Dois sentidos,Com marcas,Inexistentes,Outros,A funcionar normalmente,Betuminoso,Em cruzamento,Bom tempo,Em pleno dia,Seco e limpo,0,0,1,Arruamento sem separador,Via Secundária,40,,Rua Braamcamp,Sem GPS - estimado,2019,5,11,12,Tarde,Primavera,0,0,3,2,0,0,0,0,0,1,0,0,0,0,0,0,0,1,0,1,0,0,0
943,20191676318,2019-05-13 21:20:00,Segunda-Feira,No sentido crescente da quilometragem,38.736824,-9.143842,Direita,Dentro das localidades,Avenidas Novas,,Colisão,Colisão lateral com outro veículo em movimento,Recta,Em patamar,Berma pavimentada,Em plena via,Em estado regular,Outra via,Sentido único,Sem marcas rodoviárias ou pouco visíveis,Inexistentes,Passagem de peões,A funcionar normalmente,Betuminoso,Em cruzamento,Bom tempo,"Noite, com iluminação",Seco e limpo,0,0,1,Arruamento com separador,Via Secundária,0,,Avenida Defensores de Chaves,Localização GPS,2019,5,13,21,Noite,Primavera,1,0,3,2,0,0,0,0,0,0,0,0,0,0,0,0,0,0,0,1,0,0,0
944,20191676323,2019-05-03 22:37:00,Sexta-Feira,NÃO DEFINIDO,,,Direita,Dentro das localidades,Areeiro,,Colisão,Colisão lateral com outro veículo em movimento,Recta,Em patamar,Berma pavimentada,Em plena via,Em bom estado,Estrada sem separador,Sentido único,Com marcas,Inexistentes,Outros,A funcionar normalmente,Betuminoso,Em cruzamento,Bom tempo,"Noite, com iluminação",Seco e limpo,0,0,1,Arruamento sem separador,Via Secundária,0,,Avenida Almirante Reis,Sem GPS - não estimado,2019,5,3,22,Noite,Primavera,1,0,3,2,0,0,0,0,0,0,1,0,0,1,0,0,0,1,0,1,0,0,0
945,20191676348,2019-05-02 14:55:00,Quinta-Feira,NÃO DEFINIDO,,,Direita,Dentro das localidades,Misericórdia,Lisboa,Colisão,Colisão lateral com outro veículo em movimento,Recta,Em patamar,Berma pavimentada,Em plena via,Em estado regular,Estrada sem separador,Dois sentidos,Com marcas,Inexistentes,Outros,Inexistentes,Betuminoso,Em entroncamento,Bom tempo,Em pleno dia,Seco e limpo,0,0,1,Arruamento sem separador,Via Secundária,0,,Largo Conde-barão,Sem GPS - não estimado,2019,5,2,14,Tarde,Primavera,1,0,3,2,0,0,0,0,0,0,0,0,0,0,0,0,0,1,0,1,0,0,0
946,20191676386,2019-05-08 12:45:00,Quarta-Feira,NÃO DEFINIDO,,,Direita,Dentro das localidades,Belém,,Colisão,Colisão frontal,Recta,Em patamar,Berma pavimentada,Em plena via,Em bom estado,Estrada sem separador,Sentido único,Com marcas,Inexistentes,Cedência de passagem,Inexistentes,Calçada,Em cruzamento,Bom tempo,Em pleno dia,Seco e limpo,0,0,1,Arruamento sem separador,Via Secundária,0,,Rua Coronel Pereira da Silva,Sem GPS - não estimado,2019,5,8,12,Tarde,Primavera,1,0,3,2,0,0,0,0,1,0,0,0,0,0,0,0,0,1,0,0,0,0,0
947,20191676397,2019-05-08 10:00:00,Quarta-Feira,No sentido crescente da quilometragem,,,Esquerda,Dentro das localidades,Lumiar,,Colisão,Colisão frontal,Recta,Em patamar,Sem berma ou impraticável,Em plena via,Em estado regular,Outra via,Sentido único,Com marcas,Inexistentes,Outros,A funcionar normalmente,Betuminoso,Em cruzamento,Chuva,Em pleno dia,Molhado,0,0,1,Arruamento com separador,Via Secundária,0,,Eixo Central,Sem GPS - não estimado,2019,5,8,10,Manhã,Primavera,1,0,3,2,1,0,0,0,0,0,0,0,0,0,0,0,0,1,0,0,0,0,0
948,20191676456,2019-05-07 16:00:00,Terça-Feira,No sentido crescente da quilometragem,,,Central,Fora das localidades,Alcântara,Lisboa,Colisão,Colisão lateral com outro veículo em movimento,Recta,Em patamar,Sem berma ou impraticável,Em plena via,Em bom estado,Auto-estrada,Sentido único,Sem marcas rodoviárias ou pouco visíveis,Inexistentes,Outros,Inexistentes,Betuminoso,Fora da intersecção,Chuva,Em pleno dia,Molhado,0,0,1,A  - Auto-Estrada,A2-PNT25ABRIL,,2.65,,Sem GPS - não estimado,2019,5,7,16,Tarde,Primavera,1,0,3,2,0,0,0,0,0,0,0,0,0,0,0,0,0,1,0,1,0,0,0