,IdAcidente,Datahora,Dia da Semana,Sentidos,Latitude GPS,Longitude GPS,Via Trânsito,Localizações,Freguesia,Pov. Proxima,Tipo Natureza,Natureza,Tipo de Traçado,Inclinação do Traçado,Berma do Traçado,Localização do Traçado,Estado Conservação,Características Tecnicas,Reg Circulação,Marca Via,Obstáculos,Sinais,Sinais Luminosos,Tipo Piso,Intersecção Vias,Factores Atmosféricos,Luminosidade,Cond Aderência,VM,FG,FL,Tipos Vias,Via,Num arruamento,Km,Nome arruamento,Localização 2,Ano,Mês,Dia,Hora,Periodo,Estação,Dia Util,Gravidade,Indicador de Gravidade,Veículos envolvidos,Passageiros envolvidos,Peões envolvidos,Inf/Ação: Abertura de porta,Inf/Ação: Desrespeito da sinalização semafórica,Inf/Ação: Desrespeito da sinalização vertical,Inf/Ação: Desrespeito das distâncias de segurança,Inf/Ação: Desrespeito das marcas rodoviárias,Inf/Ação: Encandeamento,Inf/Ação: Manobra irregular,Inf/Ação: Não sinalização da manobra,Inf/Ação: Obstáculo imprevisto na faixa de rodagem,Inf/Ação: Rebentamento de pneumático,Inf/Ação: Velocidade excessiva para as condições existentes,Automóvel ligeiro,Automóvel pesado,Motociclos/Ciclomotores,Outros Veículos,Velocípedes,Peões
1031,20191678346,2019-05-17 16:50:00,Sexta-Feira,No sentido crescente da quilometragem,,,Central,Dentro das localidades,São Domingos de Benfica,Lisboa,Colisão,Colisão com veiculo ou obstáculo na faixa de rodagem,Recta,Em patamar,Berma pavimentada,Em plena via,Em estado regular,Outra via,Sentido único,Sem marcas rodoviárias ou pouco visíveis,Inexistentes,Outros,Inexistentes,Betuminoso,Fora da intersecção,Bom tempo,Em pleno dia,Seco e limpo,0,0,1,Arruamento com separador,Via Secundária,0,,Avenida General Correia Barreto,Sem GPS - não estimado,2019,5,17,16,Tarde,Primavera,1,0,3,3,0,0,0,0,0,0,0,0,0,0,0,0,0,1,0,0,0,0,0
1032,20191678354,2019-05-17 11:27:00,Sexta-Feira,NÃO DEFINIDO,,,Direita,Dentro das localidades,São Domingos de Benfica,Lisboa,Colisão,Colisão com outras situações,Recta,Em patamar,Berma pavimentada,Em plena via,Em estado regular,Outra via,Sentido único,Com marcas,Inexistentes,Outros,A funcionar normalmente,Betuminoso,Em cruzamento,Bom tempo,Em pleno dia,Seco e limpo,0,0,3,Arruamento com separador,Via Secundária,0,,Avenida Lusíada,Sem GPS - não estimado,2019,5,17,11,Manhã,Primavera,1,0,9,2,1,0,0,0,0,0,0,0,0,0,0,0,0,1,0,0,0,0,0
1033,20191681030,2019-01-17 17:00:00,Quinta-Feira,No sentido crescente da quilometragem,38.72386,-9.197177,Direita,Fora das localidades,Ajuda,Alges,Colisão,Colisão traseira com outro veículo em movimento,Recta,Em patamar,Sem berma ou impraticável,Em plena via,Em estado regular,Auto-estrada,Sentido único,Com marcas,Inexistentes,NÃO DEFINIDO,Inexistentes,Betuminoso,Fora da intersecção,Bom tempo,Em pleno dia,Seco e limpo,0,0,2,A  - Auto-Estrada,A5,,2.1,,Localização GPS,2019,1,17,17,Tarde,Inverno,1,0,6,2,0,0,0,0,0,0,0,0,0,0,0,0,0,1,0,0,0,0,0
1034,20191682223,2019-01-12 18:36:00,Sábado,No sentido crescente da quilometragem,38.72349,-9.199677,Direita,Fora das localidades,Alcântara,Ajuda,Colisão,Colisão traseira com outro veículo em movimento,Recta,Com inclinação,Sem berma ou impraticável,Em plena via,Em bom estado,Auto-estrada,Sentido único,Com marcas,Inexistentes,NÃO DEFINIDO,Inexistentes,Betuminoso,Fora da intersecção,Bom tempo,"Noite, com iluminação",Seco e limpo,0,0,1,A  - Auto-Estrada,A5,,2.1,,Localização GPS,2019,1,12,18,Noite,Inverno,0,0,3,4,1,0,0,0,0,0,0,0,0,0,0,0,0,1,0,0,0,0,0
1035,20191685040,2019-05-21 02:30:00,Terça-Feira,No sentido decrescente da quilometragem,,,Direita,Dentro das localidades,São Domingos de Benfica,,Despiste,Despiste com dispositivo de retenção,Curva,Em patamar,Berma pavimentada,Em plena via,Em estado regular,Outra via,Sentido único,Com marcas,Inexistentes,Outros,Inexistentes,Betuminoso,Fora da intersecção,Bom tempo,"Noite, com iluminação",Seco e limpo,0,0,1,Arruamento com separador,2ª Circular,0,,Avenida Eusébio da Silva Ferreira,Sem GPS - não estimado,2019,5,21,2,Madrugada,Primavera,1,0,3,1,0,0,0,0,0,0,0,0,0,0,0,0,0,0,0,1,0,0,0
1036,20191685065,2019-05-20 18:00:00,Segunda-Feira,No sentido decrescente da quilometragem,,,Esquerda,Fora das localidades,São Domingos de Benfica,,Despiste,Despiste com dispositivo de retenção,Recta,Em patamar,Berma pavimentada,Em plena via,Em bom estado,Outra via,Sentido único,Com marcas,Inexistentes,Outros,Inexistentes,Betuminoso,Em via de aceleração,Bom tempo,Em pleno dia,Seco e limpo,0,0,1,IP - Itinerário Principal,IP7,,7.6,,Sem GPS - não estimado,2019,5,20,18,Noite,Primavera,1,0,3,1,0,0,0,0,0,0,0,0,0,0,0,0,0,1,0,0,0,0,0
1037,20191685083,2019-05-15 16:35:00,Quarta-Feira,NÃO DEFINIDO,38.7511573,-9.1539178,Direita,Dentro das localidades,Lumiar,,Despiste,Despiste sem dispositivo de retenção,Recta,Em patamar,Berma pavimentada,Em plena via,Em bom estado,Estrada sem separador,Sentido único,Com marcas,Inexistentes,Outros,Inexistentes,Betuminoso,Fora da intersecção,Bom tempo,Em pleno dia,Seco e limpo,0,0,1,Arruamento sem separador,Via Secundária,386,,Campo Grande,Sem GPS - estimado,2019,5,15,16,Tarde,Primavera,1,0,3,1,0,0,0,0,0,0,0,0,0,0,0,0,0,0,0,1,0,0,0
1038,20191685091,2019-05-19 15:30:00,Domingo,NÃO DEFINIDO,,,Direita,Dentro das localidades,Ajuda,,Colisão,Colisão com outras situações,Recta,Em patamar,Berma pavimentada,Em plena via,Em bom estado,Estrada sem separador,Sentido único,Com marcas,Inexistentes,Cedência de passagem,Inexistentes,Calçada,Em cruzamento,Bom tempo,Em pleno dia,Seco e limpo,0,0,1,Arruamento sem separador,Via Secundária,0,,Rua Comandante Freitas da Silva,Sem GPS - não estimado,2019,5,19,15,Tarde,Primavera,0,0,3,2,1,0,0,0,1,0,0,0,0,0,0,0,0,1,0,0,0,0,0
1039,20191685118,2019-05-20 09:00:00,Segunda-Feira,NÃO DEFINIDO,38.7602898,-9.1295417,Direita,Dentro das localidades,Alvalade,,Colisão,Colisão com outras situações,Recta,Com inclinação,Sem berma ou impraticável,Em plena via,Em estado regular,Outra via,Sentido único,Com marcas,Inexistentes,NÃO DEFINIDO,Inexistentes,Betuminoso,Fora da intersecção,Bom tempo,Em pleno dia,Seco e limpo,0,0,1,Arruamento com separador,Via Secundária,158,,Avenida Almirante Gago Coutinho,Sem GPS - estimado,2019,5,20,9,Manhã,Primavera,1,0,3,3,0,0,0,0,0,0,0,0,0,0,0,0,0,1,0,1,0,0,0
1040,20191685120,2019-05-20 16:49:00,Segunda-Feira,NÃO DEFINIDO,,,Direita,Dentro das localidades,Areeiro,,Colisão,Colisão lateral com outro veículo em movimento,Curva,Em patamar,Berma pavimentada,Em plena via,Em estado regular,Estrada sem separador,Sentido único,Com marcas,Inexistentes,Outros,A funcionar normalmente,Betuminoso,Em rotunda,Bom tempo,Em pleno dia,Seco e limpo,0,0,1,Arruamento sem separador,Via Secundária,0,,Praça Francisco Sá Carneiro,Sem GPS - não estimado,2019,5,20,16,Tarde,Primavera,1,0,3,2,0,0,0,0,0,0,0,0,0,0,0,0,0,1,0,1,0,0,0
1041,20191685122,2019-05-15 23:30:00,Quarta-Feira,No sentido crescente da quilometragem,,,Esquerda,Dentro das localidades,Alcântara,,Despiste,Despiste sem dispositivo de retenção,Recta,Em patamar,Berma pavimentada,Em plena via,Em estado regular,Outra via,Dois sentidos,Com marcas,Inexistentes,Outros,Inexistentes,Betuminoso,Fora da intersecção,Bom tempo,"Noite, com iluminação",Seco e limpo,0,1,0,Arruamento com separador,Via Secundária,0,,Avenida da India,Sem GPS - não estimado,2019,5,15,23,Noite,Primavera,1,1,10,1,0,0,0,0,0,0,0,0,0,0,0,0,0,0,0,1,0,0,0
1042,20191685157,2019-05-25 18:00:00,Sábado,NÃO DEFINIDO,38.7250082999999,-9.1265958,Direita,Dentro das localidades,Penha de França,Lisboa,Atropelamento,Atropelamento de peões,Recta,Em patamar,NÃO DEFINIDO,Em plena via,Em bom estado,Estrada sem separador,Dois sentidos,Sem marcas rodoviárias ou pouco visíveis,Inexistentes,NÃO DEFINIDO,Inexistentes,Betuminoso,Fora da intersecção,Bom tempo,Em pleno dia,Seco e limpo,0,0,1,Arruamento sem separador,Via Secundária,29,,Rua Frei Manuel do Cenáculo,Sem GPS - estimado,2019,5,25,18,Noite,Primavera,0,0,3,1,0,1,0,0,0,0,0,0,1,0,0,0,0,1,0,0,0,0,1
1043,20191685216,2019-05-26 09:30:00,Domingo,NÃO DEFINIDO,38.6948895,-9.2143409,Direita,Dentro das localidades,Belém,Lisboa,Atropelamento,Atropelamento de peões,Recta,Em patamar,Berma pavimentada,Em plena via,Em estado regular,Estrada sem separador,Dois sentidos,Sem marcas rodoviárias ou pouco visíveis,Inexistentes,Passagem de peões,Inexistentes,Calçada,Em entroncamento,Bom tempo,Em pleno dia,Seco e limpo,0,0,1,Arruamento sem separador,Via Secundária,1,,Rua Bartolomeu Dias,Sem GPS - estimado,2019,5,26,9,Manhã,Primavera,0,0,3,1,0,1,0,0,0,0,0,0,0,0,0,0,0,1,0,0,0,0,1
1044,20191685261,2019-05-23 22:51:00,Quinta-Feira,No sentido crescente da quilometragem,,,Direita,Fora das localidades,Alcântara,,Despiste,Despiste com dispositivo de retenção,Recta,Em patamar,Berma pavimentada,Em plena via,Em estado regular,Auto-estrada,Sentido único,Com marcas,Inexistentes,NÃO DEFINIDO,Inexistentes,Betuminoso,Fora da intersecção,Bom tempo,"Noite, com iluminação",Seco e limpo,0,0,1,A  - Auto-Estrada,A2-PNT25ABRIL,,0.65,,Sem GPS - não estimado,2019,5,23,22,Noite,Primavera,1,0,3,1,0,0,0,0,0,0,0,0,0,0,0,0,1,1,0,0,0,0,0
1045,20191685284,2019-05-22 18:50:00,Quarta-Feira,NÃO DEFINIDO,,,Direita,Dentro das localidades,Benfica,,Colisão,Colisão traseira com outro veículo em movimento,Curva,Em patamar,Sem berma ou impraticável,Em plena via,Em bom estado,Estrada sem separador,Sentido único,Sem marcas rodoviárias ou pouco visíveis,Inexistentes,Cedência de passagem,Inexistentes,Betuminoso,Em rotunda,Bom tempo,Em pleno dia,Seco e limpo,0,0,1,Arruamento sem separador,Via Secundária,0,,Rotunda Pina Manique,Sem GPS - não estimado,2019,5,22,18,Noite,Primavera,1,0,3,2,0,0,0,0,0,0,0,0,0,0,0,0,1,1,0,1,0,0,0
1046,20191685289,2019-05-21 14:29:00,Terça-Feira,NÃO DEFINIDO,,,Direita,Dentro das localidades,Avenidas Novas,,Colisão,Colisão com outras situações,Recta,Com inclinação,Sem berma ou impraticável,Em plena via,Em bom estado,Outra via,Sentido único,Com marcas,Inexistentes,Outros,Inexistentes,Betuminoso,Em entroncamento,Bom tempo,Em pleno dia,Seco e limpo,0,0,1,Arruamento com separador,Via Secundária,0,,Avenida Forças Armadas,Sem GPS - não estimado,2019,5,21,14,Tarde,Primavera,1,0,3,2,0,0,0,0,0,0,0,0,1,0,0,0,0,1,0,1,0,0,0
1047,20191685440,2019-05-25 11:05:00,Sábado,No sentido crescente da quilometragem,,,Esquerda,Fora das localidades,Santa Clara,Lisboa,Despiste,Despiste com dispositivo de retenção,Recta,Em patamar,Berma pavimentada,Na berma,Em estado regular,Outra via,Sentido único,Com marcas,Inexistentes,Outros,Inexistentes,Betuminoso,Fora da intersecção,Bom tempo,Em pleno dia,Seco e limpo,0,0,1,IP - Itinerário Principal,IP7,,2.0,,Sem GPS - não estimado,2019,5,25,11,Manhã,Primavera,0,0,3,1,0,0,0,0,0,0,0,0,0,0,0,0,0,1,0,0,0,0,0
1048,20191685448,2019-05-26 17:45:00,Domingo,NÃO DEFINIDO,38.7517369999999,-9.197151,Direita,Dentro das localidades,Benfica,Lisboa,Atropelamento,Atropelamento de peões,Recta,Em patamar,Sem berma ou impraticável,Em plena via,Em bom estado,Estrada sem separador,Dois sentidos,Com marcas,Inexistentes,Passagem de peões,Inexistentes,Betuminoso,Fora da intersecção,Bom tempo,Em pleno dia,Seco e limpo,0,0,1,Arruamento sem separador,Via Secundária,0,,Avenida Uruguai,Sem GPS - estimado,2019,5,26,17,Tarde,Primavera,0,0,3,1,0,1,0,0,0,0,0,0,0,0,0,0,0,0,0,1,0,0,1
1049,20191685479,2019-05-23 23:55:00,Quinta-Feira,NÃO DEFINIDO,,,Esquerda,Dentro das localidades,São Domingos de Benfica,Lisboa,Colisão,Colisão lateral com outro veículo em movimento,Recta,Com inclinação,Berma pavimentada,Em plena via,Em estado regular,Outra via,Sentido único,Com marcas,Inexistentes,NÃO DEFINIDO,Inexistentes,Betuminoso,Fora da intersecção,Bom tempo,"Noite, com iluminação",Seco e limpo,0,0,1,Arruamento com separador,2ª Circular,0,,Avenida Eusébio da Silva Ferreira,Sem GPS - não estimado,2019,5,23,23,Noite,Primavera,1,0,3,2,0,0,0,0,0,0,0,0,0,0,0,0,0,1,0,0,0,0,0
1050,20191685488,2019-05-26 11:40:00,Domingo,NÃO DEFINIDO,38.7339729,-9.1492922,Direita,Dentro das localidades,Avenidas Novas,,Colisão,Colisão lateral com outro veículo em movimento,Recta,Em patamar,Berma não pavimentada,Em parque de estacionamento,Em bom estado,Estrada sem separador,Sentido único,Com marcas,Inexistentes,Outros,Inexistentes,Betuminoso,Em cruzamento,Bom tempo,Em pleno dia,Seco e limpo,0,0,1,Arruamento sem separador,Via Secundária,52,,Rua Pinheiro Chagas,Sem GPS - estimado,2019,5,26,11,Manhã,Primavera,0,0,3,3,0,0,0,0,0,0,0,0,0,0,0,0,0,1,0,0,0,0,0
1051,20191685516,2019-05-22 08:30:00,Quarta-Feira,NÃO DEFINIDO,38.756696,-9.130187,Direita,Dentro das localidades,Areeiro,,Colisão,Colisão lateral com outro veículo em movimento,Recta,Com inclinação,Berma pavimentada,Em plena via,Em estado regular,Outra via,Sentido único,Com marcas,Inexistentes,NÃO DEFINIDO,Inexistentes,Betuminoso,Fora da intersecção,Bom tempo,Em pleno dia,Seco e limpo,0,0,2,Arruamento com separador,Via Secundária,128,,Avenida Almirante Gago Coutinho,Localização GPS,2019,5,22,8,Manhã,Primavera,1,0,6,2,1,0,0,0,0,0,0,0,0,0,0,0,0,1,0,0,0,0,0
1052,20191685522,2019-05-19 02:45:00,Domingo,No sentido crescente da quilometragem,38.77396,-9.162016,Direita,Dentro das localidades,Lumiar,,Colisão,Colisão com fuga,Recta,Em patamar,Berma pavimentada,Em plena via,Em bom estado,Outra via,Sentido único,Com marcas,Inexistentes,Outros,Inexistentes,Betuminoso,Fora da intersecção,Bom tempo,"Noite, sem iluminação",Seco e limpo,0,0,2,IP - Itinerário Principal,IP7,,4.0,,Localização GPS,2019,5,19,2,Madrugada,Primavera,0,0,6,1,1,0,0,0,0,1,0,0,0,0,0,0,0,1,0,0,0,0,0
1053,20191685535,2019-05-26 08:50:00,Domingo,NÃO DEFINIDO,38.7885137,-9.1456108,Direita,Dentro das localidades,Lumiar,Lisboa,Atropelamento,Atropelamento de peões,Recta,Em patamar,Sem berma ou impraticável,Em plena via,Em estado regular,Estrada sem separador,Sentido único,Sem marcas rodoviárias ou pouco visíveis,Inexistentes,Outros,Inexistentes,Betuminoso,Fora da intersecção,Bom tempo,Em pleno dia,Seco e limpo,0,0,1,Arruamento sem separador,Via Secundária,0,,Rua Hermínio da Palma Inácio,Sem GPS - estimado,2019,5,26,8,Manhã,Primavera,0,0,3,2,0,1,0,0,0,0,0,0,0,0,0,0,0,1,0,0,0,0,1
1054,20191685552,2019-05-18 23:05:00,Sábado,No sentido crescente da quilometragem,,,Direita,Dentro das localidades,Campolide,,Colisão,Colisão lateral com outro veículo em movimento,Curva,Em patamar,Sem berma ou impraticável,Em plena via,Em estado regular,Outra via,Dois sentidos,Sem marcas rodoviárias ou pouco visíveis,Inexistentes,Outros,Inexistentes,Betuminoso,Fora da intersecção,Bom tempo,"Noite, com iluminação",Seco e limpo,0,0,1,Arruamento com separador,Via Secundária,0,,Rua Campolide,Sem GPS - não estimado,2019,5,18,23,Noite,Primavera,0,0,3,2,0,0,0,0,0,0,0,0,0,0,0,0,0,1,0,1,0,0,0
1055,20191685563,2019-05-21 10:00:00,Terça-Feira,NÃO DEFINIDO,,,Direita,Dentro das localidades,São Domingos de Benfica,Lisboa,Colisão,Colisão traseira com outro veículo em movimento,Recta,Com inclinação,Berma pavimentada,Em plena via,Em estado regular,Estrada sem separador,Sentido único,Com marcas,Inexistentes,Outros,Inexistentes,Betuminoso,Fora da intersecção,Bom tempo,Em pleno dia,Seco e limpo,0,0,2,Arruamento sem separador,Via Secundária,0,,Avenida Lusíada,Sem GPS - não estimado,2019,5,21,10,Manhã,Primavera,1,0,6,4,1,0,0,0,0,1,0,0,0,0,0,0,0,1,0,0,0,0,0
1056,20191686263,2019-05-27 09:00:00,Segunda-Feira,No sentido crescente da quilometragem,38.751654,-9.103668,Direita,Dentro das localidades,Marvila,,Despiste,Despiste sem dispositivo de retenção,Recta,Em patamar,Berma pavimentada,Em plena via,Em estado regular,Outra via,Sentido único,Sem marcas rodoviárias ou pouco visíveis,Inexistentes,Outros,A funcionar normalmente,Betuminoso,Fora da intersecção,Bom tempo,Em pleno dia,Seco e limpo,0,0,1,Arruamento com separador,Via Secundária,306,,Avenida Infante Dom Henrique,Localização GPS,2019,5,27,9,Manhã,Primavera,1,0,3,1,0,0,0,0,0,0,0,0,0,0,0,0,0,0,0,1,0,0,0
1057,20191686277,2019-05-23 19:40:00,Quinta-Feira,NÃO DEFINIDO,,,Direita,Dentro das localidades,Campolide,Lisboa,Colisão,Colisão com outras situações,Curva,Com inclinação,Berma pavimentada,Em plena via,Em estado regular,Estrada sem separador,Dois sentidos,Sem marcas rodoviárias ou pouco visíveis,Inexistentes,NÃO DEFINIDO,Inexistentes,Betuminoso,Fora da intersecção,Bom tempo,Aurora ou crepúsculo,Seco e limpo,0,0,2,Arruamento sem separador,Via Secundária,0,,Calçada Quintinha,Sem GPS - não estimado,2019,5,23,19,Noite,Primavera,1,0,6,3,0,0,0,0,0,0,0,0,0,0,0,0,0,1,0,1,0,0,0
1058,20191686279,2019-05-19 02:40:00,Domingo,No sentido decrescente da quilometragem,,,Direita,Dentro das localidades,Lumiar,Lisboa,Colisão,Colisão traseira com outro veículo em movimento,Recta,Em patamar,Sem berma ou impraticável,Em plena via,Em bom estado,Outra via,Sentido único,Com marcas,Inexistentes,Outros,Inexistentes,Betuminoso,Fora da intersecção,Bom tempo,"Noite, com iluminação",Seco e limpo,0,0,2,IP - Itinerário Principal,IP7,,4.0,,Sem GPS - não estimado,2019,5,19,2,Madrugada,Primavera,0,0,6,2,0,0,0,0,0,0,0,0,0,0,0,0,1,1,0,0,0,0,0
1059,20191686535,2019-05-24 16:40:00,Sexta-Feira,NÃO DEFINIDO,38.7042341,-9.1896488,Direita,Dentro das localidades,Alcântara,Lisboa,Atropelamento,Atropelamento com fuga,Curva,Com inclinação,Berma pavimentada,Em plena via,Em estado regular,Estrada sem separador,Dois sentidos,Com marcas,Inexistentes,Passagem de peões,Inexistentes,Betuminoso,Em cruzamento,Bom tempo,Em pleno dia,Seco e limpo,0,0,1,Arruamento sem separador,Via Secundária,0,,Rua Aliança Operária,Sem GPS - estimado,2019,5,24,16,Tarde,Primavera,1,0,3,1,0,1,0,0,0,0,0,0,0,0,0,0,0,0,0,1,0,0,1
1060,20191686553,2019-05-24 13:50:00,Sexta-Feira,NÃO DEFINIDO,38.7212650999999,-9.16075919999999,Direita,Dentro das localidades,Campo de Ourique,Lisboa,Atropelamento,Atropelamento de peões,Recta,Em patamar,Berma pavimentada,Em plena via,Em estado regular,Estrada sem separador,Sentido único,Com marcas,Inexistentes,Outros,Inexistentes,Betuminoso,Fora da intersecção,Bom tempo,Em pleno dia,Seco e limpo,0,0,1,Arruamento sem separador,Via Secundária,176,,Rua Silva Carvalho,Sem GPS - estimado,2019,5,24,13,Tarde,Primavera,1,0,3,1,0,1,0,0,0,0,0,0,1,0,0,0,0,1,0,0,0,0,1
1061,20191686557,2019-05-11 02:00:00,Sábado,NÃO DEFINIDO,38.721368,-9.139163,Direita,Dentro das localidades,Arroios,Lisboa,Colisão,Colisão lateral com outro veículo em movimento,Recta,Com inclinação,Sem berma ou impraticável,Em plena via,Em estado regular,Estrada sem separador,Dois sentidos,Com marcas,Inexistentes,Stop,A funcionar normalmente,Betuminoso,Fora da intersecção,Bom tempo,"Noite, com iluminação",Seco e limpo,0,0,1,Arruamento sem separador,Via Secundária,25,,Largo Mastro,Sem GPS - estimado,2019,5,11,2,Madrugada,Primavera,0,0,3,2,0,0,0,0,0,1,0,0,0,0,0,0,0,1,0,1,0,0,0
1062,20191686579,2019-05-20 20:10:00,Segunda-Feira,NÃO DEFINIDO,38.709636,-9.135441,Direita,Dentro das localidades,Santa Maria Maior,Lisboa,Atropelamento,Atropelamento de peões,Curva,Em patamar,Berma pavimentada,Em plena via,Em bom estado,Estrada sem separador,Sentido único,Com marcas,Inexistentes,Outros,A funcionar normalmente,Betuminoso,Em cruzamento,Bom tempo,"Noite, com iluminação",Seco e limpo,0,0,1,Arruamento sem separador,Via Secundária,0,,Rua de São Julião,Localização GPS,2019,5,20,20,Noite,Primavera,1,0,3,1,0,1,0,0,0,0,0,0,0,0,0,0,0,1,0,0,0,0,1
1063,20191686606,2019-05-24 15:30:00,Sexta-Feira,NÃO DEFINIDO,38.7153949,-9.16409359999999,Direita,Dentro das localidades,Campo de Ourique,Lisboa,Atropelamento,Atropelamento de peões,Recta,Com inclinação,Sem berma ou impraticável,Em plena via,Em bom estado,Estrada sem separador,Dois sentidos,Com marcas,Inexistentes,Outros,A funcionar normalmente,Betuminoso,Em cruzamento,Bom tempo,Em pleno dia,Seco e limpo,0,0,1,Arruamento sem separador,Via Secundária,143,,Rua Saraiva de Carvalho,Sem GPS - estimado,2019,5,24,15,Tarde,Primavera,1,0,3,1,0,1,0,0,0,0,0,0,0,0,0,0,1,1,0,0,0,0,1
1064,20191686619,2019-05-18 13:20:00,Sábado,No sentido decrescente da quilometragem,,,Direita,Dentro das localidades,Santa Maria dos Olivais,Lisboa,Colisão,Colisão com outras situações,Recta,Em patamar,Berma pavimentada,Em plena via,Em estado regular,Outra via,Sentido único,Com marcas,Inexistentes,Outros,Inexistentes,Betuminoso,Em entroncamento,Bom tempo,Em pleno dia,Seco e limpo,0,0,1,Arruamento com separador,Via Secundária,0,,Avenida Cidade de Luanda,Sem GPS - não estimado,2019,5,18,13,Tarde,Primavera,0,0,3,2,0,0,0,0,0,0,0,0,0,0,0,0,0,1,0,1,0,0,0
1065,20191686634,2019-05-20 15:00:00,Segunda-Feira,NÃO DEFINIDO,,,Direita,Dentro das localidades,Campolide,Lisboa,Colisão,Colisão lateral com outro veículo em movimento,Curva,Em patamar,Sem berma ou impraticável,Em plena via,Em bom estado,Estrada sem separador,Sentido único,Com marcas,Inexistentes,Outros,A funcionar normalmente,Betuminoso,Em ramo de ligação - entrada,Bom tempo,Em pleno dia,Seco e limpo,0,0,3,Arruamento sem separador,Via Secundária,0,,Praça Espanha,Sem GPS - não estimado,2019,5,20,15,Tarde,Primavera,1,0,9,2,3,0,0,0,0,0,0,0,0,0,0,0,0,1,1,0,0,0,0
1066,20191686645,2019-05-17 15:50:00,Sexta-Feira,No sentido crescente da quilometragem,,,Direita,Fora das localidades,Benfica,Lisboa,Colisão,Colisão traseira com outro veículo em movimento,Recta,Em patamar,Berma não pavimentada,Em plena via,Em estado regular,Outra via,Sentido único,Com marcas,Inexistentes,Outros,Inexistentes,Betuminoso,Fora da intersecção,Bom tempo,Em pleno dia,Seco e limpo,0,0,1,IC - Itinerário Complementar,IC19,,0.1,,Sem GPS - não estimado,2019,5,17,15,Tarde,Primavera,1,0,3,2,0,0,0,0,0,0,0,0,0,0,0,0,0,1,0,0,0,0,0
1067,20191686700,2019-05-29 12:40:00,Quarta-Feira,NÃO DEFINIDO,38.7440497999999,-9.1680534,Direita,Dentro das localidades,Avenidas Novas,Lisboa,Atropelamento,Atropelamento de peões,Recta,Em patamar,Sem berma ou impraticável,Em plena via,Em bom estado,Estrada sem separador,Dois sentidos,Sem marcas rodoviárias ou pouco visíveis,Inexistentes,Passagem de peões,Inexistentes,Betuminoso,Fora da intersecção,Bom tempo,Em pleno dia,Seco e limpo,0,0,1,Arruamento sem separador,Via Secundária,187,,Estrada Laranjeiras,Sem GPS - estimado,2019,5,29,12,Tarde,Primavera,1,0,3,1,0,1,0,0,0,0,0,0,0,0,0,0,0,1,0,0,0,0,1
1068,20191686704,2019-05-19 07:19:00,Domingo,NÃO DEFINIDO,,,Esquerda,Dentro das localidades,Estrela,Lisboa,Colisão,Colisão frontal,Curva,Com inclinação,Sem berma ou impraticável,Em plena via,Em estado regular,Estrada sem separador,Dois sentidos,Com marcas,Inexistentes,Outros,Inexistentes,Betuminoso,Fora da intersecção,Bom tempo,Aurora ou crepúsculo,Seco e limpo,0,0,1,Arruamento sem separador,Via Secundária,0.00,,Avenida Infante Santo,Sem GPS - não estimado,2019,5,19,7,Manhã,Primavera,0,0,3,2,1,0,0,0,0,0,0,0,1,0,0,0,0,1,0,0,0,0,0
1069,20191686712,2019-05-25 19:50:00,Sábado,NÃO DEFINIDO,38.7407223,-9.137116,Esquerda,Dentro das localidades,Areeiro,,Colisão,Colisão com outras situações,Recta,Em patamar,Berma pavimentada,Em plena via,Em bom estado,Outra via,Sentido único,Com marcas,Inexistentes,Outros,A funcionar normalmente,Betuminoso,Em entroncamento,Bom tempo,Em pleno dia,Seco e limpo,0,0,1,Arruamento com separador,Via Secundária,2,,Praça Londres,Sem GPS - estimado,2019,5,25,19,Noite,Primavera,0,0,3,2,1,0,0,0,0,0,0,0,0,0,0,0,0,1,0,0,0,0,0
1070,20191686715,2019-05-29 18:00:00,Quarta-Feira,No sentido decrescente da quilometragem,38.7609584,-9.1294772,Central,Dentro das localidades,Areeiro,,Colisão,Colisão com fuga,Recta,Em patamar,Berma pavimentada,Em plena via,Em estado regular,Outra via,Sentido único,Com marcas,Inexistentes,Outros,Inexistentes,Betuminoso,Fora da intersecção,Bom tempo,Em pleno dia,Seco e limpo,0,0,1,Arruamento com separador,Via Secundária,164,,Avenida Almirante Gago Coutinho,Sem GPS - estimado,2019,5,29,18,Noite,Primavera,1,0,3,1,0,0,0,0,0,0,0,0,0,0,0,0,0,1,0,0,0,0,0
1071,20191686722,2019-05-25 22:08:00,Sábado,No sentido crescente da quilometragem,,,Central,Dentro das localidades,São Domingos de Benfica,,Colisão,Colisão com veiculo ou obstáculo na faixa de rodagem,Recta,Em patamar,Sem berma ou impraticável,Em plena via,Em bom estado,Outra via,Sentido único,Com marcas,Não sinalizados,Outros,Inexistentes,Betuminoso,Fora da intersecção,Bom tempo,"Noite, com iluminação",Seco e limpo,0,0,1,Arruamento com separador,Via Secundária,0,,Avenida General Correia Barreto,Sem GPS - não estimado,2019,5,25,22,Noite,Primavera,0,0,3,3,0,0,0,0,0,0,0,0,0,1,0,0,0,1,0,0,0,0,0
1072,20191686752,2019-05-16 02:30:00,Quinta-Feira,NÃO DEFINIDO,38.7195702,-9.1343565,Direita,Dentro das localidades,Arroios,,Colisão,Colisão choque em cadeia,Recta,Com inclinação,Sem berma ou impraticável,Em plena via,Em estado regular,Estrada sem separador,Sentido único,Sem marcas rodoviárias ou pouco visíveis,Inexistentes,Outros,Inexistentes,Betuminoso,Fora da intersecção,Bom tempo,"Noite, com iluminação",Seco e limpo,0,0,1,Arruamento sem separador,Via Secundária,9,,Rua Bombarda,Sem GPS - estimado,2019,5,16,2,Madrugada,Primavera,1,0,3,7,0,0,0,0,0,0,0,0,0,0,0,0,0,1,0,0,0,1,0