,IdAcidente,Datahora,Dia da Semana,Sentidos,Latitude GPS,Longitude GPS,Via Trânsito,Localizações,Freguesia,Pov. Proxima,Tipo Natureza,Natureza,Tipo de Traçado,Inclinação do Traçado,Berma do Traçado,Localização do Traçado,Estado Conservação,Características Tecnicas,Reg Circulação,Marca Via,Obstáculos,Sinais,Sinais Luminosos,Tipo Piso,Intersecção Vias,Factores Atmosféricos,Luminosidade,Cond Aderência,VM,FG,FL,Tipos Vias,Via,Num arruamento,Km,Nome arruamento,Localização 2,Ano,Mês,Dia,Hora,Periodo,Estação,Dia Util,Gravidade,Indicador de Gravidade,Veículos envolvidos,Passageiros envolvidos,Peões envolvidos,Inf/Ação: Abertura de porta,Inf/Ação: Desrespeito da sinalização semafórica,Inf/Ação: Desrespeito da sinalização vertical,Inf/Ação: Desrespeito das distâncias de segurança,Inf/Ação: Desrespeito das marcas rodoviárias,Inf/Ação: Encandeamento,Inf/Ação: Manobra irregular,Inf/Ação: Não sinalização da manobra,Inf/Ação: Obstáculo imprevisto na faixa de rodagem,Inf/Ação: Rebentamento de pneumático,Inf/Ação: Velocidade excessiva para as condições existentes,Automóvel ligeiro,Automóvel pesado,Motociclos/Ciclomotores,Outros Veículos,Velocípedes,Peões
1073,20191686768,2019-05-26 20:30:00,Domingo,NÃO DEFINIDO,38.7114903,-9.1644139,Direita,Dentro das localidades,Estrela,,Colisão,Colisão lateral com outro veículo em movimento,Recta,Em patamar,Sem berma ou impraticável,Em plena via,Em bom estado,Estrada sem separador,Dois sentidos,Sem marcas rodoviárias ou pouco visíveis,Inexistentes,Outros,A funcionar normalmente,Betuminoso,Em via de aceleração,Bom tempo,Em pleno dia,Seco e limpo,0,0,1,Arruamento sem separador,Via Secundária,345,,Avenida Infante Santo,Sem GPS - estimado,2019,5,26,20,Noite,Primavera,0,0,3,2,0,0,0,0,0,0,0,0,0,0,0,0,0,1,0,1,0,0,0
1074,20191686781,2019-05-24 08:00:00,Sexta-Feira,No sentido crescente da quilometragem,,,Central,Dentro das localidades,Santa Clara,,Colisão,Colisão lateral com outro veículo em movimento,Recta,Em patamar,Berma pavimentada,Em plena via,Em estado regular,Outra via,Sentido único,Com marcas,Inexistentes,Outros,Inexistentes,Betuminoso,Fora da intersecção,Bom tempo,Em pleno dia,Seco e limpo,0,0,1,IP - Itinerário Principal,IP7,,4.1,,Sem GPS - não estimado,2019,5,24,8,Manhã,Primavera,1,0,3,2,0,0,0,0,0,0,0,0,0,0,0,0,0,1,0,1,0,0,0
1075,20191686785,2019-05-25 11:45:00,Sábado,NÃO DEFINIDO,38.7674815,-9.1579959,Direita,Dentro das localidades,Lumiar,Lisboa,Colisão,Colisão com outras situações,Recta,Em patamar,Sem berma ou impraticável,Em plena via,Em bom estado,Estrada sem separador,Dois sentidos,Com marcas,Inexistentes,Outros,A funcionar normalmente,Betuminoso,Em via de aceleração,Bom tempo,Em pleno dia,Seco e limpo,0,0,1,Arruamento sem separador,Via Secundária,152,,Alameda Linhas de Torres,Sem GPS - estimado,2019,5,25,11,Manhã,Primavera,0,0,3,2,1,0,1,0,0,0,0,0,0,0,0,0,0,1,1,0,0,0,0
1076,20191686797,2019-05-26 18:59:00,Domingo,NÃO DEFINIDO,38.7199387,-9.1696605,Direita,Dentro das localidades,Campo de Ourique,,Colisão,Colisão lateral com outro veículo em movimento,Recta,Com inclinação,Berma pavimentada,Em plena via,Em estado regular,Estrada sem separador,Dois sentidos,Sem marcas rodoviárias ou pouco visíveis,Inexistentes,Cedência de passagem,Inexistentes,Betuminoso,Em cruzamento,Bom tempo,Em pleno dia,Seco e limpo,0,0,2,Arruamento sem separador,Via Secundária,88,,Rua Sampaio Bruno,Sem GPS - estimado,2019,5,26,18,Noite,Primavera,0,0,6,2,1,0,0,0,1,0,0,0,0,0,0,0,0,1,0,1,0,0,0
1077,20191686802,2019-05-22 03:40:00,Quarta-Feira,NÃO DEFINIDO,38.715581,-9.1728827,Direita,Dentro das localidades,Campo de Ourique,,Despiste,Despiste sem dispositivo de retenção,Recta,Em patamar,Sem berma ou impraticável,Em plena via,Em bom estado,Estrada sem separador,Dois sentidos,Sem marcas rodoviárias ou pouco visíveis,Inexistentes,Outros,Inexistentes,Betuminoso,Em via de aceleração,Bom tempo,"Noite, com iluminação",Seco e limpo,0,0,1,Arruamento sem separador,Via Secundária,574,,Rua Maria Pia,Sem GPS - estimado,2019,5,22,3,Madrugada,Primavera,1,0,3,1,0,0,0,0,0,0,0,0,0,0,0,0,0,0,0,1,0,0,0
1078,20191686854,2019-05-25 08:00:00,Sábado,No sentido crescente da quilometragem,,,Direita,Fora das localidades,Benfica,,Colisão,Colisão traseira com outro veículo em movimento,Recta,Com inclinação,Berma pavimentada,Em plena via,Em bom estado,Outra via,Sentido único,Com marcas,Inexistentes,Outros,Inexistentes,Betuminoso,Fora da intersecção,Bom tempo,Em pleno dia,NÃO DEFINIDO,0,0,1,IC - Itinerário Complementar,IC17,,5.8,,Sem GPS - não estimado,2019,5,25,8,Manhã,Primavera,0,0,3,2,0,0,0,0,0,0,0,0,0,0,0,0,0,1,0,0,0,0,0
1079,20191686856,2019-05-25 07:20:00,Sábado,NÃO DEFINIDO,,,Direita,Dentro das localidades,Avenidas Novas,,Despiste,Despiste com colisão com veículo imobil. ou obstáculo,Recta,Com inclinação,Berma pavimentada,Em plena via,Em estado regular,Outra via,Sentido único,Com marcas,Inexistentes,Outros,Inexistentes,Betuminoso,Em entroncamento,Bom tempo,Em pleno dia,Seco e limpo,0,0,1,Arruamento com separador,Via Secundária,0,,Avenida Forças Armadas,Sem GPS - não estimado,2019,5,25,7,Manhã,Primavera,0,0,3,1,0,0,0,0,0,0,0,0,0,0,0,0,0,1,0,0,0,0,0
1080,20191686860,2019-05-24 18:00:00,Sexta-Feira,NÃO DEFINIDO,,,Direita,Dentro das localidades,Lumiar,,Colisão,Colisão lateral com outro veículo em movimento,Recta,Com inclinação,Berma pavimentada,Em plena via,Em estado regular,Estrada sem separador,Dois sentidos,Com marcas,Inexistentes,Outros,Inexistentes,Betuminoso,Em cruzamento,Bom tempo,Em pleno dia,Seco e limpo,0,0,1,Arruamento sem separador,Via Secundária,0,,Rua José da Costa Pedreira,Sem GPS - não estimado,2019,5,24,18,Noite,Primavera,1,0,3,2,0,0,0,0,0,0,0,0,0,0,0,0,0,1,0,1,0,0,0
1081,20191687030,2019-04-30 18:00:00,Terça-Feira,No sentido crescente da quilometragem,38.72491,-9.18324,Esquerda,Fora das localidades,Ajuda,Ajuda,Colisão,Colisão traseira com outro veículo em movimento,Recta,Com inclinação,Sem berma ou impraticável,Em plena via,Em bom estado,Auto-estrada,Sentido único,Com marcas,Inexistentes,Outros,Inexistentes,Betuminoso,Fora da intersecção,Bom tempo,Em pleno dia,Seco e limpo,0,0,2,A  - Auto-Estrada,A5,,0.7,,Localização GPS,2019,4,30,18,Noite,Primavera,1,0,6,2,2,0,0,0,0,0,0,0,0,0,0,0,0,1,0,0,0,0,0
1082,20191687537,2019-04-28 22:16:00,Domingo,No sentido crescente da quilometragem,38.72181,-9.202715,Direita,Fora das localidades,Belém,Lisboa,Colisão,Colisão traseira com outro veículo em movimento,Recta,Com inclinação,Berma pavimentada,Em plena via,Em bom estado,Auto-estrada,Sentido único,Com marcas,Inexistentes,Outros,Inexistentes,Betuminoso,Fora da intersecção,Bom tempo,"Noite, com iluminação",Seco e limpo,0,0,1,A  - Auto-Estrada,A5,,2.2,,Localização GPS,2019,4,28,22,Noite,Primavera,0,0,3,2,0,0,0,0,0,0,0,0,1,0,0,0,0,1,0,0,0,0,0
1083,20191688042,2019-04-27 14:00:00,Sábado,No sentido crescente da quilometragem,38.72071,-9.206666,Direita,Fora das localidades,Ajuda,Ajuda,Despiste,Despiste simples,Curva,Com inclinação,Berma pavimentada,Em plena via,Em bom estado,Auto-estrada,Sentido único,Com marcas,Inexistentes,NÃO DEFINIDO,Inexistentes,Betuminoso,Fora da intersecção,Bom tempo,Em pleno dia,Seco e limpo,0,0,1,A  - Auto-Estrada,A5,,2.73,,Localização GPS,2019,4,27,14,Tarde,Primavera,0,0,3,1,0,0,0,0,0,0,0,0,0,0,0,0,0,0,0,1,0,0,0
1084,20191690171,2019-04-09 22:15:00,Terça-Feira,No sentido decrescente da quilometragem,38.72406,-9.179651,Esquerda,Fora das localidades,Ajuda,Monsanto.,Colisão,Colisão traseira com outro veículo em movimento,Recta,Com inclinação,Berma pavimentada,Em plena via,Em bom estado,Auto-estrada,Sentido único,Com marcas,Inexistentes,NÃO DEFINIDO,Inexistentes,Betuminoso,Fora da intersecção,Chuva,"Noite, com iluminação",Molhado,0,0,1,A  - Auto-Estrada,A5,,0.2,,Localização GPS,2019,4,9,22,Noite,Primavera,1,0,3,2,0,0,0,0,0,0,0,0,0,0,0,0,0,1,0,0,0,0,0
1085,20191692477,2019-04-09 19:00:00,Terça-Feira,No sentido crescente da quilometragem,38.71886,-9.212349,Central,Fora das localidades,Belém,Belém,Colisão,Colisão lateral com outro veículo em movimento,Recta,Com inclinação,Berma pavimentada,Em plena via,Em bom estado,Auto-estrada,Sentido único,Sem marcas rodoviárias ou pouco visíveis,Inexistentes,NÃO DEFINIDO,Inexistentes,Betuminoso,Fora da intersecção,Bom tempo,Aurora ou crepúsculo,Seco e limpo,0,0,1,A  - Auto-Estrada,A5,,3.6,,Localização GPS,2019,4,9,19,Noite,Primavera,1,0,3,2,0,0,0,0,0,0,0,0,0,0,0,0,0,1,1,0,0,0,0
1086,20191693471,2019-04-04 08:55:00,Quinta-Feira,No sentido decrescente da quilometragem,38.72397,-9.179152,Direita,Fora das localidades,Ajuda,Ajuda,Colisão,Colisão lateral com outro veículo em movimento,Recta,Com inclinação,Berma pavimentada,Em plena via,Em bom estado,Auto-estrada,Sentido único,Com marcas,Inexistentes,NÃO DEFINIDO,Inexistentes,Betuminoso,Fora da intersecção,Bom tempo,Em pleno dia,Seco e limpo,0,0,1,A  - Auto-Estrada,A5,,0.25,,Localização GPS,2019,4,4,8,Manhã,Primavera,1,0,3,2,0,0,0,0,0,0,0,0,0,0,0,0,0,1,0,1,0,0,0
1087,20191693508,2019-05-30 17:35:00,Quinta-Feira,No sentido crescente da quilometragem,,,Direita,Dentro das localidades,Belém,,Colisão,Colisão lateral com outro veículo em movimento,Recta,Em patamar,Berma pavimentada,Em plena via,Em estado regular,Outra via,Sentido único,Com marcas,Inexistentes,NÃO DEFINIDO,Inexistentes,Betuminoso,Fora da intersecção,Bom tempo,Em pleno dia,Seco e limpo,0,0,1,Arruamento com separador,Via Secundária,0,,Avenida Descobertas,Sem GPS - não estimado,2019,5,30,17,Tarde,Primavera,1,0,3,3,0,0,0,0,0,0,0,0,1,0,0,0,0,1,0,1,0,0,0
1088,20191693518,2019-05-30 14:20:00,Quinta-Feira,NÃO DEFINIDO,,,Direita,Dentro das localidades,São Domingos de Benfica,,Colisão,Colisão lateral com outro veículo em movimento,Recta,Em patamar,Berma pavimentada,Em plena via,Em estado regular,Estrada sem separador,Dois sentidos,Com marcas,Inexistentes,Outros,A funcionar normalmente,Betuminoso,Em entroncamento,Bom tempo,Em pleno dia,Seco e limpo,0,0,2,Arruamento sem separador,Via Secundária,0,,Rua Conde Almoster,Sem GPS - não estimado,2019,5,30,14,Tarde,Primavera,1,0,6,2,0,0,0,1,0,0,0,0,0,0,0,0,0,1,0,0,0,0,0
1089,20191693525,2019-05-30 15:38:00,Quinta-Feira,NÃO DEFINIDO,38.7670174,-9.1497221,Esquerda,Dentro das localidades,Lumiar,Lisboa,Colisão,Colisão com outras situações,Recta,Em patamar,Berma pavimentada,Em plena via,Em bom estado,Outra via,Sentido único,Com marcas,Inexistentes,NÃO DEFINIDO,A funcionar normalmente,Betuminoso,Fora da intersecção,Bom tempo,Em pleno dia,Seco e limpo,0,0,1,Arruamento com separador,Via Secundária,48,,Avenida Maria Helena Vieira da Silva,Sem GPS - estimado,2019,5,30,15,Tarde,Primavera,1,0,3,2,0,0,0,0,0,0,0,0,0,0,0,0,0,1,0,0,0,0,0
1090,20191693535,2019-05-26 23:20:00,Domingo,No sentido decrescente da quilometragem,,,Central,Dentro das localidades,Santa Maria dos Olivais,,Colisão,Colisão lateral com outro veículo em movimento,Recta,Em patamar,Berma pavimentada,Em plena via,Em estado regular,Outra via,Sentido único,Com marcas,Inexistentes,Cedência de passagem,Inexistentes,Betuminoso,Em entroncamento,Bom tempo,"Noite, com iluminação",Seco e limpo,0,0,1,Arruamento com separador,2ª Circular,0,,Avenida Marechal Craveiro Lopes,Sem GPS - não estimado,2019,5,26,23,Noite,Primavera,0,0,3,2,0,0,0,0,1,0,0,0,0,0,0,0,0,1,0,1,0,0,0
1091,20191693538,2019-05-30 15:20:00,Quinta-Feira,NÃO DEFINIDO,38.7635933999999,-9.1571355,Esquerda,Dentro das localidades,Lumiar,,Atropelamento,Atropelamento de peões,Curva,Em patamar,Berma pavimentada,Em plena via,Em bom estado,Estrada sem separador,Sentido único,Com marcas,Inexistentes,Passagem de peões,Inexistentes,Betuminoso,Em entroncamento,Bom tempo,Em pleno dia,Seco e limpo,0,0,1,Arruamento sem separador,Via Secundária,5,,Rua Francisco Stromp,Sem GPS - estimado,2019,5,30,15,Tarde,Primavera,1,0,3,1,0,1,0,0,0,0,0,0,0,0,0,0,0,0,0,0,1,0,1
1092,20191693560,2019-05-31 12:45:00,Sexta-Feira,No sentido crescente da quilometragem,,,Esquerda,Dentro das localidades,Parque das Nações,Lisboa,Colisão,Colisão com outras situações,Recta,Em patamar,Sem berma ou impraticável,Em plena via,Em estado regular,Outra via,Sentido único,Com marcas,Inexistentes,Outros,Inexistentes,Betuminoso,Fora da intersecção,Bom tempo,Em pleno dia,Seco e limpo,0,0,1,Arruamento com separador,Via Secundária,0,,Avenida Infante Dom Henrique,Sem GPS - não estimado,2019,5,31,12,Tarde,Primavera,1,0,3,3,0,0,0,0,0,0,0,0,0,0,0,0,1,1,0,0,0,0,0
1093,20191693657,2019-05-26 20:30:00,Domingo,NÃO DEFINIDO,38.7323809,-9.12877349999999,Direita,Dentro das localidades,Penha de França,,Atropelamento,Atropelamento de peões,Curva,Com inclinação,Sem berma ou impraticável,Em plena via,Em estado regular,Estrada sem separador,Dois sentidos,Com marcas,Inexistentes,Passagem de peões,Inexistentes,Betuminoso,Fora da intersecção,Bom tempo,Sol escandeante,Seco e limpo,0,0,1,Arruamento sem separador,Via Secundária,56,,Rua Morais Soares,Sem GPS - estimado,2019,5,26,20,Noite,Primavera,0,0,3,1,0,1,0,0,1,0,0,0,0,0,0,0,0,1,0,0,0,0,1
1094,20191693662,2019-05-25 18:20:00,Sábado,NÃO DEFINIDO,,,Esquerda,Dentro das localidades,Alvalade,,Colisão,Colisão lateral com outro veículo em movimento,Recta,Com inclinação,Sem berma ou impraticável,Em plena via,Em estado regular,Estrada sem separador,Dois sentidos,Com marcas,Inexistentes,NÃO DEFINIDO,A funcionar normalmente,Betuminoso,Em cruzamento,Bom tempo,Em pleno dia,Seco e limpo,0,0,1,Arruamento sem separador,Via Secundária,0,,Avenida Brasil,Sem GPS - não estimado,2019,5,25,18,Noite,Primavera,0,0,3,2,0,0,0,0,0,0,0,0,0,0,0,0,0,1,0,0,0,0,0
1095,20191695073,2019-03-30 19:33:00,Sábado,No sentido crescente da quilometragem,38.7226,-9.200599,Direita,Fora das localidades,Ajuda,Ajuda,Colisão,Colisão choque em cadeia,Recta,Com inclinação,Sem berma ou impraticável,Em plena via,Em bom estado,Auto-estrada,Sentido único,Com marcas,Inexistentes,NÃO DEFINIDO,Inexistentes,Betuminoso,Fora da intersecção,Bom tempo,"Noite, com iluminação",Seco e limpo,0,0,3,A  - Auto-Estrada,A5,,2.1,,Localização GPS,2019,3,30,19,Noite,Primavera,0,0,9,6,3,0,0,0,0,0,0,0,0,0,1,0,1,1,0,0,0,0,0
1096,20191695495,2019-03-28 19:30:00,Quinta-Feira,No sentido crescente da quilometragem,38.72432,-9.180445,Esquerda,Fora das localidades,Alcântara,Alcântara,Colisão,Colisão lateral com outro veículo em movimento,Recta,Com inclinação,Sem berma ou impraticável,Em plena via,Em bom estado,Auto-estrada,Sentido único,Com marcas,Inexistentes,NÃO DEFINIDO,Inexistentes,Betuminoso,Fora da intersecção,Bom tempo,"Noite, com iluminação",Seco e limpo,0,0,1,A  - Auto-Estrada,A5,,0.3,,Localização GPS,2019,3,28,19,Noite,Primavera,1,0,3,2,0,0,0,0,0,0,0,0,0,0,0,0,0,1,0,1,0,0,0
1097,20191697783,2019-03-13 08:25:00,Quarta-Feira,No sentido decrescente da quilometragem,38.72332,-9.197928,Direita,Fora das localidades,Ajuda,Lisboa,Despiste,Despiste simples,Recta,Em patamar,Berma pavimentada,Em plena via,Em bom estado,Auto-estrada,Sentido único,Com marcas,Inexistentes,NÃO DEFINIDO,Inexistentes,Betuminoso,Fora da intersecção,Bom tempo,Em pleno dia,Seco e limpo,0,0,1,A  - Auto-Estrada,A5,,2.0,,Localização GPS,2019,3,13,8,Manhã,Inverno,1,0,3,1,0,0,0,0,0,0,0,0,0,0,0,0,0,0,0,1,0,0,0
1098,20191698631,2019-03-11 19:50:00,Segunda-Feira,No sentido crescente da quilometragem,38.71845,-9.213785,Direita,Fora das localidades,Belém,Carnaxide,Colisão,Colisão choque em cadeia,Recta,Com inclinação,Berma pavimentada,Em plena via,Em bom estado,Auto-estrada,Sentido único,Com marcas,Inexistentes,Outros,Desligada,Betuminoso,Fora da intersecção,Bom tempo,"Noite, com iluminação",Seco e limpo,0,0,1,A  - Auto-Estrada,A5,,2.95,,Localização GPS,2019,3,11,19,Noite,Inverno,1,0,3,4,0,0,0,0,0,0,0,0,0,0,0,0,1,1,0,0,0,0,0
1099,20191699460,2019-03-08 18:15:00,Sexta-Feira,No sentido crescente da quilometragem,38.7252,-9.186469,Direita,Fora das localidades,Ajuda,Ajuda,Colisão,Colisão lateral com outro veículo em movimento,Recta,Com inclinação,Sem berma ou impraticável,Em plena via,Em bom estado,Auto-estrada,Sentido único,Com marcas,Inexistentes,NÃO DEFINIDO,Inexistentes,Betuminoso,Fora da intersecção,Bom tempo,"Noite, com iluminação",Seco e limpo,0,0,1,A  - Auto-Estrada,A5,,1.0,,Localização GPS,2019,3,8,18,Noite,Inverno,1,0,3,3,0,0,0,0,0,0,0,0,0,0,0,0,0,1,0,1,0,0,0
1100,20191699742,2019-03-02 08:00:00,Sábado,No sentido crescente da quilometragem,38.72453,-9.181159,Direita,Fora das localidades,Ajuda,Alcântara,Colisão,Colisão traseira com outro veículo em movimento,Recta,Com inclinação,Berma pavimentada,Em plena via,Em bom estado,Auto-estrada,Sentido único,Com marcas,Inexistentes,NÃO DEFINIDO,Inexistentes,Betuminoso,Fora da intersecção,Bom tempo,Em pleno dia,Seco e limpo,0,0,1,A  - Auto-Estrada,A5,,0.3,,Localização GPS,2019,3,2,8,Manhã,Inverno,0,0,3,2,0,0,0,0,0,0,0,0,0,0,0,0,0,1,0,1,0,0,0
1101,20191701070,2019-03-03 02:52:00,Domingo,No sentido decrescente da quilometragem,38.71899,-9.211336,Direita,Fora das localidades,Ajuda,Ajuda,Despiste,Despiste simples,Recta,Com inclinação,Berma pavimentada,Em plena via,Em bom estado,Auto-estrada,Sentido único,Com marcas,Inexistentes,NÃO DEFINIDO,Inexistentes,Betuminoso,Fora da intersecção,Bom tempo,"Noite, com iluminação",Seco e limpo,0,1,0,A  - Auto-Estrada,A5,,3.135,,Localização GPS,2019,3,3,2,Madrugada,Inverno,0,1,10,1,0,0,0,0,0,0,0,0,0,0,0,0,0,0,0,1,0,0,0
1102,20191704616,2019-05-31 14:15:00,Sexta-Feira,NÃO DEFINIDO,,,Direita,Dentro das localidades,Beato,Lisboa,Despiste,Despiste sem dispositivo de retenção,Recta,Em patamar,Berma pavimentada,Em plena via,Em bom estado,Outra via,Sentido único,Com marcas,Inexistentes,Outros,Inexistentes,Betuminoso,Fora da intersecção,Bom tempo,Em pleno dia,Seco e limpo,0,0,2,Arruamento com separador,Via Secundária,0,,Avenida Infante Dom Henrique,Sem GPS - não estimado,2019,5,31,14,Tarde,Primavera,1,0,6,1,1,0,0,0,0,0,0,0,0,0,0,0,0,0,0,1,0,0,0
1103,20191704620,2019-05-30 18:10:00,Quinta-Feira,NÃO DEFINIDO,,,Direita,Dentro das localidades,Parque das Nações,Lisboa,Colisão,Colisão traseira com outro veículo em movimento,Recta,Em patamar,Berma pavimentada,Em plena via,Em bom estado,Estrada sem separador,Sentido único,Com marcas,Inexistentes,Outros,Inexistentes,Betuminoso,Fora da intersecção,Bom tempo,Em pleno dia,Seco e limpo,0,0,1,Arruamento sem separador,Via Secundária,0,,Praça José Queirós,Sem GPS - não estimado,2019,5,30,18,Noite,Primavera,1,0,3,2,0,0,0,0,0,0,0,0,0,0,0,0,0,1,0,1,0,0,0
1104,20191704622,2019-05-31 12:30:00,Sexta-Feira,NÃO DEFINIDO,38.7058656,-9.1403034,Direita,Dentro das localidades,Santa Maria Maior,,Despiste,Despiste sem dispositivo de retenção,Curva,Em patamar,Berma pavimentada,Em plena via,Em estado regular,Estrada sem separador,Dois sentidos,Com marcas,Inexistentes,NÃO DEFINIDO,A funcionar normalmente,Betuminoso,Fora da intersecção,Bom tempo,Em pleno dia,Seco e limpo,0,0,1,Arruamento sem separador,Via Secundária,8,,Avenida Ribeira das Naus,Sem GPS - estimado,2019,5,31,12,Tarde,Primavera,1,0,3,1,0,0,0,0,0,0,0,0,0,0,0,0,0,0,0,1,0,0,0
1105,20191704637,2019-05-24 19:30:00,Sexta-Feira,NÃO DEFINIDO,38.736415,-9.162654,Direita,Dentro das localidades,Campolide,Lisboa,Colisão,Colisão lateral com outro veículo em movimento,Curva,Em patamar,Berma pavimentada,Em plena via,Em estado regular,Estrada sem separador,Dois sentidos,Sem marcas rodoviárias ou pouco visíveis,Inexistentes,Outros,Inexistentes,Betuminoso,Fora da intersecção,Bom tempo,Em pleno dia,Seco e limpo,0,0,1,Arruamento sem separador,Via Secundária,1,,Rua Cardeal Saraiva,Localização GPS,2019,5,24,19,Noite,Primavera,1,0,3,2,0,0,0,0,0,0,0,0,1,0,0,0,0,1,0,1,0,0,0
1106,20191704640,2019-05-27 22:30:00,Segunda-Feira,No sentido crescente da quilometragem,38.7309652,-9.134293,Direita,Dentro das localidades,Arroios,,Colisão,Colisão com outras situações,Recta,Em patamar,Berma pavimentada,Em plena via,Em bom estado,Outra via,Sentido único,Com marcas,Inexistentes,Outros,A funcionar normalmente,Betuminoso,Fora da intersecção,Bom tempo,"Noite, com iluminação",Seco e limpo,0,0,1,Arruamento com separador,Via Secundária,106,,Avenida Almirante Reis,Sem GPS - estimado,2019,5,27,22,Noite,Primavera,1,0,3,2,0,0,1,0,0,0,0,0,0,0,0,0,0,1,0,0,0,1,0
1107,20191704643,2019-05-31 18:30:00,Sexta-Feira,NÃO DEFINIDO,38.7236624,-9.1155123,Esquerda,Dentro das localidades,Penha de França,,Colisão,Colisão lateral com outro veículo em movimento,Recta,Em patamar,Berma pavimentada,Em plena via,Em bom estado,Estrada sem separador,Dois sentidos,Com marcas,Inexistentes,Outros,Inexistentes,Betuminoso,Fora da intersecção,Bom tempo,Em pleno dia,Seco e limpo,0,0,1,Arruamento sem separador,Via Secundária,11,,Rua Nelson de Barros,Sem GPS - estimado,2019,5,31,18,Noite,Primavera,1,0,3,2,0,0,0,0,0,0,0,0,0,0,0,0,0,1,0,1,0,0,0
1108,20191704725,2019-05-29 09:00:00,Quarta-Feira,NÃO DEFINIDO,,,Direita,Dentro das localidades,Avenidas Novas,,Colisão,Colisão lateral com outro veículo em movimento,Recta,Em patamar,Berma pavimentada,Em plena via,Em estado regular,Estrada sem separador,Dois sentidos,Com marcas,Inexistentes,Outros,Inexistentes,Betuminoso,Em entroncamento,Bom tempo,Em pleno dia,Seco e limpo,0,0,1,Arruamento sem separador,Via Secundária,0.0,,Rua Filipe da Mata,Sem GPS - não estimado,2019,5,29,9,Manhã,Primavera,1,0,3,2,0,0,0,0,0,0,0,0,0,0,0,0,0,1,0,1,0,0,0
1109,20191704763,2019-05-22 11:00:00,Quarta-Feira,NÃO DEFINIDO,,,Direita,Dentro das localidades,Alcântara,Lisboa,Colisão,Colisão com outras situações,Curva,Em patamar,Berma pavimentada,Em plena via,Em estado regular,Outra via,Sentido único,Com marcas,Inexistentes,NÃO DEFINIDO,A funcionar normalmente,Betuminoso,Em cruzamento,Bom tempo,Em pleno dia,NÃO DEFINIDO,0,0,1,Arruamento com separador,Via Secundária,0,,Avenida Índia,Sem GPS - não estimado,2019,5,22,11,Manhã,Primavera,1,0,3,2,0,0,0,0,0,0,0,0,0,0,0,0,0,1,0,1,0,0,0
1110,20191705382,2019-02-11 18:25:00,Segunda-Feira,No sentido crescente da quilometragem,38.72198,-9.201565,Direita,Fora das localidades,Ajuda,Ajuda,Colisão,Colisão lateral com outro veículo em movimento,Recta,Em patamar,Berma pavimentada,Em plena via,Em bom estado,Auto-estrada,Sentido único,Com marcas,Inexistentes,NÃO DEFINIDO,Inexistentes,Betuminoso,Fora da intersecção,Bom tempo,"Noite, com iluminação",Seco e limpo,0,0,1,A  - Auto-Estrada,A5,,2.9,,Localização GPS,2019,2,11,18,Noite,Inverno,1,0,3,3,0,0,0,0,0,0,0,0,0,0,0,0,0,1,0,1,0,0,0
1111,20191705606,2019-02-11 18:35:00,Segunda-Feira,No sentido decrescente da quilometragem,38.72393,-9.178954,Direita,Fora das localidades,Ajuda,Ajuda,Colisão,Colisão traseira com outro veículo em movimento,Recta,Em patamar,Sem berma ou impraticável,Em plena via,Em bom estado,Auto-estrada,Sentido único,Com marcas,Inexistentes,NÃO DEFINIDO,A funcionar normalmente,Betuminoso,Fora da intersecção,Bom tempo,"Noite, com iluminação",Seco e limpo,0,0,2,A  - Auto-Estrada,A5,,0.2,,Localização GPS,2019,2,11,18,Noite,Inverno,1,0,6,2,1,0,0,0,0,0,0,0,0,0,0,0,0,1,0,0,0,0,0
1112,20191707837,2019-06-02 19:45:00,Domingo,NÃO DEFINIDO,38.736775,-9.14101879999999,Direita,Dentro das localidades,Avenidas Novas,Lisboa,Atropelamento,Atropelamento de peões,Recta,Em patamar,Sem berma ou impraticável,Em plena via,Em bom estado,Estrada sem separador,Sentido único,Com marcas,Inexistentes,Outros,A funcionar normalmente,Betuminoso,Em cruzamento,Bom tempo,"Noite, com iluminação",Seco e limpo,0,0,1,Arruamento sem separador,Via Secundária,2,,Avenida João Crisóstomo,Sem GPS - estimado,2019,6,2,19,Noite,Primavera,0,0,3,1,0,1,0,0,0,0,0,0,0,0,0,0,0,1,0,0,0,0,1
1113,20191707838,2019-05-27 08:45:00,Segunda-Feira,NÃO DEFINIDO,38.7060086999999,-9.17261779999999,Direita,Dentro das localidades,Estrela,Lisboa,Atropelamento,Atropelamento de peões,Recta,Com inclinação,Sem berma ou impraticável,Em plena via,Em bom estado,Estrada sem separador,Dois sentidos,Com marcas,Inexistentes,Outros,Inexistentes,Betuminoso,Em entroncamento,Bom tempo,Em pleno dia,Seco e limpo,0,0,1,Arruamento sem separador,Via Secundária,96,,Rua Prior Crato,Sem GPS - estimado,2019,5,27,8,Manhã,Primavera,1,0,3,1,0,1,0,0,0,0,0,0,0,0,0,0,0,1,0,0,0,0,1
1114,20191707853,2019-06-01 11:05:00,Sábado,NÃO DEFINIDO,38.7334998999999,-9.1363922,Direita,Dentro das localidades,Arroios,Lisboa,Atropelamento,Atropelamento de peões,Curva,Com inclinação,Sem berma ou impraticável,Em plena via,Em estado regular,Estrada sem separador,Sentido único,Sem marcas rodoviárias ou pouco visíveis,Inexistentes,Passagem de peões,Inexistentes,Betuminoso,Em entroncamento,Bom tempo,Em pleno dia,Seco e limpo,0,0,1,Arruamento sem separador,Via Secundária,265,,Rua Carlos José Barreiros,Sem GPS - estimado,2019,6,1,11,Manhã,Primavera,0,0,3,1,0,1,0,0,0,0,0,0,0,0,0,0,0,1,0,0,0,0,1