,IdAcidente,Datahora,Dia da Semana,Sentidos,Latitude GPS,Longitude GPS,Via Trânsito,Localizações,Freguesia,Pov. Proxima,Tipo Natureza,Natureza,Tipo de Traçado,Inclinação do Traçado,Berma do Traçado,Localização do Traçado,Estado Conservação,Características Tecnicas,Reg Circulação,Marca Via,Obstáculos,Sinais,Sinais Luminosos,Tipo Piso,Intersecção Vias,Factores Atmosféricos,Luminosidade,Cond Aderência,VM,FG,FL,Tipos Vias,Via,Num arruamento,Km,Nome arruamento,Localização 2,Ano,Mês,Dia,Hora,Periodo,Estação,Dia Util,Gravidade,Indicador de Gravidade,Veículos envolvidos,Passageiros envolvidos,Peões envolvidos,Inf/Ação: Abertura de porta,Inf/Ação: Desrespeito da sinalização semafórica,Inf/Ação: Desrespeito da sinalização vertical,Inf/Ação: Desrespeito das distâncias de segurança,Inf/Ação: Desrespeito das marcas rodoviárias,Inf/Ação: Encandeamento,Inf/Ação: Manobra irregular,Inf/Ação: Não sinalização da manobra,Inf/Ação: Obstáculo imprevisto na faixa de rodagem,Inf/Ação: Rebentamento de pneumático,Inf/Ação: Velocidade excessiva para as condições existentes,Automóvel ligeiro,Automóvel pesado,Motociclos/Ciclomotores,Outros Veículos,Velocípedes,Peões
1155,20191709613,2019-06-05 11:40:00,Quarta-Feira,NÃO DEFINIDO,,,Direita,Dentro das localidades,Santa Maria Maior,,Colisão,Colisão com outras situações,Curva,Em patamar,Berma pavimentada,Em plena via,Em estado regular,Estrada sem separador,Dois sentidos,Com marcas,Inexistentes,NÃO DEFINIDO,Intermitente,Calçada,Em entroncamento,Bom tempo,Em pleno dia,Seco e limpo,0,0,1,Arruamento sem separador,Via Secundária,0,,Rua da Alfandega,Sem GPS - não estimado,2019,6,5,11,Manhã,Primavera,1,0,3,2,1,0,0,0,0,1,0,0,0,0,0,0,0,0,0,1,1,0,0
1156,20191709614,2019-06-05 13:00:00,Quarta-Feira,NÃO DEFINIDO,38.781258,-9.11825,Direita,Dentro das localidades,Santa Maria dos Olivais,Lisboa,Atropelamento,Atropelamento de peões,Recta,Em patamar,Berma pavimentada,No passeio,Em estado regular,Estrada sem separador,Dois sentidos,Sem marcas rodoviárias ou pouco visíveis,Inexistentes,NÃO DEFINIDO,Inexistentes,Betuminoso,Fora da intersecção,Bom tempo,Em pleno dia,Seco e limpo,0,0,1,Arruamento sem separador,Via Secundária,0,,Rua Costa Malheiro,Sem GPS - estimado,2019,6,5,13,Tarde,Primavera,1,0,3,1,0,1,0,0,0,0,0,0,0,0,0,0,0,1,0,0,0,0,1
1157,20191709623,2019-06-05 12:45:00,Quarta-Feira,NÃO DEFINIDO,38.7564435999999,-9.1465808,Direita,Dentro das localidades,Alvalade,Lisboa,Atropelamento,Atropelamento de peões,Recta,Em patamar,Berma pavimentada,Em via ou pista reservada,Em estado regular,Estrada sem separador,Dois sentidos,Com marcas,Inexistentes,Outros,A funcionar normalmente,Betuminoso,Fora da intersecção,Bom tempo,Em pleno dia,Seco e limpo,0,0,2,Arruamento sem separador,Via Secundária,101,,Avenida Brasil,Sem GPS - estimado,2019,6,5,12,Tarde,Primavera,1,0,6,1,0,1,0,0,0,0,0,0,0,0,0,0,0,0,0,0,0,1,1
1158,20191709625,2019-06-05 13:55:00,Quarta-Feira,NÃO DEFINIDO,38.7597602,-9.1372582,Direita,Dentro das localidades,Alvalade,Lisboa,Colisão,Colisão traseira com outro veículo em movimento,Recta,Em patamar,Sem berma ou impraticável,Em plena via,Em estado regular,Estrada sem separador,Dois sentidos,Com marcas,Inexistentes,Outros,A funcionar normalmente,Betuminoso,Fora da intersecção,Bom tempo,Em pleno dia,Seco e limpo,0,0,3,Arruamento sem separador,Via Secundária,155,,Avenida Brasil,Sem GPS - estimado,2019,6,5,13,Tarde,Primavera,1,0,9,2,3,0,0,0,0,1,0,0,0,0,0,0,0,0,1,0,0,0,0
1159,20191709688,2019-06-01 13:45:00,Sábado,NÃO DEFINIDO,38.7085539999999,-9.151996,Direita,Dentro das localidades,Misericórdia,Lisboa,Atropelamento,Atropelamento de peões,Recta,Em patamar,Sem berma ou impraticável,Em plena via,Em bom estado,Estrada sem separador,Dois sentidos,Sem marcas rodoviárias ou pouco visíveis,Inexistentes,Outros,Inexistentes,Betuminoso,Fora da intersecção,Bom tempo,Em pleno dia,Seco e limpo,0,0,1,Arruamento sem separador,Via Secundária,36,,Largo Conde-barão,Sem GPS - estimado,2019,6,1,13,Tarde,Primavera,0,0,3,1,0,1,0,0,0,0,0,0,0,0,0,0,0,1,0,0,0,0,1
1160,20191709699,2019-05-27 12:15:00,Segunda-Feira,No sentido decrescente da quilometragem,38.7361683,-9.1042028,Direita,Dentro das localidades,Beato,,Colisão,Colisão lateral com outro veículo em movimento,Recta,Em patamar,Sem berma ou impraticável,Em plena via,Em estado regular,Outra via,Dois sentidos,Sem marcas rodoviárias ou pouco visíveis,Inexistentes,Outros,Inexistentes,Betuminoso,Em entroncamento,Bom tempo,Em pleno dia,Seco e limpo,0,0,1,Arruamento com separador,Via Secundária,88,,Rua Açúcar,Sem GPS - estimado,2019,5,27,12,Tarde,Primavera,1,0,3,2,0,0,0,0,0,0,0,0,0,0,0,0,0,1,0,1,0,0,0
1161,20191709708,2019-06-01 07:00:00,Sábado,NÃO DEFINIDO,38.707532,-9.1364489,Esquerda,Dentro das localidades,Santa Maria Maior,Lisboa,Atropelamento,Atropelamento de peões,Recta,Em patamar,Sem berma ou impraticável,Em plena via,Em bom estado,Estrada sem separador,Dois sentidos,Com marcas,Inexistentes,Outros,A funcionar normalmente,Calçada,Em entroncamento,Bom tempo,Em pleno dia,Seco e limpo,0,0,1,Arruamento sem separador,Via Secundária,0,,Praça Comércio,Sem GPS - estimado,2019,6,1,7,Manhã,Primavera,0,0,3,1,0,1,0,0,0,0,0,0,0,0,0,0,0,0,1,0,0,0,1
1162,20191709722,2019-06-01 20:00:00,Sábado,NÃO DEFINIDO,38.7205299,-9.1684471,Direita,Dentro das localidades,Campo de Ourique,Lisboa,Atropelamento,Atropelamento de peões,Recta,Em patamar,Berma pavimentada,Em plena via,Em estado regular,Estrada sem separador,Dois sentidos,Com marcas,Inexistentes,Outros,Inexistentes,Betuminoso,Fora da intersecção,Bom tempo,"Noite, sem iluminação",Seco e limpo,0,0,1,Arruamento sem separador,Via Secundária,536,,Rua Maria Pia,Sem GPS - estimado,2019,6,1,20,Noite,Primavera,0,0,3,1,0,1,0,0,0,0,0,0,0,0,0,0,0,1,0,0,0,0,1
1163,20191709797,2019-06-06 12:00:00,Quinta-Feira,NÃO DEFINIDO,38.7151037,-9.1606973,Direita,Dentro das localidades,Estrela,Lisboa,Despiste,Despiste sem dispositivo de retenção,Recta,Em patamar,Berma pavimentada,Em plena via,Em bom estado,Estrada sem separador,Dois sentidos,Com marcas,Inexistentes,Outros,Inexistentes,Betuminoso,Fora da intersecção,Bom tempo,Em pleno dia,Seco e limpo,0,0,2,Arruamento sem separador,Via Secundária,21,,Rua Estrela,Sem GPS - estimado,2019,6,6,12,Tarde,Primavera,1,0,6,1,1,0,0,0,0,0,0,0,0,0,0,0,1,1,0,0,0,0,0
1164,20191709827,2019-06-06 17:00:00,Quinta-Feira,NÃO DEFINIDO,38.7595046,-9.1223395,Direita,Dentro das localidades,Marvila,Lisboa,Atropelamento,Atropelamento de peões,Recta,Em patamar,Sem berma ou impraticável,Em plena via,Em bom estado,Estrada sem separador,Sentido único,Sem marcas rodoviárias ou pouco visíveis,Inexistentes,NÃO DEFINIDO,Inexistentes,Betuminoso,Fora da intersecção,Chuva,Em pleno dia,Molhado,0,0,1,Arruamento sem separador,Via Secundária,1D,,Rua Pedro José Pezerat,Sem GPS - estimado,2019,6,6,17,Tarde,Primavera,1,0,3,1,0,1,0,0,0,0,0,0,0,0,0,0,0,1,0,0,0,0,1
1165,20191709831,2019-06-02 20:45:00,Domingo,NÃO DEFINIDO,38.7088083,-9.1337591,Direita,Dentro das localidades,Santa Maria Maior,Lisboa,Colisão,Colisão frontal,Recta,Em patamar,Berma pavimentada,Em plena via,Em bom estado,Estrada sem separador,Dois sentidos,Com marcas,Inexistentes,Outros,A funcionar normalmente,Calçada,Fora da intersecção,Bom tempo,"Noite, com iluminação",Seco e limpo,0,0,1,Arruamento sem separador,Via Secundária,96,,Rua Alfândega,Sem GPS - estimado,2019,6,2,20,Noite,Primavera,0,0,3,2,0,0,0,0,0,0,0,0,0,0,0,0,1,1,0,1,0,0,0
1166,20191709888,2019-06-03 19:40:00,Segunda-Feira,NÃO DEFINIDO,,,Direita,Dentro das localidades,Santa Maria Maior,Lisboa,Despiste,Despiste sem dispositivo de retenção,NÃO DEFINIDO,NÃO DEFINIDO,NÃO DEFINIDO,NÃO DEFINIDO,NÃO DEFINIDO,Estrada sem separador,Dois sentidos,Com marcas,Inexistentes,Outros,Inexistentes,NÃO DEFINIDO,Fora da intersecção,Bom tempo,Em pleno dia,NÃO DEFINIDO,0,0,1,Arruamento sem separador,Via Secundária,0,,Rua Palma,Sem GPS - não estimado,2019,6,3,19,Noite,Primavera,1,0,3,1,0,0,0,0,0,0,0,0,0,0,0,0,0,0,0,1,0,0,0
1167,20191709895,2019-05-28 12:00:00,Terça-Feira,No sentido decrescente da quilometragem,,,Direita,Dentro das localidades,Misericórdia,,Colisão,Colisão traseira com outro veículo em movimento,Recta,Em patamar,Berma pavimentada,Em plena via,Em estado regular,Outra via,Sentido único,Com marcas,Inexistentes,Outros,A funcionar normalmente,Betuminoso,Fora da intersecção,Bom tempo,Em pleno dia,Seco e limpo,0,0,3,Arruamento com separador,Via Secundária,0,,Avenida 24 de Julho,Sem GPS - não estimado,2019,5,28,12,Tarde,Primavera,1,0,9,3,0,0,0,0,0,0,0,0,0,0,0,0,0,1,0,0,0,0,0
1168,20191709934,2019-05-27 12:25:00,Segunda-Feira,No sentido crescente da quilometragem,,,Direita,Fora das localidades,Alcântara,Lisboa,Colisão,Colisão traseira com outro veículo em movimento,Recta,Em patamar,Berma pavimentada,Em plena via,Em bom estado,Outra via,Sentido único,Com marcas,Inexistentes,Outros,Inexistentes,Betuminoso,Fora da intersecção,Bom tempo,Em pleno dia,Seco e limpo,0,0,2,IP - Itinerário Principal,IP7,,10.5,,Sem GPS - não estimado,2019,5,27,12,Tarde,Primavera,1,0,6,2,2,0,0,0,0,0,0,0,0,0,0,0,0,1,0,0,0,0,0
1169,20191709965,2019-06-07 14:50:00,Sexta-Feira,No sentido crescente da quilometragem,38.740951,-9.149061,Direita,Dentro das localidades,Avenidas Novas,,Atropelamento,Atropelamento de peões,Recta,Em patamar,Sem berma ou impraticável,Na berma,Em estado regular,Outra via,Dois sentidos,Com marcas,Inexistentes,Outros,A funcionar normalmente,Betuminoso,Fora da intersecção,Bom tempo,Em pleno dia,Seco e limpo,0,0,1,Arruamento com separador,Via Secundária,18,,Avenida Berna,Localização GPS,2019,6,7,14,Tarde,Primavera,1,0,3,1,0,1,0,0,0,0,0,0,0,0,0,0,0,1,0,0,0,0,1
1170,20191710002,2019-05-28 16:15:00,Terça-Feira,NÃO DEFINIDO,38.7370889,-9.1523063,Direita,Dentro das localidades,Avenidas Novas,Lisboa,Colisão,Colisão lateral com outro veículo em movimento,Recta,Em patamar,Sem berma ou impraticável,Em plena via,Em estado regular,Estrada sem separador,Dois sentidos,Sem marcas rodoviárias ou pouco visíveis,Inexistentes,Outros,Inexistentes,Betuminoso,Fora da intersecção,Bom tempo,Em pleno dia,Seco e limpo,0,0,1,Arruamento sem separador,Via Secundária,86,,Rua Marquês Sá da Bandeira,Sem GPS - estimado,2019,5,28,16,Tarde,Primavera,1,0,3,2,0,0,0,0,0,0,0,0,0,0,0,0,0,1,0,0,0,0,0
1171,20191710016,2019-05-29 08:40:00,Quarta-Feira,No sentido decrescente da quilometragem,,,Esquerda,Dentro das localidades,Alvalade,Lisboa,Colisão,Colisão lateral com outro veículo em movimento,Recta,Em patamar,Sem berma ou impraticável,Em plena via,Em estado regular,Outra via,Sentido único,Com marcas,Inexistentes,Outros,Inexistentes,Betuminoso,Fora da intersecção,Bom tempo,Em pleno dia,Seco e limpo,0,0,1,Arruamento com separador,2ª Circular,0,,Avenida Marechal Craveiro Lopes,Sem GPS - não estimado,2019,5,29,8,Manhã,Primavera,1,0,3,2,0,0,0,0,0,0,0,0,0,0,0,0,0,1,0,1,0,0,0
1172,20191710017,2019-06-08 16:00:00,Sábado,NÃO DEFINIDO,38.719777,-9.185268,Direita,Dentro das localidades,Alcântara,Lisboa,Colisão,Colisão com fuga,Curva,Em patamar,Berma pavimentada,Em plena via,Em estado regular,Estrada sem separador,Dois sentidos,Sem marcas rodoviárias ou pouco visíveis,Inexistentes,Outros,Inexistentes,Betuminoso,Fora da intersecção,Bom tempo,Em pleno dia,Seco e limpo,0,0,1,Arruamento sem separador,Via Secundária,0,,Estrada Alvito,Localização GPS,2019,6,8,16,Tarde,Primavera,0,0,3,2,0,0,0,0,0,0,0,0,0,0,0,0,0,1,0,1,0,0,0
1173,20191710055,2019-06-02 14:30:00,Domingo,No sentido crescente da quilometragem,,,Direita,Dentro das localidades,Parque das Nações,,Colisão,Colisão lateral com outro veículo em movimento,Recta,Com inclinação,Sem berma ou impraticável,Em plena via,Em estado regular,Outra via,Sentido único,Com marcas,Inexistentes,Outros,Inexistentes,Betuminoso,Fora da intersecção,Bom tempo,Em pleno dia,Seco e limpo,0,0,1,IC - Itinerário Complementar,IC17,,18.0,,Sem GPS - não estimado,2019,6,2,14,Tarde,Primavera,0,0,3,2,0,0,0,0,0,0,0,0,0,0,0,0,0,1,0,1,0,0,0
1174,20191710075,2019-06-04 05:30:00,Terça-Feira,NÃO DEFINIDO,,,Direita,Dentro das localidades,Santa Maria dos Olivais,Lisboa,Colisão,Colisão frontal,Curva,Com inclinação,Berma pavimentada,Em plena via,Em bom estado,Estrada sem separador,Dois sentidos,Com marcas,Inexistentes,Outros,Inexistentes,Betuminoso,Fora da intersecção,Bom tempo,Aurora ou crepúsculo,Seco e limpo,0,0,1,Arruamento sem separador,Via Secundária,0,,Alameda Comunidades Portuguesas,Sem GPS - não estimado,2019,6,4,5,Madrugada,Primavera,1,0,3,2,0,0,0,0,0,0,0,0,0,0,0,0,0,1,0,0,0,0,0
1175,20191710132,2019-05-30 19:50:00,Quinta-Feira,NÃO DEFINIDO,38.6980862,-9.1903977,Direita,Dentro das localidades,Belém,,Despiste,Despiste com colisão com veículo imobil. ou obstáculo,Recta,Em patamar,Sem berma ou impraticável,Em parque de estacionamento,Em estado regular,Estrada sem separador,Dois sentidos,Com marcas,Inexistentes,Outros,Inexistentes,Betuminoso,Fora da intersecção,Bom tempo,"Noite, com iluminação",Seco e limpo,0,0,1,Arruamento sem separador,Via Secundária,114,,Rua Junqueira,Sem GPS - estimado,2019,5,30,19,Noite,Primavera,1,0,3,3,0,0,0,0,0,0,0,0,0,0,0,0,0,1,0,0,0,0,0
1176,20191710147,2019-06-01 03:10:00,Sábado,NÃO DEFINIDO,,,Direita,Dentro das localidades,Avenidas Novas,,Despiste,Despiste com capotamento,Recta,Com inclinação,Berma pavimentada,Em plena via,Em estado regular,Estrada sem separador,Sentido único,Com marcas,Inexistentes,Outros,A funcionar normalmente,Betuminoso,Fora da intersecção,Bom tempo,"Noite, com iluminação",Seco e limpo,0,0,1,Arruamento sem separador,Via Secundária,0,,Praça Espanha,Sem GPS - não estimado,2019,6,1,3,Madrugada,Primavera,0,0,3,1,0,0,0,0,0,0,0,0,0,0,0,0,0,1,0,0,0,0,0
1177,20191710171,2019-06-06 12:30:00,Quinta-Feira,No sentido crescente da quilometragem,38.753396,-9.1450014,Direita,Dentro das localidades,Alvalade,Lisboa,Colisão,Colisão lateral com outro veículo em movimento,Curva,Em patamar,Sem berma ou impraticável,Em plena via,Em estado regular,Outra via,Sentido único,Com marcas,Inexistentes,Outros,A funcionar normalmente,Betuminoso,Em cruzamento,Bom tempo,Em pleno dia,Seco e limpo,0,0,1,Arruamento com separador,Via Secundária,6,,Praça Alvalade,Sem GPS - estimado,2019,6,6,12,Tarde,Primavera,1,0,3,2,1,0,0,0,0,0,0,0,0,0,0,0,0,1,0,0,0,0,0
1178,20191710187,2019-06-05 19:15:00,Quarta-Feira,NÃO DEFINIDO,,,Direita,Dentro das localidades,Marvila,,Colisão,Colisão lateral com outro veículo em movimento,Recta,Com inclinação,Berma pavimentada,Em plena via,Em estado regular,Estrada sem separador,Dois sentidos,Com marcas,Inexistentes,Cedência de passagem,Inexistentes,Betuminoso,Em cruzamento,Bom tempo,Em pleno dia,Seco e limpo,0,0,1,Arruamento sem separador,Via Secundária,0,,Rua Alberto José Pessoa,Sem GPS - não estimado,2019,6,5,19,Noite,Primavera,1,0,3,2,1,0,0,0,0,0,0,0,0,0,0,0,0,1,0,0,0,0,0
1179,20191710196,2019-06-03 09:10:00,Segunda-Feira,NÃO DEFINIDO,,,Esquerda,Dentro das localidades,Santo António,,Colisão,Colisão traseira com outro veículo em movimento,Recta,Em patamar,Sem berma ou impraticável,Em plena via,Em estado regular,Outra via,Sentido único,Com marcas,Inexistentes,Outros,A funcionar normalmente,Betuminoso,Em cruzamento,Bom tempo,Em pleno dia,Seco e limpo,0,0,1,Arruamento com separador,Via Secundária,0,,Rua Alexandre Herculano,Sem GPS - não estimado,2019,6,3,9,Manhã,Primavera,1,0,3,2,0,0,0,0,0,0,0,0,0,0,0,0,0,1,0,1,0,0,0
1180,20191710238,2019-06-05 23:00:00,Quarta-Feira,NÃO DEFINIDO,,,Direita,Dentro das localidades,Areeiro,Lisboa,Colisão,Colisão lateral com outro veículo em movimento,Curva,Em patamar,Sem berma ou impraticável,Em plena via,Em estado regular,Estrada sem separador,Sentido único,Com marcas,Inexistentes,Outros,A funcionar normalmente,Betuminoso,Em cruzamento,Bom tempo,"Noite, com iluminação",Seco e limpo,0,0,1,Arruamento sem separador,Via Secundária,0,,Praça Francisco Sá Carneiro,Sem GPS - não estimado,2019,6,5,23,Noite,Primavera,1,0,3,2,0,0,0,0,0,0,0,0,1,0,0,0,0,1,0,1,0,0,0
1181,20191710288,2019-06-05 21:30:00,Quarta-Feira,NÃO DEFINIDO,,,Esquerda,Dentro das localidades,Lumiar,,Colisão,Colisão lateral com outro veículo em movimento,Recta,Em patamar,Berma pavimentada,Em plena via,Em estado regular,Estrada sem separador,Dois sentidos,Sem marcas rodoviárias ou pouco visíveis,Inexistentes,Outros,A funcionar normalmente,Betuminoso,Em cruzamento,Bom tempo,"Noite, com iluminação",Seco e limpo,0,0,1,Arruamento sem separador,Via Secundária,0,,Rua Professor Pulido Valente,Sem GPS - não estimado,2019,6,5,21,Noite,Primavera,1,0,3,2,0,0,0,0,0,0,0,0,0,0,0,0,0,1,0,1,0,0,0
1182,20191710301,2019-06-09 15:30:00,Domingo,NÃO DEFINIDO,38.7201954,-9.1462129,Direita,Dentro das localidades,Santo António,Lisboa,Atropelamento,Atropelamento de peões,Recta,Com inclinação,Berma pavimentada,Em plena via,Em bom estado,Estrada sem separador,Dois sentidos,Com marcas,Inexistentes,Outros,A funcionar normalmente,Betuminoso,Fora da intersecção,Bom tempo,Em pleno dia,Seco e limpo,0,0,2,Arruamento sem separador,Via Secundária,169,,Avenida da Liberdade,Sem GPS - estimado,2019,6,9,15,Tarde,Primavera,0,0,6,1,0,1,0,0,0,0,0,0,0,0,0,0,0,0,0,0,0,1,1
1183,20191710313,2019-06-05 23:35:00,Quarta-Feira,NÃO DEFINIDO,38.7065612,-9.1440639,Direita,Dentro das localidades,Estrela,,Atropelamento,Atropelamento de peões,Recta,Em patamar,Berma pavimentada,Em plena via,Em estado regular,Estrada sem separador,Dois sentidos,Com marcas,Inexistentes,Proibição de ultrapassagem,A funcionar normalmente,Betuminoso,Fora da intersecção,Bom tempo,"Noite, com iluminação",Seco e limpo,0,0,1,Arruamento sem separador,Via Secundária,1,,Avenida 24 de Julho,Sem GPS - estimado,2019,6,5,23,Noite,Primavera,1,0,3,1,0,1,0,0,0,0,0,0,0,0,0,0,0,0,0,0,1,0,1
1184,20191710342,2019-06-10 13:50:00,Segunda-Feira,NÃO DEFINIDO,38.7213967,-9.1617753,Direita,Dentro das localidades,Campo de Ourique,,Atropelamento,Atropelamento com fuga,Recta,Em patamar,Berma pavimentada,Em plena via,Em estado regular,Estrada sem separador,Dois sentidos,Com marcas,Inexistentes,NÃO DEFINIDO,A funcionar normalmente,Betuminoso,Fora da intersecção,Bom tempo,Em pleno dia,Seco e limpo,0,0,1,Arruamento sem separador,Via Secundária,0,,Rua Carlos Alberto da Mota Pinto,Sem GPS - estimado,2019,6,10,13,Tarde,Primavera,0,0,3,1,0,1,0,0,0,0,0,0,0,0,0,0,0,0,0,0,1,0,1
1185,20191710370,2019-06-09 13:35:00,Domingo,No sentido crescente da quilometragem,,,Direita,Dentro das localidades,Santa Clara,,Colisão,Colisão traseira com outro veículo em movimento,Recta,Com inclinação,Berma pavimentada,Em plena via,Em bom estado,Outra via,Sentido único,Com marcas,Inexistentes,Outros,Inexistentes,Betuminoso,Fora da intersecção,Bom tempo,Em pleno dia,Seco e limpo,0,0,3,IP - Itinerário Principal,IP7,,3.5,,Sem GPS - não estimado,2019,6,9,13,Tarde,Primavera,0,0,9,2,2,0,0,0,0,1,0,0,0,0,0,0,0,1,0,0,0,0,0
1186,20191710382,2019-06-05 15:10:00,Quarta-Feira,NÃO DEFINIDO,38.7259838,-9.157932,Central,Dentro das localidades,Santo António,Lisboa,Atropelamento,Atropelamento de peões,Curva,Com inclinação,Berma pavimentada,Em plena via,Em estado regular,Outra via,Sentido único,Com marcas,Inexistentes,Outros,Inexistentes,Calçada,Fora da intersecção,Bom tempo,Em pleno dia,Seco e limpo,0,0,1,Arruamento com separador,Via Secundária,107,,Rua Artilharia 1,Sem GPS - estimado,2019,6,5,15,Tarde,Primavera,1,0,3,1,0,1,0,0,0,0,0,0,0,0,0,0,0,1,0,0,0,0,1
1187,20191710392,2019-06-06 19:00:00,Quinta-Feira,No sentido crescente da quilometragem,,,Direita,Dentro das localidades,Lumiar,Lisboa,Colisão,Colisão lateral com outro veículo em movimento,Recta,Com inclinação,Berma pavimentada,Em plena via,Em estado regular,Outra via,Sentido único,Com marcas,Inexistentes,Outros,Inexistentes,Betuminoso,Fora da intersecção,Chuva,Em pleno dia,Molhado,0,0,1,IP - Itinerário Principal,IP7,,6.2,,Sem GPS - não estimado,2019,6,6,19,Noite,Primavera,1,0,3,2,0,0,0,0,0,0,0,0,0,0,0,0,0,1,0,0,0,0,0
1188,20191710399,2019-06-06 19:00:00,Quinta-Feira,No sentido crescente da quilometragem,,,Direita,Dentro das localidades,Lumiar,,Colisão,Colisão choque em cadeia,Recta,Com inclinação,Berma pavimentada,Em plena via,Em bom estado,Outra via,Sentido único,Com marcas,Inexistentes,Outros,Inexistentes,Betuminoso,Em entroncamento,Chuva,Em pleno dia,Molhado,0,0,2,IP - Itinerário Principal,IP7,,5.7,,Sem GPS - não estimado,2019,6,6,19,Noite,Primavera,1,0,6,3,0,0,0,0,0,0,0,0,0,0,0,0,1,1,0,0,0,0,0
1189,20191710414,2019-06-05 19:30:00,Quarta-Feira,NÃO DEFINIDO,38.7085575,-9.1518811,Direita,Dentro das localidades,Misericórdia,,Colisão,Colisão lateral com outro veículo em movimento,Recta,Em patamar,Berma pavimentada,Em plena via,Em bom estado,Estrada sem separador,Dois sentidos,Sem marcas rodoviárias ou pouco visíveis,Inexistentes,Cedência de passagem,Inexistentes,Betuminoso,Em entroncamento,Bom tempo,Em pleno dia,Seco e limpo,0,0,1,Arruamento sem separador,Via Secundária,33,,Largo Conde-barão,Sem GPS - estimado,2019,6,5,19,Noite,Primavera,1,0,3,2,0,0,0,0,0,0,0,0,0,0,0,0,0,1,0,1,0,0,0
1190,20191710420,2019-06-04 07:53:00,Terça-Feira,NÃO DEFINIDO,38.702555,-9.1713353,Direita,Dentro das localidades,Marvila,Lisboa,Despiste,Despiste com dispositivo de retenção,Recta,Em patamar,Berma não pavimentada,Na berma,Em bom estado,Estrada sem separador,Dois sentidos,Sem marcas rodoviárias ou pouco visíveis,Inexistentes,Passagem de peões,Inexistentes,Betuminoso,Fora da intersecção,Bom tempo,Em pleno dia,Seco e limpo,0,0,1,Arruamento sem separador,Via Secundária,28,,Rua Cintura do Porto,Sem GPS - estimado,2019,6,4,7,Manhã,Primavera,1,0,3,1,0,0,0,0,0,0,0,0,0,0,0,0,0,1,0,0,0,0,0
1191,20191710438,2019-06-02 00:40:00,Domingo,NÃO DEFINIDO,38.7299472999999,-9.1089037,Direita,Dentro das localidades,Beato,Lisboa,Atropelamento,Atropelamento de peões,Recta,Em patamar,Sem berma ou impraticável,Em plena via,Em bom estado,Estrada sem separador,Sentido único,Sem marcas rodoviárias ou pouco visíveis,Inexistentes,Outros,Inexistentes,Betuminoso,Fora da intersecção,Bom tempo,"Noite, com iluminação",Seco e limpo,0,0,1,Arruamento sem separador,Via Secundária,9,,Calçada Grilo,Sem GPS - estimado,2019,6,2,0,Madrugada,Primavera,0,0,3,1,0,1,0,0,0,0,0,0,0,0,0,0,0,1,0,0,0,0,1
1192,20191710450,2019-05-30 17:15:00,Quinta-Feira,No sentido crescente da quilometragem,,,Central,Dentro das localidades,Benfica,,Colisão,Colisão choque em cadeia,Recta,Em patamar,Berma pavimentada,Em plena via,Em estado regular,Outra via,Sentido único,Com marcas,Inexistentes,NÃO DEFINIDO,Inexistentes,Betuminoso,Fora da intersecção,Bom tempo,Em pleno dia,Seco e limpo,0,0,3,IC - Itinerário Complementar,IC17,,3.3,,Sem GPS - não estimado,2019,5,30,17,Tarde,Primavera,1,0,9,4,1,0,0,0,0,0,0,0,0,0,0,0,0,1,0,1,0,0,0
1193,20191710479,2019-06-10 15:30:00,Segunda-Feira,NÃO DEFINIDO,,,Direita,Dentro das localidades,Parque das Nações,,Colisão,Colisão frontal,Recta,Em patamar,Berma pavimentada,Em plena via,Em estado regular,Estrada sem separador,Dois sentidos,Sem marcas rodoviárias ou pouco visíveis,Inexistentes,NÃO DEFINIDO,Inexistentes,Betuminoso,Fora da intersecção,Bom tempo,Em pleno dia,Seco e limpo,0,0,1,Arruamento sem separador,Via Secundária,0,,Rua António Variações,Sem GPS - não estimado,2019,6,10,15,Tarde,Primavera,0,0,3,2,1,0,0,0,0,0,0,0,0,0,0,0,0,1,0,0,0,0,0
1194,20191710492,2019-06-10 14:00:00,Segunda-Feira,NÃO DEFINIDO,38.7087365,-9.1335662,Direita,Dentro das localidades,Santa Maria Maior,,Despiste,Despiste sem dispositivo de retenção,Curva,Em patamar,Berma pavimentada,Em plena via,Em estado regular,Estrada sem separador,Dois sentidos,Com marcas,Inexistentes,NÃO DEFINIDO,A funcionar normalmente,Calçada,Em entroncamento,Bom tempo,Em pleno dia,Seco e limpo,0,0,1,Arruamento sem separador,Via Secundária,122,,Rua Alfândega,Sem GPS - estimado,2019,6,10,14,Tarde,Primavera,0,0,3,1,0,0,0,0,0,0,0,0,0,0,0,0,0,0,0,1,0,0,0
1195,20191710507,2019-06-06 17:30:00,Quinta-Feira,No sentido decrescente da quilometragem,,,Esquerda,Dentro das localidades,Areeiro,,Colisão,Colisão traseira com outro veículo em movimento,Recta,Em patamar,Berma pavimentada,Em plena via,Em estado regular,Outra via,Sentido único,Com marcas,Inexistentes,NÃO DEFINIDO,Inexistentes,Betuminoso,Fora da intersecção,Chuva,Em pleno dia,Molhado,0,0,2,Arruamento com separador,Via Secundária,0,,Avenida Afonso Costa,Sem GPS - não estimado,2019,6,6,17,Tarde,Primavera,1,0,6,2,1,0,0,0,0,0,0,0,0,0,0,0,0,1,0,0,0,0,0
1196,20191710544,2019-06-11 10:00:00,Terça-Feira,NÃO DEFINIDO,38.750308,-9.193439,Direita,Dentro das localidades,Benfica,,Atropelamento,Atropelamento de peões,Recta,Com inclinação,Berma pavimentada,Em plena via,Em estado regular,Estrada sem separador,Sentido único,Com marcas,Inexistentes,Passagem de peões,Inexistentes,Betuminoso,Em cruzamento,Bom tempo,Em pleno dia,Seco e limpo,0,0,1,Arruamento sem separador,Via Secundária,3,,Rua Doutor José Baptista de Sousa,Localização GPS,2019,6,11,10,Manhã,Primavera,1,0,3,1,0,1,0,0,0,0,0,0,0,0,0,0,0,1,0,0,0,0,1