,IdAcidente,Datahora,Dia da Semana,Sentidos,Latitude GPS,Longitude GPS,Via Trânsito,Localizações,Freguesia,Pov. Proxima,Tipo Natureza,Natureza,Tipo de Traçado,Inclinação do Traçado,Berma do Traçado,Localização do Traçado,Estado Conservação,Características Tecnicas,Reg Circulação,Marca Via,Obstáculos,Sinais,Sinais Luminosos,Tipo Piso,Intersecção Vias,Factores Atmosféricos,Luminosidade,Cond Aderência,VM,FG,FL,Tipos Vias,Via,Num arruamento,Km,Nome arruamento,Localização 2,Ano,Mês,Dia,Hora,Periodo,Estação,Dia Util,Gravidade,Indicador de Gravidade,Veículos envolvidos,Passageiros envolvidos,Peões envolvidos,Inf/Ação: Abertura de porta,Inf/Ação: Desrespeito da sinalização semafórica,Inf/Ação: Desrespeito da sinalização vertical,Inf/Ação: Desrespeito das distâncias de segurança,Inf/Ação: Desrespeito das marcas rodoviárias,Inf/Ação: Encandeamento,Inf/Ação: Manobra irregular,Inf/Ação: Não sinalização da manobra,Inf/Ação: Obstáculo imprevisto na faixa de rodagem,Inf/Ação: Rebentamento de pneumático,Inf/Ação: Velocidade excessiva para as condições existentes,Automóvel ligeiro,Automóvel pesado,Motociclos/Ciclomotores,Outros Veículos,Velocípedes,Peões
1238,20191711636,2019-06-17 13:35:00,Segunda-Feira,NÃO DEFINIDO,38.7147425,-9.1445434,Direita,Dentro das localidades,Misericórdia,,Atropelamento,Atropelamento de peões,Recta,Com inclinação,Sem berma ou impraticável,Em plena via,Em estado regular,Estrada sem separador,Dois sentidos,Sem marcas rodoviárias ou pouco visíveis,Inexistentes,Passagem de peões,Inexistentes,Calçada,Fora da intersecção,Bom tempo,Em pleno dia,Seco e limpo,0,0,2,Arruamento sem separador,Via Secundária,79,,Rua São Pedro Alcantara,Sem GPS - estimado,2019,6,17,13,Tarde,Primavera,1,0,6,1,0,2,0,0,0,0,0,0,0,0,0,0,0,1,0,0,0,0,1
1239,20191711674,2019-06-18 11:20:00,Terça-Feira,NÃO DEFINIDO,38.7202789999999,-9.1613197,Direita,Dentro das localidades,Campo de Ourique,Lisboa,Atropelamento,Atropelamento de peões,Recta,Em patamar,Sem berma ou impraticável,Em plena via,Em mau estado,Estrada sem separador,Sentido único,Sem marcas rodoviárias ou pouco visíveis,Inexistentes,Stop,Inexistentes,Betão de cimento,Em cruzamento,Bom tempo,Em pleno dia,Seco e limpo,0,0,1,Arruamento sem separador,Via Secundária,2,,Rua de Campo de Ourique,Sem GPS - estimado,2019,6,18,11,Manhã,Primavera,1,0,3,1,0,1,0,0,0,0,0,0,0,0,0,0,0,0,0,0,1,0,1
1240,20191711680,2019-06-14 16:35:00,Sexta-Feira,NÃO DEFINIDO,,,Direita,Dentro das localidades,Santa Clara,,Colisão,Colisão com outras situações,Curva,Em patamar,Berma pavimentada,Em plena via,Em bom estado,Estrada sem separador,Sentido único,Sem marcas rodoviárias ou pouco visíveis,Inexistentes,Cedência de passagem,Inexistentes,Betuminoso,Em rotunda,Bom tempo,Em pleno dia,Seco e limpo,0,0,3,Arruamento sem separador,Via Secundária,0,,Praça Dom António Ribeiro,Sem GPS - não estimado,2019,6,14,16,Tarde,Primavera,1,0,9,2,1,0,0,0,0,0,0,0,1,0,0,0,0,1,0,1,0,0,0
1241,20191711740,2019-06-08 21:00:00,Sábado,No sentido crescente da quilometragem,38.7410675,-9.1486551,Direita,Dentro das localidades,Avenidas Novas,Lisboa,Despiste,Despiste sem dispositivo de retenção,Recta,Em patamar,Berma pavimentada,Em plena via,Em estado regular,Outra via,Sentido único,Com marcas,Inexistentes,Outros,A funcionar normalmente,Betuminoso,Fora da intersecção,Bom tempo,"Noite, com iluminação",Seco e limpo,0,0,1,Arruamento com separador,Via Secundária,204,,Avenida 5 de Outubro,Sem GPS - estimado,2019,6,8,21,Noite,Primavera,0,0,3,2,0,0,0,0,0,0,0,0,0,0,0,0,0,1,0,1,0,0,0
1242,20191711741,2019-06-13 23:15:00,Quinta-Feira,No sentido crescente da quilometragem,38.7322864,-9.1454679,Direita,Dentro das localidades,Avenidas Novas,Lisboa,Colisão,Colisão lateral com outro veículo em movimento,Recta,Com inclinação,Sem berma ou impraticável,Em plena via,Em bom estado,Outra via,Sentido único,Sem marcas rodoviárias ou pouco visíveis,Inexistentes,Outros,A funcionar normalmente,Betuminoso,Em entroncamento,Bom tempo,"Noite, com iluminação",Seco e limpo,0,0,1,Arruamento com separador,Via Secundária,44,,Avenida Fontes Pereira de Melo,Sem GPS - estimado,2019,6,13,23,Noite,Primavera,0,0,3,2,0,0,0,0,0,0,0,0,0,0,0,0,0,1,0,1,0,0,0
1243,20191711745,2019-06-12 12:06:00,Quarta-Feira,NÃO DEFINIDO,38.7374188,-9.1037071,Direita,Dentro das localidades,Marvila,Lisboa,Colisão,Colisão lateral com outro veículo em movimento,Recta,Em patamar,Sem berma ou impraticável,Em plena via,Em estado regular,Estrada sem separador,Dois sentidos,Sem marcas rodoviárias ou pouco visíveis,Inexistentes,Outros,Inexistentes,Betuminoso,Em entroncamento,Bom tempo,Em pleno dia,Seco e limpo,0,0,2,Arruamento sem separador,Via Secundária,80,,Rua Açúcar,Sem GPS - estimado,2019,6,12,12,Tarde,Primavera,1,0,6,2,0,0,0,0,0,0,0,0,0,0,0,0,0,1,0,0,0,0,0
1244,20191711839,2019-06-18 13:45:00,Terça-Feira,NÃO DEFINIDO,38.7133657999999,-9.1436498,Direita,Dentro das localidades,Misericórdia,Lisboa,Atropelamento,Atropelamento de peões,Recta,Em patamar,Sem berma ou impraticável,Em plena via,Em bom estado,Estrada sem separador,Dois sentidos,Sem marcas rodoviárias ou pouco visíveis,Inexistentes,Passagem de peões,Inexistentes,Calçada,Fora da intersecção,Bom tempo,Em pleno dia,Seco e limpo,0,0,1,Arruamento sem separador,Via Secundária,3,,Rua de São Pedro de Alcântara,Sem GPS - estimado,2019,6,18,13,Tarde,Primavera,1,0,3,1,0,1,0,0,0,0,0,0,0,0,0,0,0,1,0,0,0,0,1
1245,20191711847,2019-05-30 18:00:00,Quinta-Feira,NÃO DEFINIDO,,,Direita,Dentro das localidades,Alcântara,Lisboa,Colisão,Colisão traseira com outro veículo em movimento,Recta,Em patamar,Sem berma ou impraticável,Em plena via,Em estado regular,Estrada sem separador,Dois sentidos,Com marcas,Inexistentes,Outros,A funcionar normalmente,Betuminoso,Em entroncamento,Bom tempo,Aurora ou crepúsculo,Seco e limpo,0,0,1,Arruamento sem separador,Via Secundária,0.00,,Avenida Índia,Sem GPS - não estimado,2019,5,30,18,Noite,Primavera,1,0,3,2,0,0,0,0,0,0,0,0,1,0,0,0,1,1,0,1,0,0,0
1246,20191711849,2019-06-18 16:59:00,Terça-Feira,NÃO DEFINIDO,38.732061,-9.1280913,Direita,Dentro das localidades,Penha de França,,Atropelamento,Atropelamento de peões,Recta,Em patamar,Berma pavimentada,Em plena via,Em bom estado,Estrada sem separador,Dois sentidos,Com marcas,Inexistentes,Passagem de peões,A funcionar normalmente,Betuminoso,Fora da intersecção,Bom tempo,Em pleno dia,Seco e limpo,0,0,1,Arruamento sem separador,Via Secundária,48,,Rua Morais Soares,Sem GPS - estimado,2019,6,18,16,Tarde,Primavera,1,0,3,1,0,1,0,1,0,0,0,0,0,0,0,0,0,0,0,0,0,1,1
1247,20191711852,2019-05-30 22:15:00,Quinta-Feira,NÃO DEFINIDO,,,Direita,Dentro das localidades,Lumiar,Lisboa,Colisão,Colisão frontal,Curva,Com inclinação,Sem berma ou impraticável,Em plena via,Em estado regular,Estrada sem separador,Dois sentidos,Com marcas,Inexistentes,Passagem de peões,Inexistentes,Betuminoso,Em entroncamento,Bom tempo,"Noite, com iluminação",Seco e limpo,0,0,1,Arruamento sem separador,Via Secundária,0.00,,Alameda Linhas de Torres,Sem GPS - não estimado,2019,5,30,22,Noite,Primavera,1,0,3,2,0,0,0,0,0,0,0,0,1,0,0,0,0,1,0,1,0,0,0
1248,20191711971,2019-06-17 07:00:00,Segunda-Feira,No sentido decrescente da quilometragem,,,Direita,Dentro das localidades,Alvalade,,Colisão,Colisão choque em cadeia,Recta,Em patamar,Berma pavimentada,Em plena via,Em estado regular,Outra via,Sentido único,Com marcas,Inexistentes,Outros,Inexistentes,Betuminoso,Fora da intersecção,Bom tempo,Em pleno dia,Seco e limpo,0,0,1,Arruamento com separador,2ª Circular,0.0,,Avenida Marechal Craveiro Lopes,Sem GPS - não estimado,2019,6,17,7,Manhã,Primavera,1,0,3,3,0,0,0,0,0,0,0,0,0,0,0,0,0,1,1,0,0,0,0
1249,20191711978,2019-06-15 18:45:00,Sábado,No sentido decrescente da quilometragem,,,Direita,Dentro das localidades,Lumiar,,Colisão,Colisão lateral com outro veículo em movimento,Recta,Com inclinação,Berma pavimentada,Em plena via,Em estado regular,Outra via,Sentido único,Com marcas,Inexistentes,Outros,A funcionar normalmente,Betuminoso,Fora da intersecção,Bom tempo,Em pleno dia,Seco e limpo,0,0,1,Arruamento com separador,Via Secundária,0,,Calçada Carriche,Sem GPS - não estimado,2019,6,15,18,Noite,Primavera,0,0,3,2,1,0,0,0,0,0,0,0,0,0,0,0,0,1,1,0,0,0,0
1250,20191712029,2019-06-15 21:00:00,Sábado,NÃO DEFINIDO,,,Central,Dentro das localidades,Santo António,,Colisão,Colisão frontal,Recta,Com inclinação,Berma pavimentada,Em plena via,Em bom estado,Estrada sem separador,Dois sentidos,Com marcas,Inexistentes,Outros,A funcionar normalmente,Betuminoso,Em entroncamento,Bom tempo,"Noite, sem iluminação",Seco e limpo,0,1,0,Arruamento sem separador,Via Secundária,0,,Rua Alexandre Herculano,Sem GPS - não estimado,2019,6,15,21,Noite,Primavera,0,1,10,2,0,0,0,0,0,0,0,0,0,0,0,0,0,1,0,1,0,0,0
1251,20191712049,2019-06-19 15:10:00,Quarta-Feira,NÃO DEFINIDO,38.7532293,-9.1684917,Direita,Dentro das localidades,São Domingos de Benfica,Lisboa,Atropelamento,Atropelamento de peões,Recta,Em patamar,Berma pavimentada,Em plena via,Em estado regular,Estrada sem separador,Dois sentidos,Com marcas,Inexistentes,Passagem de peões,Inexistentes,Betuminoso,Fora da intersecção,Bom tempo,Em pleno dia,Seco e limpo,0,0,1,Arruamento sem separador,Via Secundária,19,,Rua António Albino Machado,Sem GPS - estimado,2019,6,19,15,Tarde,Primavera,1,0,3,1,0,1,0,0,0,0,0,0,0,0,0,0,0,1,0,0,0,0,1
1252,20191712063,2019-06-20 13:00:00,Quinta-Feira,NÃO DEFINIDO,38.7690234,-9.1018446,Direita,Dentro das localidades,Parque das Nações,,Atropelamento,Atropelamento de peões,Recta,Em patamar,Berma pavimentada,Em plena via,Em estado regular,Outra via,Dois sentidos,Com marcas,Inexistentes,NÃO DEFINIDO,Inexistentes,Betuminoso,Fora da intersecção,Bom tempo,Em pleno dia,Seco e limpo,0,0,2,Arruamento com separador,Via Secundária,0,,Avenida Aquilino Ribeiro,Sem GPS - estimado,2019,6,20,13,Tarde,Primavera,0,0,6,2,0,2,0,0,0,1,0,0,0,0,0,0,0,1,1,0,0,0,1
1253,20191712064,2019-06-18 10:10:00,Terça-Feira,No sentido crescente da quilometragem,38.7066945,-9.1489891,Direita,Dentro das localidades,Misericórdia,,Colisão,Colisão traseira com outro veículo em movimento,Recta,Em patamar,Berma pavimentada,Em plena via,Em bom estado,Outra via,Sentido único,Com marcas,Inexistentes,Outros,A funcionar normalmente,Betuminoso,Fora da intersecção,Bom tempo,Em pleno dia,Seco e limpo,0,0,1,Arruamento com separador,Via Secundária,12,,Avenida 24 de Julho,Sem GPS - estimado,2019,6,18,10,Manhã,Primavera,1,0,3,2,0,0,0,0,0,0,0,0,0,0,0,0,0,1,0,0,0,1,0
1254,20191712102,2019-06-17 06:00:00,Segunda-Feira,NÃO DEFINIDO,,,Direita,Dentro das localidades,Alvalade,,Despiste,Despiste sem dispositivo de retenção,Recta,Em patamar,Sem berma ou impraticável,Em plena via,Em bom estado,Outra via,Sentido único,Com marcas,Inexistentes,Outros,Inexistentes,Betuminoso,Fora da intersecção,Bom tempo,Sol escandeante,Seco e limpo,0,0,1,Arruamento com separador,2ª Circular,0,,Avenida Marechal Craveiro Lopes,Sem GPS - não estimado,2019,6,17,6,Manhã,Primavera,1,0,3,1,0,0,0,0,0,0,0,0,0,0,0,0,1,1,0,0,0,0,0
1255,20191712118,2019-06-14 14:30:00,Sexta-Feira,NÃO DEFINIDO,,,Direita,Dentro das localidades,Estrela,,Despiste,Despiste sem dispositivo de retenção,Recta,Em patamar,Berma pavimentada,Em plena via,Em bom estado,Estrada sem separador,Dois sentidos,Com marcas,Inexistentes,Outros,Inexistentes,Betuminoso,Fora da intersecção,Bom tempo,Em pleno dia,Seco e limpo,0,0,1,Arruamento sem separador,Via Secundária,0,,Praça Estrela,Sem GPS - não estimado,2019,6,14,14,Tarde,Primavera,1,0,3,1,0,0,0,0,0,0,0,0,0,0,0,0,0,0,0,1,0,0,0
1256,20191712124,2019-06-18 07:00:00,Terça-Feira,No sentido decrescente da quilometragem,,,Direita,Dentro das localidades,Campolide,,Colisão,Colisão traseira com outro veículo em movimento,Curva,Em patamar,Berma pavimentada,Em plena via,Em estado regular,Outra via,Sentido único,Com marcas,Inexistentes,Outros,Inexistentes,Betuminoso,Fora da intersecção,Chuva,Em pleno dia,Molhado,0,0,1,IP - Itinerário Principal,IP7,,8.0,,Sem GPS - não estimado,2019,6,18,7,Manhã,Primavera,1,0,3,2,0,0,0,0,0,0,0,0,0,0,0,0,0,1,0,0,0,0,0
1257,20191712188,2019-06-18 07:15:00,Terça-Feira,No sentido crescente da quilometragem,38.7526894,-9.1306479,Direita,Dentro das localidades,Areeiro,,Despiste,Despiste com capotamento,Recta,Com inclinação,Berma pavimentada,Em plena via,Em bom estado,Outra via,Sentido único,Com marcas,Inexistentes,Outros,A funcionar normalmente,Betuminoso,Fora da intersecção,Bom tempo,Em pleno dia,Seco e limpo,0,0,1,Arruamento com separador,Via Secundária,1,,Avenida Almirante Gago Coutinho,Sem GPS - estimado,2019,6,18,7,Manhã,Primavera,1,0,3,1,0,0,0,0,0,0,0,0,0,0,0,0,0,1,0,0,0,0,0
1258,20191712228,2019-06-18 06:15:00,Terça-Feira,NÃO DEFINIDO,,,Central,Dentro das localidades,Santa Maria dos Olivais,Lisboa,Colisão,Colisão com outras situações,Recta,Com inclinação,Sem berma ou impraticável,Em plena via,Em bom estado,Outra via,Sentido único,Com marcas,Correctamente sinalizados,Outros,Inexistentes,Betuminoso,Fora da intersecção,Bom tempo,"Noite, com iluminação",Húmido,0,0,2,Arruamento com separador,Via Secundária,0,,Avenida Berlim,Sem GPS - não estimado,2019,6,18,6,Manhã,Primavera,1,0,6,2,1,0,0,0,0,0,0,0,0,0,0,0,1,1,0,0,0,0,0
1259,20191712316,2019-06-22 18:10:00,Sábado,No sentido decrescente da quilometragem,38.7055548,-9.2167527,Direita,Dentro das localidades,Belém,Lisboa,Atropelamento,Atropelamento com fuga,Recta,Com inclinação,Sem berma ou impraticável,No passeio,Em estado regular,Outra via,Sentido único,Com marcas,Inexistentes,Outros,Inexistentes,Betuminoso,Fora da intersecção,Bom tempo,Em pleno dia,Seco e limpo,0,0,1,Arruamento com separador,Via Secundária,5,,Avenida Descobertas,Sem GPS - estimado,2019,6,22,18,Noite,Verão,0,0,3,1,0,1,0,0,0,0,0,0,0,0,0,0,0,1,0,0,0,0,1
1260,20191712319,2019-06-17 21:50:00,Segunda-Feira,NÃO DEFINIDO,,,Esquerda,Dentro das localidades,Campo de Ourique,,Despiste,Despiste com colisão com veículo imobil. ou obstáculo,Recta,Em patamar,Berma pavimentada,Em plena via,Em estado regular,Outra via,Sentido único,Com marcas,Inexistentes,NÃO DEFINIDO,A funcionar normalmente,Betuminoso,Em entroncamento,Bom tempo,"Noite, com iluminação",Seco e limpo,0,0,1,Arruamento com separador,Via Secundária,0,,Avenida Engenheiro Duarte Pacheco,Sem GPS - não estimado,2019,6,17,21,Noite,Primavera,1,0,3,1,0,0,0,0,0,0,0,0,0,0,0,0,0,0,0,1,0,0,0
1261,20191712345,2019-06-22 14:40:00,Sábado,NÃO DEFINIDO,38.7281448,-9.1565439,Direita,Dentro das localidades,Avenidas Novas,,Atropelamento,Atropelamento de peões,Recta,Com inclinação,Berma pavimentada,Em plena via,Em estado regular,Estrada sem separador,Dois sentidos,Com marcas,Inexistentes,Passagem de peões,Inexistentes,Betuminoso,Fora da intersecção,Bom tempo,Em pleno dia,Seco e limpo,0,0,1,Arruamento sem separador,Via Secundária,201,,Rua Castilho,Sem GPS - estimado,2019,6,22,14,Tarde,Verão,0,0,3,1,0,1,0,0,1,0,0,0,0,0,0,0,0,1,0,0,0,0,1
1262,20191712349,2019-06-18 21:20:00,Terça-Feira,NÃO DEFINIDO,38.705715,-9.18699,Direita,Dentro das localidades,Alcântara,,Atropelamento,Atropelamento de peões,Recta,Com inclinação,Sem berma ou impraticável,Em plena via,Em estado regular,Estrada sem separador,Dois sentidos,Sem marcas rodoviárias ou pouco visíveis,Inexistentes,Outros,Inexistentes,Betuminoso,Fora da intersecção,Chuva,"Noite, com iluminação",Molhado,0,0,1,Arruamento sem separador,Via Secundária,99,,Calçada Tapada,Localização GPS,2019,6,18,21,Noite,Primavera,1,0,3,1,0,1,0,0,0,0,0,0,0,0,0,0,0,1,0,0,0,0,1
1263,20191712364,2019-06-12 17:15:00,Quarta-Feira,NÃO DEFINIDO,,,Direita,Dentro das localidades,Avenidas Novas,Lisboa,Colisão,Colisão com outras situações,Recta,Em patamar,Berma pavimentada,Em plena via,Em estado regular,Estrada sem separador,Dois sentidos,Com marcas,Inexistentes,Cedência de passagem,A funcionar normalmente,Betuminoso,Em cruzamento,Bom tempo,Em pleno dia,Seco e limpo,0,0,1,Arruamento sem separador,Via Secundária,0,,Rua Dona Filipa de Vilhena,Sem GPS - não estimado,2019,6,12,17,Tarde,Primavera,1,0,3,2,0,0,0,0,0,0,0,0,0,0,0,0,0,1,0,1,0,0,0
1264,20191712368,2019-06-17 15:15:00,Segunda-Feira,NÃO DEFINIDO,,,Direita,Dentro das localidades,Alvalade,,Colisão,Colisão frontal,Curva,Em patamar,Berma pavimentada,Em plena via,Em bom estado,Estrada sem separador,Dois sentidos,Com marcas,Inexistentes,Outros,Inexistentes,Betuminoso,Fora da intersecção,Bom tempo,Em pleno dia,Seco e limpo,0,0,2,Arruamento sem separador,Via Secundária,0,,Alameda Universidade,Sem GPS - não estimado,2019,6,17,15,Tarde,Primavera,1,0,6,2,1,0,0,0,0,0,0,0,0,0,0,0,0,1,0,1,0,0,0
1265,20191712372,2019-06-12 11:37:00,Quarta-Feira,NÃO DEFINIDO,,,Direita,Dentro das localidades,Benfica,Lisboa,Colisão,Colisão com outras situações,Curva,Em patamar,Berma pavimentada,Em plena via,Em estado regular,Estrada sem separador,Sentido único,Com marcas,Inexistentes,Outros,Inexistentes,Betuminoso,Em entroncamento,Bom tempo,Em pleno dia,Seco e limpo,0,0,1,Arruamento sem separador,Via Secundária,0,,Rua José Rodrigues Miguéis,Sem GPS - não estimado,2019,6,12,11,Manhã,Primavera,1,0,3,3,0,0,0,0,0,0,0,0,0,0,0,0,0,1,1,0,0,0,0
1266,20191712464,2019-06-21 12:15:00,Sexta-Feira,No sentido crescente da quilometragem,,,Direita,Fora das localidades,Benfica,Lisboa,Colisão,Colisão traseira com outro veículo em movimento,Recta,Em patamar,Berma não pavimentada,Em plena via,Em estado regular,Outra via,Sentido único,Com marcas,Inexistentes,Outros,Inexistentes,Betuminoso,Fora da intersecção,Bom tempo,Em pleno dia,Seco e limpo,0,0,1,IC - Itinerário Complementar,IC17,,5.1,,Sem GPS - não estimado,2019,6,21,12,Tarde,Verão,1,0,3,2,1,0,0,0,0,0,0,0,0,0,0,0,0,1,0,0,0,0,0
1267,20191712469,2019-06-18 21:30:00,Terça-Feira,No sentido crescente da quilometragem,38.7365872,-9.1451325,Direita,Dentro das localidades,Avenidas Novas,Lisboa,Colisão,Colisão traseira com outro veículo em movimento,Recta,Em patamar,Berma pavimentada,Em plena via,Em estado regular,Outra via,Sentido único,Com marcas,Inexistentes,Outros,A funcionar normalmente,Betuminoso,Fora da intersecção,Bom tempo,"Noite, com iluminação",Seco e limpo,0,0,1,Arruamento com separador,Via Secundária,24,,Avenida República,Sem GPS - estimado,2019,6,18,21,Noite,Primavera,1,0,3,2,0,0,0,0,0,0,0,0,0,0,0,0,0,1,0,1,0,0,0
1268,20191712474,2019-06-18 17:50:00,Terça-Feira,NÃO DEFINIDO,38.7188244999999,-9.14505849999999,Direita,Dentro das localidades,Santo António,,Atropelamento,Atropelamento de peões,Recta,Com inclinação,Sem berma ou impraticável,Em plena via,Em estado regular,Estrada sem separador,Dois sentidos,Com marcas,Inexistentes,Outros,A funcionar normalmente,Betuminoso,Fora da intersecção,Bom tempo,Em pleno dia,Seco e limpo,0,0,1,Arruamento sem separador,Via Secundária,129,,Avenida Liberdade,Sem GPS - estimado,2019,6,18,17,Tarde,Primavera,1,0,3,1,0,1,0,0,0,0,0,0,0,0,0,0,0,1,0,0,0,0,1
1269,20191712528,2019-06-14 20:26:00,Sexta-Feira,No sentido crescente da quilometragem,38.7678422999999,-9.0993449,Central,Dentro das localidades,Parque das Nações,Lisboa,Atropelamento,Atropelamento de peões,Recta,Em patamar,Berma pavimentada,Em plena via,Em bom estado,Outra via,Sentido único,Sem marcas rodoviárias ou pouco visíveis,Inexistentes,Outros,Inexistentes,Betuminoso,Fora da intersecção,Bom tempo,"Noite, com iluminação",Seco e limpo,0,0,1,Arruamento com separador,Via Secundária,7,,Terminal Rodoviário Gare do Oriente,Sem GPS - estimado,2019,6,14,20,Noite,Primavera,1,0,3,1,0,1,0,0,0,0,0,0,0,0,0,0,0,0,1,0,0,0,1
1270,20191712551,2019-06-19 00:20:00,Quarta-Feira,NÃO DEFINIDO,38.7431687,-9.1168729,Esquerda,Dentro das localidades,Marvila,,Colisão,Colisão lateral com outro veículo em movimento,Curva,Com inclinação,Berma pavimentada,Em plena via,Em estado regular,Estrada sem separador,Sentido único,Com marcas,Inexistentes,Outros,Inexistentes,Betuminoso,Em entroncamento,Bom tempo,"Noite, com iluminação",Seco e limpo,0,0,1,Arruamento sem separador,Via Secundária,1,,Avenida Santo Condestável,Sem GPS - estimado,2019,6,19,0,Madrugada,Primavera,1,0,3,2,0,0,0,0,0,0,0,0,1,0,0,0,0,1,0,1,0,0,0
1271,20191712578,2019-06-21 21:10:00,Sexta-Feira,NÃO DEFINIDO,,,Esquerda,Dentro das localidades,Lumiar,Lisboa,Colisão,Colisão traseira com outro veículo em movimento,Curva,Com inclinação,Sem berma ou impraticável,Em plena via,Em estado regular,Estrada sem separador,Sentido único,Com marcas,Inexistentes,Outros,A funcionar normalmente,Betuminoso,Em entroncamento,Bom tempo,Aurora ou crepúsculo,Seco e limpo,0,0,1,Arruamento sem separador,Via Secundária,0,,Avenida Padre Cruz,Sem GPS - não estimado,2019,6,21,21,Noite,Verão,1,0,3,2,0,0,0,0,0,0,0,0,1,0,0,0,0,1,0,1,0,0,0
1272,20191712589,2019-06-20 21:21:00,Quinta-Feira,NÃO DEFINIDO,38.7690358,-9.1212434,Direita,Dentro das localidades,Santa Maria dos Olivais,,Colisão,Colisão lateral com outro veículo em movimento,Recta,Em patamar,Berma pavimentada,Em plena via,Em estado regular,Estrada sem separador,Sentido único,Com marcas,Inexistentes,Outros,Inexistentes,Betuminoso,Fora da intersecção,Bom tempo,"Noite, com iluminação",Seco e limpo,0,0,1,Arruamento sem separador,Via Secundária,81,,Rua Cidade da Beira,Sem GPS - estimado,2019,6,20,21,Noite,Primavera,0,0,3,2,0,0,0,0,0,0,0,0,0,0,0,0,0,1,0,1,0,0,0
1273,20191712604,2019-06-18 17:10:00,Terça-Feira,NÃO DEFINIDO,38.7313813,-9.1354752,Direita,Dentro das localidades,Arroios,,Colisão,Colisão lateral com outro veículo em movimento,Recta,Em patamar,Berma pavimentada,Em plena via,Em estado regular,Estrada sem separador,Dois sentidos,Sem marcas rodoviárias ou pouco visíveis,Inexistentes,Outros,Inexistentes,Betuminoso,Em cruzamento,Bom tempo,Em pleno dia,Seco e limpo,0,0,1,Arruamento sem separador,Via Secundária,58,,Rua Pascoal de Melo,Sem GPS - estimado,2019,6,18,17,Tarde,Primavera,1,0,3,2,0,0,0,0,0,0,0,0,0,0,0,0,0,1,0,0,0,1,0
1274,20191712605,2019-06-17 15:30:00,Segunda-Feira,NÃO DEFINIDO,,,Direita,Dentro das localidades,Alcântara,Lisboa,Colisão,Colisão lateral com outro veículo em movimento,Recta,Em patamar,Sem berma ou impraticável,Em plena via,Em mau estado,Estrada sem separador,Dois sentidos,Sem marcas rodoviárias ou pouco visíveis,Inexistentes,Outros,Inexistentes,Calçada,Fora da intersecção,Bom tempo,Em pleno dia,Seco e limpo,0,0,1,Arruamento sem separador,Via Secundária,0,,Rua Cintura do Porto de Lisboa,Sem GPS - não estimado,2019,6,17,15,Tarde,Primavera,1,0,3,2,0,0,0,0,0,0,0,0,0,0,0,0,0,1,0,1,0,0,0
1275,20191712620,2019-06-24 20:10:00,Segunda-Feira,NÃO DEFINIDO,38.7348677,-9.1333878,Direita,Dentro das localidades,Arroios,Lisboa,Atropelamento,Atropelamento de peões,Recta,Com inclinação,Sem berma ou impraticável,Em plena via,Em bom estado,Estrada sem separador,Dois sentidos,Com marcas,Inexistentes,Passagem de peões,Inexistentes,Betuminoso,Fora da intersecção,Bom tempo,"Noite, com iluminação",Seco e limpo,0,0,1,Arruamento sem separador,Via Secundária,37,,Rua Carlos Mardel,Sem GPS - estimado,2019,6,24,20,Noite,Verão,1,0,3,1,0,1,0,0,1,0,0,0,0,0,0,0,0,0,0,0,0,1,1
1276,20191712622,2019-06-08 16:40:00,Sábado,NÃO DEFINIDO,,,Direita,Dentro das localidades,Lumiar,Lisboa,Despiste,Despiste sem dispositivo de retenção,Curva,Com inclinação,Sem berma ou impraticável,Em plena via,Em estado regular,Estrada sem separador,Sentido único,Com marcas,Inexistentes,Outros,A funcionar normalmente,Betuminoso,Em entroncamento,Bom tempo,Em pleno dia,Seco e limpo,0,0,2,Arruamento sem separador,Via Secundária,0.00,,Rotunda Nelson Mandela,Sem GPS - não estimado,2019,6,8,16,Tarde,Primavera,0,0,6,1,1,0,0,0,0,0,0,0,0,0,0,0,0,0,0,1,0,0,0
1277,20191712626,2019-06-23 15:10:00,Domingo,No sentido decrescente da quilometragem,,,Central,Fora das localidades,São Domingos de Benfica,,Despiste,Despiste com dispositivo de retenção,Recta,Com inclinação,Berma pavimentada,Em plena via,Em bom estado,Outra via,Sentido único,Com marcas,Inexistentes,NÃO DEFINIDO,Inexistentes,Betuminoso,Fora da intersecção,Bom tempo,Em pleno dia,Molhado,0,0,1,IC - Itinerário Complementar,IC19,,0.1,,Sem GPS - não estimado,2019,6,23,15,Tarde,Verão,0,0,3,1,0,0,0,0,0,0,0,0,0,0,0,0,1,1,0,0,0,0,0
1278,20191712630,2019-06-19 21:30:00,Quarta-Feira,NÃO DEFINIDO,,,Direita,Dentro das localidades,Campolide,,Colisão,Colisão lateral com outro veículo em movimento,Recta,Com inclinação,Sem berma ou impraticável,Em plena via,Em estado regular,Estrada sem separador,Sentido único,Sem marcas rodoviárias ou pouco visíveis,Inexistentes,Outros,Inexistentes,Betuminoso,Em entroncamento,Bom tempo,"Noite, com iluminação",Seco e limpo,0,0,1,Arruamento sem separador,Via Secundária,0,,Rua Arco do Carvalhão,Sem GPS - não estimado,2019,6,19,21,Noite,Primavera,1,0,3,2,0,0,0,0,0,0,0,0,0,0,0,0,0,1,0,1,0,0,0