,IdAcidente,Datahora,Dia da Semana,Sentidos,Latitude GPS,Longitude GPS,Via Trânsito,Localizações,Freguesia,Pov. Proxima,Tipo Natureza,Natureza,Tipo de Traçado,Inclinação do Traçado,Berma do Traçado,Localização do Traçado,Estado Conservação,Características Tecnicas,Reg Circulação,Marca Via,Obstáculos,Sinais,Sinais Luminosos,Tipo Piso,Intersecção Vias,Factores Atmosféricos,Luminosidade,Cond Aderência,VM,FG,FL,Tipos Vias,Via,Num arruamento,Km,Nome arruamento,Localização 2,Ano,Mês,Dia,Hora,Periodo,Estação,Dia Util,Gravidade,Indicador de Gravidade,Veículos envolvidos,Passageiros envolvidos,Peões envolvidos,Inf/Ação: Abertura de porta,Inf/Ação: Desrespeito da sinalização semafórica,Inf/Ação: Desrespeito da sinalização vertical,Inf/Ação: Desrespeito das distâncias de segurança,Inf/Ação: Desrespeito das marcas rodoviárias,Inf/Ação: Encandeamento,Inf/Ação: Manobra irregular,Inf/Ação: Não sinalização da manobra,Inf/Ação: Obstáculo imprevisto na faixa de rodagem,Inf/Ação: Rebentamento de pneumático,Inf/Ação: Velocidade excessiva para as condições existentes,Automóvel ligeiro,Automóvel pesado,Motociclos/Ciclomotores,Outros Veículos,Velocípedes,Peões
1279,20191712631,2019-06-23 13:10:00,Domingo,NÃO DEFINIDO,,,Direita,Dentro das localidades,Marvila,Lisboa,Despiste,Despiste sem dispositivo de retenção,Recta,Com inclinação,Berma pavimentada,Em plena via,Em estado regular,Estrada sem separador,Dois sentidos,Com marcas,Inexistentes,Outros,Inexistentes,Betuminoso,Fora da intersecção,Chuva,Em pleno dia,Molhado,0,0,1,Arruamento sem separador,Via Secundária,0.00,,Rua Engenheiro Ferreira Dias,Sem GPS - não estimado,2019,6,23,13,Tarde,Verão,0,0,3,1,0,0,0,0,0,0,0,0,0,0,0,0,0,0,0,1,0,0,0
1280,20191712641,2019-06-23 15:30:00,Domingo,No sentido decrescente da quilometragem,,,Esquerda,Dentro das localidades,Marvila,Lisboa,Colisão,Colisão lateral com outro veículo em movimento,Recta,Com inclinação,Berma pavimentada,Em plena via,Em estado regular,Outra via,Sentido único,Com marcas,Inexistentes,Outros,A funcionar normalmente,Betuminoso,Em cruzamento,Bom tempo,Em pleno dia,Seco e limpo,0,0,1,Arruamento com separador,Via Secundária,0.00,,Avenida Francisco Salgado Zenha,Sem GPS - não estimado,2019,6,23,15,Tarde,Verão,0,0,3,2,1,0,0,0,0,0,0,0,0,0,0,0,0,1,0,0,0,0,0
1281,20191712656,2019-06-23 16:00:00,Domingo,No sentido decrescente da quilometragem,,,Central,Dentro das localidades,Belém,,Despiste,Despiste sem dispositivo de retenção,Recta,Com inclinação,Berma pavimentada,Em plena via,Em estado regular,Outra via,Sentido único,Com marcas,Inexistentes,Outros,Inexistentes,Betuminoso,Fora da intersecção,Chuva,Em pleno dia,Molhado,0,0,1,Arruamento com separador,Via Secundária,0,,Avenida Descobertas,Sem GPS - não estimado,2019,6,23,16,Tarde,Verão,0,0,3,1,1,0,0,0,0,0,0,0,0,0,0,0,0,0,0,1,0,0,0
1282,20191712661,2019-06-19 16:00:00,Quarta-Feira,NÃO DEFINIDO,,,Direita,Dentro das localidades,Parque das Nações,,Colisão,Colisão lateral com outro veículo em movimento,Recta,Com inclinação,Berma pavimentada,Em plena via,Em estado regular,Estrada sem separador,Dois sentidos,Com marcas,Inexistentes,Cedência de passagem,Inexistentes,Betuminoso,Em cruzamento,Bom tempo,Em pleno dia,Seco e limpo,0,0,1,Arruamento sem separador,Via Secundária,0,,Avenida Fernando Pessoa,Sem GPS - não estimado,2019,6,19,16,Tarde,Primavera,1,0,3,2,1,0,0,0,1,0,0,0,0,0,0,0,0,1,0,0,0,0,0
1283,20191712667,2019-06-14 18:30:00,Sexta-Feira,NÃO DEFINIDO,,,Direita,Dentro das localidades,Avenidas Novas,,Despiste,Despiste com dispositivo de retenção,Recta,Com inclinação,Sem berma ou impraticável,Em plena via,Em estado regular,Outra via,Sentido único,Com marcas,Inexistentes,Outros,Inexistentes,Betuminoso,Fora da intersecção,Bom tempo,Em pleno dia,Seco e limpo,0,0,1,Arruamento com separador,Via Secundária,0,,Avenida Forças Armadas,Sem GPS - não estimado,2019,6,14,18,Noite,Primavera,1,0,3,1,0,0,0,0,0,0,0,0,0,0,0,0,0,0,0,1,0,0,0
1284,20191712685,2019-06-19 22:15:00,Quarta-Feira,NÃO DEFINIDO,,,Direita,Dentro das localidades,Carnide,,Colisão,Colisão lateral com outro veículo em movimento,Recta,Em patamar,Berma pavimentada,Em plena via,Em bom estado,Estrada sem separador,Dois sentidos,Com marcas,Inexistentes,NÃO DEFINIDO,Inexistentes,Betuminoso,Fora da intersecção,Bom tempo,"Noite, com iluminação",Seco e limpo,0,0,2,Arruamento sem separador,Via Secundária,0,,Estrada da Circunvalação,Sem GPS - não estimado,2019,6,19,22,Noite,Primavera,1,0,6,2,2,0,0,0,0,0,0,0,0,0,0,0,0,1,0,0,0,0,0
1285,20191712686,2019-06-20 22:00:00,Quinta-Feira,NÃO DEFINIDO,,,Direita,Dentro das localidades,Estrela,,Despiste,Despiste sem dispositivo de retenção,Recta,Com inclinação,Berma pavimentada,Em plena via,Em bom estado,Estrada sem separador,Dois sentidos,Sem marcas rodoviárias ou pouco visíveis,Inexistentes,Outros,Inexistentes,Betuminoso,Em entroncamento,Bom tempo,"Noite, com iluminação",Seco e limpo,0,0,1,Arruamento sem separador,Via Secundária,0.00,,Rua Sant'Ana à Lapa,Sem GPS - não estimado,2019,6,20,22,Noite,Primavera,0,0,3,1,0,0,0,0,0,0,0,0,0,0,0,0,0,0,0,1,0,0,0
1286,20191712703,2019-06-19 15:00:00,Quarta-Feira,No sentido crescente da quilometragem,38.7627584,-9.1614044,Direita,Dentro das localidades,Lumiar,Lisboa,Atropelamento,Atropelamento de peões,Recta,Em patamar,Sem berma ou impraticável,Em plena via,Em bom estado,Outra via,Sentido único,Com marcas,Inexistentes,NÃO DEFINIDO,Inexistentes,Betuminoso,Fora da intersecção,Bom tempo,Em pleno dia,Seco e limpo,0,0,1,Arruamento com separador,Via Secundária,18,,Rua Professor Fernando da Fonseca,Sem GPS - estimado,2019,6,19,15,Tarde,Primavera,1,0,3,1,0,1,0,0,0,0,0,0,0,0,0,0,0,1,0,0,0,0,1
1287,20191712725,2019-06-16 04:15:00,Domingo,NÃO DEFINIDO,,,Direita,Dentro das localidades,Santo António,Lisboa,Colisão,Colisão lateral com outro veículo em movimento,Recta,Com inclinação,Berma pavimentada,Em plena via,Em bom estado,Estrada sem separador,Dois sentidos,Com marcas,Inexistentes,NÃO DEFINIDO,A funcionar normalmente,Betuminoso,Em cruzamento,Bom tempo,"Noite, com iluminação",Seco e limpo,0,0,2,Arruamento sem separador,Via Secundária,0,,Rua Conde Redondo,Sem GPS - não estimado,2019,6,16,4,Madrugada,Primavera,0,0,6,2,2,0,0,0,0,0,0,0,0,0,0,0,0,1,0,0,0,0,0
1288,20191712742,2019-06-20 03:00:00,Quinta-Feira,No sentido crescente da quilometragem,38.7325588,-9.1428531,Direita,Dentro das localidades,Arroios,,Despiste,Despiste sem dispositivo de retenção,Recta,Com inclinação,Berma pavimentada,Em plena via,Em estado regular,Outra via,Sentido único,Sem marcas rodoviárias ou pouco visíveis,Inexistentes,Outros,Inexistentes,Betuminoso,Fora da intersecção,Bom tempo,"Noite, com iluminação",Seco e limpo,0,0,1,Arruamento com separador,Via Secundária,44,,Avenida Casal Ribeiro,Sem GPS - estimado,2019,6,20,3,Madrugada,Primavera,0,0,3,3,0,0,0,0,0,0,0,0,0,0,0,0,0,1,0,0,0,1,0
1289,20191712761,2019-06-03 11:30:00,Segunda-Feira,NÃO DEFINIDO,38.790676,-9.1509706,Direita,Dentro das localidades,Santa Clara,Lisboa,Colisão,Colisão com veiculo ou obstáculo na faixa de rodagem,Recta,Em patamar,Sem berma ou impraticável,Em plena via,Em estado regular,Estrada sem separador,Dois sentidos,Sem marcas rodoviárias ou pouco visíveis,Inexistentes,Passagem de peões,Inexistentes,Betuminoso,Fora da intersecção,Bom tempo,Em pleno dia,Seco e limpo,0,0,2,Arruamento sem separador,Via Secundária,2,,Rua Maluda,Sem GPS - estimado,2019,6,3,11,Manhã,Primavera,1,0,6,2,0,0,0,0,0,0,0,0,0,0,0,1,0,1,0,0,0,0,0
1290,20191712770,2019-06-19 06:40:00,Quarta-Feira,NÃO DEFINIDO,,,Esquerda,Dentro das localidades,Santa Maria dos Olivais,,Despiste,Despiste com dispositivo de retenção,Curva,Com inclinação,Sem berma ou impraticável,Em plena via,Em estado regular,Estrada sem separador,Sentido único,Com marcas,Inexistentes,NÃO DEFINIDO,Inexistentes,Betuminoso,Fora da intersecção,Chuva,Aurora ou crepúsculo,Molhado,0,0,2,Arruamento sem separador,Via Secundária,0,,Alameda Comunidades Portuguesas,Sem GPS - não estimado,2019,6,19,6,Manhã,Primavera,1,0,6,1,1,0,0,0,0,0,0,0,0,0,0,0,1,1,0,0,0,0,0
1291,20191712771,2019-06-19 06:20:00,Quarta-Feira,NÃO DEFINIDO,,,Direita,Dentro das localidades,Campo de Ourique,,Despiste,Despiste sem dispositivo de retenção,Recta,Com inclinação,Berma pavimentada,Em plena via,Em estado regular,Estrada sem separador,Dois sentidos,Sem marcas rodoviárias ou pouco visíveis,Inexistentes,Outros,A funcionar normalmente,Betuminoso,Em cruzamento,Chuva,"Noite, com iluminação",Seco e limpo,0,0,1,Arruamento sem separador,Via Secundária,0,,Largo Rato,Sem GPS - não estimado,2019,6,19,6,Manhã,Primavera,1,0,3,1,0,0,0,0,0,0,0,0,0,0,0,0,0,0,0,1,0,0,0
1292,20191712800,2019-06-25 18:51:00,Terça-Feira,No sentido crescente da quilometragem,,,Direita,Dentro das localidades,Lumiar,Lisboa,Colisão,Colisão com outras situações,Recta,Com inclinação,Berma pavimentada,Em plena via,Em estado regular,Outra via,Sentido único,Com marcas,Inexistentes,Outros,A funcionar normalmente,Betuminoso,Em entroncamento,Bom tempo,Em pleno dia,Seco e limpo,0,0,1,Arruamento com separador,Via Secundária,0,,Avenida Padre Cruz,Sem GPS - não estimado,2019,6,25,18,Noite,Verão,1,0,3,2,0,0,0,1,0,0,0,0,0,0,0,0,0,1,0,0,0,0,0
1293,20191712816,2019-06-24 11:30:00,Segunda-Feira,NÃO DEFINIDO,38.7484679,-9.1889992,Direita,Dentro das localidades,São Domingos de Benfica,,Atropelamento,Atropelamento de peões,Recta,Em patamar,Sem berma ou impraticável,Em plena via,Em bom estado,Estrada sem separador,Sentido único,Sem marcas rodoviárias ou pouco visíveis,Inexistentes,Outros,Inexistentes,Betuminoso,Fora da intersecção,Bom tempo,Em pleno dia,Molhado,0,0,1,Arruamento sem separador,Via Secundária,0.00,,Alameda Manuel Ricardo Espírito Santo,Sem GPS - estimado,2019,6,24,11,Manhã,Verão,1,0,3,1,0,1,0,0,0,0,0,0,0,0,0,0,0,1,0,0,0,0,1
1294,20191712832,2019-06-20 19:30:00,Quinta-Feira,NÃO DEFINIDO,,,Esquerda,Dentro das localidades,Santo António,,Colisão,Colisão lateral com outro veículo em movimento,Recta,Com inclinação,Sem berma ou impraticável,Em plena via,Em estado regular,Estrada sem separador,Dois sentidos,Com marcas,Inexistentes,NÃO DEFINIDO,A funcionar normalmente,Betuminoso,Em entroncamento,Bom tempo,Em pleno dia,Seco e limpo,0,0,1,Arruamento sem separador,Via Secundária,0,,Rua Alexandre Herculano,Sem GPS - não estimado,2019,6,20,19,Noite,Primavera,0,0,3,2,0,0,0,0,0,0,0,0,0,0,0,0,0,1,0,1,0,0,0
1295,20191712863,2019-06-22 03:11:00,Sábado,No sentido crescente da quilometragem,38.7062305999999,-9.1568211,Direita,Dentro das localidades,Misericórdia,Lisboa,Atropelamento,Atropelamento de peões,Recta,Em patamar,Sem berma ou impraticável,Em plena via,Em estado regular,Outra via,Sentido único,Com marcas,Inexistentes,Outros,Inexistentes,Betuminoso,Fora da intersecção,Bom tempo,"Noite, com iluminação",Seco e limpo,0,0,1,Arruamento com separador,Via Secundária,62,,Avenida 24 de Julho,Sem GPS - estimado,2019,6,22,3,Madrugada,Verão,0,0,3,1,0,1,0,0,0,0,0,0,0,0,0,0,0,1,0,0,0,0,1
1296,20191712903,2019-06-24 06:30:00,Segunda-Feira,NÃO DEFINIDO,38.715581,-9.1728827,Direita,Dentro das localidades,Campo de Ourique,,Despiste,Despiste com colisão com veículo imobil. ou obstáculo,Curva,Com inclinação,Berma pavimentada,Em plena via,Em estado regular,Estrada sem separador,Dois sentidos,Com marcas,Inexistentes,Outros,Inexistentes,Betuminoso,Fora da intersecção,Chuva,Aurora ou crepúsculo,Molhado,0,0,1,Arruamento sem separador,Via Secundária,576,,Rua Maria Pia,Sem GPS - estimado,2019,6,24,6,Manhã,Verão,1,0,3,1,0,0,0,0,0,0,0,0,0,0,0,0,0,1,0,0,0,0,0
1297,20191712918,2019-06-19 09:30:00,Quarta-Feira,NÃO DEFINIDO,,,Direita,Dentro das localidades,Campo de Ourique,,Despiste,Despiste sem dispositivo de retenção,Recta,Com inclinação,Sem berma ou impraticável,Em parque de estacionamento,Em estado regular,Estrada sem separador,Sentido único,Sem marcas rodoviárias ou pouco visíveis,Inexistentes,NÃO DEFINIDO,Inexistentes,Betão de cimento,Fora da intersecção,Bom tempo,Em pleno dia,Seco e limpo,0,0,1,Arruamento sem separador,Via Secundária,0,,Rua Francisco Metrass,Sem GPS - não estimado,2019,6,19,9,Manhã,Primavera,1,0,3,2,0,0,0,0,0,0,0,0,0,0,0,0,0,1,0,0,0,0,0
1298,20191713081,2019-06-21 17:30:00,Sexta-Feira,No sentido decrescente da quilometragem,38.7377437,-9.14624,Direita,Dentro das localidades,Avenidas Novas,,Colisão,Colisão frontal,Recta,Em patamar,Berma pavimentada,Em plena via,Em estado regular,Outra via,Dois sentidos,Com marcas,Inexistentes,NÃO DEFINIDO,Inexistentes,Betuminoso,Fora da intersecção,Bom tempo,Em pleno dia,Seco e limpo,0,0,1,Arruamento com separador,Via Secundária,41,,Avenida República,Sem GPS - estimado,2019,6,21,17,Tarde,Verão,1,0,3,2,0,0,0,0,0,0,0,0,0,0,0,0,0,1,0,0,0,1,0
1299,20191713083,2019-06-25 09:15:00,Terça-Feira,NÃO DEFINIDO,38.7775708,-9.0951112,Direita,Dentro das localidades,Parque das Nações,Lisboa,Colisão,Colisão lateral com outro veículo em movimento,Recta,Em patamar,Sem berma ou impraticável,Em plena via,Em estado regular,Outra via,Sentido único,Com marcas,Inexistentes,Stop,Inexistentes,Betuminoso,Em entroncamento,Bom tempo,Em pleno dia,Seco e limpo,0,0,2,Arruamento com separador,Via Secundária,85,,Alameda Oceanos,Sem GPS - estimado,2019,6,25,9,Manhã,Verão,1,0,6,2,1,0,0,0,1,0,0,0,0,0,0,0,0,1,0,0,0,0,0
1300,20191713095,2019-06-25 10:30:00,Terça-Feira,NÃO DEFINIDO,38.711707,-9.136241,Direita,Dentro das localidades,Santa Maria Maior,Lisboa,Colisão,Colisão traseira com outro veículo em movimento,Recta,Em patamar,Berma pavimentada,Em plena via,Em estado regular,Estrada sem separador,Sentido único,Com marcas,Inexistentes,Passagem de peões,Inexistentes,Betuminoso,Em via de desaceleração,Bom tempo,Em pleno dia,Seco e limpo,0,0,2,Arruamento sem separador,Via Secundária,180,,Rua Fanqueiros,Localização GPS,2019,6,25,10,Manhã,Verão,1,0,6,2,2,0,0,0,0,0,0,0,0,0,0,0,0,1,0,0,0,0,0
1301,20191713137,2019-06-23 00:40:00,Domingo,NÃO DEFINIDO,38.707532,-9.1364489,Direita,Dentro das localidades,Santa Maria Maior,Lisboa,Atropelamento,Atropelamento de peões,Recta,Em patamar,Sem berma ou impraticável,Em plena via,Em bom estado,Estrada sem separador,Dois sentidos,Com marcas,Inexistentes,Outros,Intermitente,Calçada,Em entroncamento,Bom tempo,"Noite, com iluminação",Seco e limpo,0,0,2,Arruamento sem separador,Via Secundária,0,,Praça Comércio,Sem GPS - estimado,2019,6,23,0,Madrugada,Verão,0,0,6,1,0,2,0,0,0,0,0,0,0,0,0,0,0,1,0,0,0,0,1
1302,20191713146,2019-06-21 13:30:00,Sexta-Feira,NÃO DEFINIDO,,,Direita,Dentro das localidades,Alcântara,Lisboa,Colisão,Colisão lateral com outro veículo em movimento,Curva,Em patamar,Berma pavimentada,Em plena via,Em estado regular,Outra via,Sentido único,Com marcas,Inexistentes,NÃO DEFINIDO,A funcionar normalmente,Betuminoso,Em entroncamento,Bom tempo,Em pleno dia,Seco e limpo,0,0,2,Arruamento com separador,Via Secundária,0,,Avenida Índia,Sem GPS - não estimado,2019,6,21,13,Tarde,Verão,1,0,6,2,1,0,0,1,0,0,0,0,0,0,0,0,0,1,0,0,0,0,0
1303,20191713150,2019-06-22 20:30:00,Sábado,No sentido crescente da quilometragem,38.742931,-9.098642,Esquerda,Dentro das localidades,Marvila,,Colisão,Colisão com veiculo ou obstáculo na faixa de rodagem,Recta,Em patamar,Berma pavimentada,Em plena via,Em estado regular,Outra via,Sentido único,Com marcas,Inexistentes,Passagem de peões,A funcionar normalmente,Betuminoso,Em cruzamento,Bom tempo,Em pleno dia,Seco e limpo,0,0,1,Arruamento com separador,Via Secundária,0,,Avenida Infante Dom Henrique,Localização GPS,2019,6,22,20,Noite,Verão,0,0,3,3,1,0,0,1,0,0,0,0,0,0,0,0,0,1,0,0,0,0,0
1304,20191713215,2019-06-21 21:00:00,Sexta-Feira,NÃO DEFINIDO,38.7105283,-9.1423602,Direita,Dentro das localidades,Santa Maria Maior,Lisboa,Atropelamento,Atropelamento de peões,Recta,Em patamar,Berma pavimentada,Em plena via,Em estado regular,Estrada sem separador,Dois sentidos,Com marcas,Inexistentes,Outros,A funcionar normalmente,Betuminoso,Em cruzamento,Bom tempo,"Noite, com iluminação",Seco e limpo,0,0,1,Arruamento sem separador,Via Secundária,1,,Largo Chiado,Sem GPS - estimado,2019,6,21,21,Noite,Verão,1,0,3,1,0,1,0,0,0,0,0,0,0,0,0,0,0,0,0,1,0,0,1
1305,20191713377,2019-06-26 15:10:00,Quarta-Feira,No sentido decrescente da quilometragem,,,Esquerda,Dentro das localidades,Alcântara,Lisboa,Colisão,Colisão traseira com outro veículo em movimento,Recta,Em patamar,Berma pavimentada,Em plena via,Em bom estado,Outra via,Sentido único,Com marcas,Inexistentes,Outros,Inexistentes,Betuminoso,Em entroncamento,Chuva,Em pleno dia,Seco e limpo,0,0,1,Arruamento com separador,Via Secundária,0,,Avenida Ceuta,Sem GPS - não estimado,2019,6,26,15,Tarde,Verão,1,0,3,2,0,0,0,0,0,0,0,0,0,0,0,0,1,1,0,1,0,0,0
1306,20191713402,2019-06-27 17:20:00,Quinta-Feira,NÃO DEFINIDO,38.712904,-9.139305,Direita,Dentro das localidades,Santa Maria Maior,Lisboa,Atropelamento,Atropelamento de peões,Recta,Em Lomba,Berma pavimentada,No passeio,Em estado regular,Outra via,Sentido único,Com marcas,Inexistentes,NÃO DEFINIDO,A funcionar normalmente,Calçada,Fora da intersecção,Bom tempo,Em pleno dia,Seco e limpo,0,0,1,Arruamento com separador,Via Secundária,11,,Praça Dom Pedro IV,Localização GPS,2019,6,27,17,Tarde,Verão,1,0,3,1,0,1,0,0,0,0,0,0,0,0,0,0,0,1,0,0,0,0,1
1307,20191713406,2019-06-26 17:00:00,Quarta-Feira,NÃO DEFINIDO,38.7267798,-9.128586,Direita,Dentro das localidades,Penha de França,Lisboa,Atropelamento,Atropelamento de peões,Curva,Em patamar,Sem berma ou impraticável,Em plena via,Em estado regular,Estrada sem separador,Dois sentidos,Com marcas,Inexistentes,Outros,A funcionar normalmente,Betuminoso,Em entroncamento,Bom tempo,Em pleno dia,Seco e limpo,0,0,1,Arruamento sem separador,Via Secundária,1,,Rua Mestre António Martins,Sem GPS - estimado,2019,6,26,17,Tarde,Verão,1,0,3,1,0,1,0,0,1,0,0,0,0,0,0,0,0,1,0,0,0,0,1
1308,20191713413,2019-06-26 16:30:00,Quarta-Feira,NÃO DEFINIDO,,,Direita,Dentro das localidades,Campolide,Lisboa,Colisão,Colisão com fuga,Recta,Com inclinação,Berma pavimentada,Em plena via,Em estado regular,Estrada sem separador,Dois sentidos,Com marcas,Inexistentes,NÃO DEFINIDO,Inexistentes,Betuminoso,Em cruzamento,Bom tempo,Em pleno dia,Seco e limpo,0,0,1,Arruamento sem separador,Via Secundária,0,,Calçada Mestres,Sem GPS - não estimado,2019,6,26,16,Tarde,Verão,1,0,3,2,0,0,0,0,0,0,0,0,0,0,0,0,0,1,0,0,0,0,0
1309,20191713461,2019-06-23 22:50:00,Domingo,NÃO DEFINIDO,38.7182063,-9.153188,Direita,Dentro das localidades,Santo António,,Despiste,Despiste sem dispositivo de retenção,NÃO DEFINIDO,NÃO DEFINIDO,NÃO DEFINIDO,NÃO DEFINIDO,NÃO DEFINIDO,Estrada sem separador,Sentido único,Sem marcas rodoviárias ou pouco visíveis,Inexistentes,Outros,Inexistentes,NÃO DEFINIDO,Fora da intersecção,Bom tempo,"Noite, com iluminação",NÃO DEFINIDO,0,0,1,Arruamento sem separador,Via Secundária,14,,Rua Maestro Pedro de Freitas Branco,Sem GPS - estimado,2019,6,23,22,Noite,Verão,0,0,3,1,0,0,0,0,0,0,0,0,0,0,0,0,0,0,0,0,0,1,0
1310,20191713488,2019-06-26 10:15:00,Quarta-Feira,NÃO DEFINIDO,38.7397252,-9.1613696,Direita,Dentro das localidades,São Domingos de Benfica,,Atropelamento,Atropelamento de peões,Recta,Em patamar,Sem berma ou impraticável,Em plena via,Em estado regular,Estrada sem separador,Sentido único,Sem marcas rodoviárias ou pouco visíveis,Inexistentes,Outros,Desligada,Calçada,Em entroncamento,Chuva,Em pleno dia,Molhado,0,0,1,Arruamento sem separador,Via Secundária,0,,Rua Professor Lima Basto,Sem GPS - estimado,2019,6,26,10,Manhã,Verão,1,0,3,1,0,1,0,0,0,0,0,0,0,0,0,0,0,1,0,0,0,0,1
1311,20191713513,2019-06-23 20:00:00,Domingo,NÃO DEFINIDO,,,Direita,Dentro das localidades,Alcântara,Lisboa,Colisão,Colisão lateral com outro veículo em movimento,Curva,Com inclinação,Sem berma ou impraticável,Em plena via,Em estado regular,Estrada sem separador,Dois sentidos,Sem marcas rodoviárias ou pouco visíveis,Inexistentes,Outros,Inexistentes,Betuminoso,Em entroncamento,Bom tempo,Aurora ou crepúsculo,Molhado,0,0,1,Arruamento sem separador,Via Secundária,0,,Calçada Tapada,Sem GPS - não estimado,2019,6,23,20,Noite,Verão,0,0,3,2,0,0,0,0,0,0,0,0,0,0,0,0,0,1,0,1,0,0,0
1312,20191713521,2019-06-22 15:30:00,Sábado,NÃO DEFINIDO,38.7635934,-9.1571355,Direita,Dentro das localidades,Lumiar,Lisboa,Colisão,Colisão lateral com outro veículo em movimento,Curva,Com inclinação,Sem berma ou impraticável,Em plena via,Em estado regular,Estrada sem separador,Dois sentidos,Sem marcas rodoviárias ou pouco visíveis,Inexistentes,Cedência de passagem,Inexistentes,Betuminoso,Em entroncamento,Bom tempo,Em pleno dia,Seco e limpo,0,0,1,Arruamento sem separador,Via Secundária,5,,Rua Francisco Stromp,Sem GPS - estimado,2019,6,22,15,Tarde,Verão,0,0,3,2,1,0,0,0,0,0,0,0,0,0,0,0,0,1,1,0,0,0,0
1313,20191713601,2019-06-25 05:40:00,Terça-Feira,NÃO DEFINIDO,,,Direita,Dentro das localidades,Campolide,,Despiste,Despiste sem dispositivo de retenção,Curva,Em patamar,Berma pavimentada,Em plena via,Em estado regular,Estrada sem separador,Sentido único,Com marcas,Inexistentes,NÃO DEFINIDO,Inexistentes,Betuminoso,Fora da intersecção,Chuva,"Noite, com iluminação",Molhado,0,0,1,Arruamento sem separador,Via Secundária,0,,Avenida Ceuta,Sem GPS - não estimado,2019,6,25,5,Madrugada,Verão,1,0,3,1,0,0,0,0,0,0,0,0,0,0,0,0,0,0,0,1,0,0,0
1314,20191713651,2019-06-18 19:00:00,Terça-Feira,NÃO DEFINIDO,,,Direita,Dentro das localidades,Alcântara,Lisboa,Colisão,Colisão lateral com outro veículo em movimento,Recta,Em patamar,Sem berma ou impraticável,Em plena via,Em estado regular,Estrada sem separador,Dois sentidos,Sem marcas rodoviárias ou pouco visíveis,Inexistentes,Outros,Inexistentes,Betuminoso,Em entroncamento,Bom tempo,Em pleno dia,Seco e limpo,0,0,2,Arruamento sem separador,Via Secundária,0,,Avenida 24 de Julho,Sem GPS - não estimado,2019,6,18,19,Noite,Primavera,1,0,6,2,0,0,0,0,0,0,0,0,0,0,0,0,0,1,0,0,0,0,0
1315,20191713677,2019-06-29 22:10:00,Sábado,NÃO DEFINIDO,38.7731457,-9.099986,Direita,Dentro das localidades,Parque das Nações,,Atropelamento,Atropelamento de peões,Recta,Em patamar,Berma pavimentada,Em plena via,Em estado regular,Estrada sem separador,Dois sentidos,Com marcas,Inexistentes,Cedência de passagem,Inexistentes,Betuminoso,Fora da intersecção,Bom tempo,"Noite, com iluminação",Seco e limpo,0,0,1,Arruamento sem separador,Via Secundária,34,,Estrada Moscavide,Sem GPS - estimado,2019,6,29,22,Noite,Verão,0,0,3,1,0,1,0,0,0,0,0,0,0,0,0,0,0,1,0,0,0,0,1
1316,20191713684,2019-06-28 16:35:00,Sexta-Feira,NÃO DEFINIDO,38.7443614999999,-9.1707172,Direita,Dentro das localidades,São Domingos de Benfica,Lisboa,Atropelamento,Atropelamento de peões,Curva,Em patamar,Berma pavimentada,Em parque de estacionamento,Em bom estado,Estrada sem separador,Sentido único,Sem marcas rodoviárias ou pouco visíveis,Inexistentes,NÃO DEFINIDO,Inexistentes,Betuminoso,Fora da intersecção,Bom tempo,Em pleno dia,Seco e limpo,0,0,1,Arruamento sem separador,Via Secundária,0,,Praça Marechal Humberto Delgado,Sem GPS - estimado,2019,6,28,16,Tarde,Verão,1,0,3,1,0,1,0,0,0,0,0,0,1,0,0,0,0,1,0,0,0,0,1
1317,20191713688,2019-06-27 07:40:00,Quinta-Feira,No sentido decrescente da quilometragem,,,Esquerda,Dentro das localidades,Alvalade,,Colisão,Colisão traseira com outro veículo em movimento,Recta,Em patamar,Berma pavimentada,Em plena via,Em estado regular,Outra via,Sentido único,Com marcas,Inexistentes,Outros,Inexistentes,Betuminoso,Fora da intersecção,Bom tempo,Em pleno dia,Seco e limpo,0,0,1,Arruamento com separador,Via Secundária,0,,Avenida Cidade do Porto,Sem GPS - não estimado,2019,6,27,7,Manhã,Verão,1,0,3,2,0,0,0,0,0,0,0,0,0,0,0,0,0,1,0,1,0,0,0
1318,20191713718,2019-06-29 17:00:00,Sábado,No sentido decrescente da quilometragem,38.708301,-9.170525,Esquerda,Dentro das localidades,Campolide,,Despiste,Despiste sem dispositivo de retenção,Recta,Em patamar,Berma pavimentada,Em plena via,Em estado regular,Outra via,Sentido único,Com marcas,Inexistentes,Outros,Inexistentes,Betuminoso,Fora da intersecção,Bom tempo,Em pleno dia,Seco e limpo,0,0,1,Arruamento com separador,Via Secundária,0,,Avenida Ceuta,Localização GPS,2019,6,29,17,Tarde,Verão,0,0,3,1,0,0,0,0,0,0,0,0,0,0,0,0,0,0,0,1,0,0,0
1319,20191713781,2019-06-24 16:00:00,Segunda-Feira,NÃO DEFINIDO,,,Direita,Dentro das localidades,Misericórdia,,Despiste,Despiste sem dispositivo de retenção,Recta,Com inclinação,Sem berma ou impraticável,Em plena via,Em estado regular,Estrada sem separador,Sentido único,Sem marcas rodoviárias ou pouco visíveis,Inexistentes,NÃO DEFINIDO,Inexistentes,Calçada,Em cruzamento,Bom tempo,Em pleno dia,Molhado,0,0,2,Arruamento sem separador,Via Secundária,0,,Travesa Espera,Sem GPS - não estimado,2019,6,24,16,Tarde,Verão,1,0,6,1,1,0,0,0,0,0,0,0,0,0,0,0,0,0,0,1,0,0,0