,IdAcidente,Datahora,Dia da Semana,Sentidos,Latitude GPS,Longitude GPS,Via Trânsito,Localizações,Freguesia,Pov. Proxima,Tipo Natureza,Natureza,Tipo de Traçado,Inclinação do Traçado,Berma do Traçado,Localização do Traçado,Estado Conservação,Características Tecnicas,Reg Circulação,Marca Via,Obstáculos,Sinais,Sinais Luminosos,Tipo Piso,Intersecção Vias,Factores Atmosféricos,Luminosidade,Cond Aderência,VM,FG,FL,Tipos Vias,Via,Num arruamento,Km,Nome arruamento,Localização 2,Ano,Mês,Dia,Hora,Periodo,Estação,Dia Util,Gravidade,Indicador de Gravidade,Veículos envolvidos,Passageiros envolvidos,Peões envolvidos,Inf/Ação: Abertura de porta,Inf/Ação: Desrespeito da sinalização semafórica,Inf/Ação: Desrespeito da sinalização vertical,Inf/Ação: Desrespeito das distâncias de segurança,Inf/Ação: Desrespeito das marcas rodoviárias,Inf/Ação: Encandeamento,Inf/Ação: Manobra irregular,Inf/Ação: Não sinalização da manobra,Inf/Ação: Obstáculo imprevisto na faixa de rodagem,Inf/Ação: Rebentamento de pneumático,Inf/Ação: Velocidade excessiva para as condições existentes,Automóvel ligeiro,Automóvel pesado,Motociclos/Ciclomotores,Outros Veículos,Velocípedes,Peões
1361,20191714690,2019-06-26 19:50:00,Quarta-Feira,NÃO DEFINIDO,,,Direita,Dentro das localidades,Lumiar,,Despiste,Despiste sem dispositivo de retenção,Curva,Em patamar,Berma pavimentada,Em plena via,Em estado regular,Estrada sem separador,Dois sentidos,Sem marcas rodoviárias ou pouco visíveis,Correctamente sinalizados,NÃO DEFINIDO,Inexistentes,Betuminoso,Em entroncamento,Bom tempo,Aurora ou crepúsculo,Escorregadio por outros fatores,0,0,1,Arruamento sem separador,Via Secundária,0,,Azinhaga Torre do Fato,Sem GPS - não estimado,2019,6,26,19,Noite,Verão,1,0,3,1,0,0,0,0,0,0,0,0,0,0,0,0,0,0,0,1,0,0,0
1362,20191714718,2019-06-30 17:40:00,Domingo,No sentido crescente da quilometragem,,,Direita,Dentro das localidades,Belém,,Colisão,Colisão lateral com outro veículo em movimento,Recta,Com inclinação,Berma pavimentada,Em plena via,Em bom estado,Outra via,Dois sentidos,Com marcas,Inexistentes,Outros,Inexistentes,Betuminoso,Em cruzamento,Bom tempo,Em pleno dia,Seco e limpo,0,0,1,Arruamento com separador,Via Secundária,0,,Avenida Dom Vasco da Gama,Sem GPS - não estimado,2019,6,30,17,Tarde,Verão,0,0,3,3,1,0,0,0,0,0,0,0,0,0,0,0,0,1,0,0,0,0,0
1363,20191714721,2019-07-03 10:15:00,Quarta-Feira,NÃO DEFINIDO,,,Direita,Dentro das localidades,Carnide,,Colisão,Colisão lateral com outro veículo em movimento,Recta,Em patamar,Berma pavimentada,Em plena via,Em estado regular,Outra via,Sentido único,Com marcas,Inexistentes,Outros,A funcionar normalmente,Betuminoso,Em rotunda,Bom tempo,Em pleno dia,Seco e limpo,0,0,1,Arruamento com separador,Via Secundária,0,,Avenida Cidade de Praga,Sem GPS - não estimado,2019,7,3,10,Manhã,Verão,1,0,3,2,0,0,0,0,0,0,0,0,0,0,0,0,0,1,0,1,0,0,0
1364,20191714734,2019-07-03 09:20:00,Quarta-Feira,NÃO DEFINIDO,38.705517,-9.182349,Direita,Dentro das localidades,Alcântara,Lisboa,Colisão,Colisão com outras situações,Recta,Em patamar,Berma pavimentada,Em plena via,Em bom estado,Estrada sem separador,Sentido único,Sem marcas rodoviárias ou pouco visíveis,Inexistentes,Outros,Inexistentes,Calçada,Fora da intersecção,Bom tempo,Em pleno dia,Seco e limpo,0,0,1,Arruamento sem separador,Via Secundária,58,,Rua Indústria,Localização GPS,2019,7,3,9,Manhã,Verão,1,0,3,2,1,0,0,0,0,0,0,0,0,0,0,0,0,1,0,0,0,0,0
1365,20191714754,2019-06-29 15:00:00,Sábado,NÃO DEFINIDO,38.7039475999999,-9.1624114,Direita,Dentro das localidades,Estrela,,Atropelamento,Atropelamento de peões,Recta,Em patamar,Berma pavimentada,Na berma,Em estado regular,Estrada sem separador,Dois sentidos,Com marcas,Inexistentes,Passagem de peões,A funcionar normalmente,Betuminoso,Fora da intersecção,Bom tempo,Em pleno dia,Seco e limpo,0,0,1,Arruamento sem separador,Via Secundária,118,,Avenida 24 de Julho,Sem GPS - estimado,2019,6,29,15,Tarde,Verão,0,0,3,1,0,1,0,0,0,0,0,0,0,0,0,0,0,1,0,0,0,0,1
1366,20191714755,2019-06-25 19:20:00,Terça-Feira,No sentido decrescente da quilometragem,,,Direita,Dentro das localidades,Campolide,Lisboa,Colisão,Colisão traseira com outro veículo em movimento,Recta,Em patamar,Berma pavimentada,Em plena via,Em estado regular,Outra via,Sentido único,Com marcas,Inexistentes,Outros,A funcionar normalmente,Betuminoso,Em entroncamento,Bom tempo,Em pleno dia,Seco e limpo,0,0,2,Arruamento com separador,Via Secundária,0,,Avenida Calouste Gulbenkian,Sem GPS - não estimado,2019,6,25,19,Noite,Verão,1,0,6,3,0,0,0,0,0,0,0,0,0,0,0,0,0,1,0,0,0,0,0
1367,20191714761,2019-06-28 14:00:00,Sexta-Feira,NÃO DEFINIDO,,,Central,Dentro das localidades,Santa Maria dos Olivais,Lisboa,Colisão,Colisão lateral com outro veículo em movimento,Curva,Em patamar,Berma pavimentada,Em plena via,Em estado regular,Outra via,Sentido único,Com marcas,Inexistentes,Outros,Inexistentes,Betuminoso,Em rotunda,Bom tempo,Em pleno dia,Seco e limpo,0,0,1,Arruamento com separador,Via Secundária,0,,Avenida Marechal Gomes da Costa,Sem GPS - não estimado,2019,6,28,14,Tarde,Verão,1,0,3,2,0,0,0,0,0,0,0,0,0,0,0,0,0,1,0,1,0,0,0
1368,20191714849,2019-07-05 08:45:00,Sexta-Feira,NÃO DEFINIDO,38.7648315,-9.1573755,Esquerda,Dentro das localidades,Lumiar,,Colisão,Colisão traseira com outro veículo em movimento,Recta,Em patamar,Sem berma ou impraticável,Em plena via,Em estado regular,Estrada sem separador,Dois sentidos,Com marcas,Inexistentes,NÃO DEFINIDO,Inexistentes,Betuminoso,Fora da intersecção,Bom tempo,Em pleno dia,Seco e limpo,0,0,1,Arruamento sem separador,Via Secundária,115,,Alameda Linhas de Torres,Sem GPS - estimado,2019,7,5,8,Manhã,Verão,1,0,3,2,0,0,0,0,0,0,0,0,0,0,0,0,0,1,1,0,0,0,0
1369,20191714861,2019-07-05 09:40:00,Sexta-Feira,NÃO DEFINIDO,38.7285589,-9.1218655,Direita,Dentro das localidades,Penha de França,Lisboa,Atropelamento,Atropelamento de peões,Recta,Em patamar,Berma pavimentada,Em plena via,Em estado regular,Estrada sem separador,Dois sentidos,Sem marcas rodoviárias ou pouco visíveis,Inexistentes,Outros,A funcionar normalmente,Betuminoso,Em entroncamento,Bom tempo,Em pleno dia,Seco e limpo,0,0,1,Arruamento sem separador,Via Secundária,2,,Parada Alto de São João,Sem GPS - estimado,2019,7,5,9,Manhã,Verão,1,0,3,1,0,1,0,0,0,0,0,0,0,0,0,0,0,1,0,0,0,0,1
1370,20191714871,2019-06-30 11:20:00,Domingo,NÃO DEFINIDO,38.7771998,-9.1262005,Direita,Dentro das localidades,Santa Maria dos Olivais,,Colisão,Colisão com outras situações,Recta,Com inclinação,Berma pavimentada,Em plena via,Em bom estado,Estrada sem separador,Dois sentidos,Com marcas,Inexistentes,Outros,Inexistentes,Betuminoso,Fora da intersecção,Bom tempo,Em pleno dia,Seco e limpo,0,0,1,Arruamento sem separador,Via Secundária,59,,Rua C,Sem GPS - estimado,2019,6,30,11,Manhã,Verão,0,0,3,2,0,0,0,0,0,0,0,0,0,0,0,0,0,1,1,0,0,0,0
1371,20191714896,2019-07-04 10:10:00,Quinta-Feira,NÃO DEFINIDO,,,Direita,Dentro das localidades,Campo de Ourique,,Colisão,Colisão com outras situações,Recta,Em patamar,Sem berma ou impraticável,Em plena via,Em bom estado,Estrada sem separador,Sentido único,Com marcas,Inexistentes,Stop,Inexistentes,Betuminoso,Em cruzamento,Bom tempo,Em pleno dia,Seco e limpo,0,0,1,Arruamento sem separador,Via Secundária,0,,Rua Silva Carvalho,Sem GPS - não estimado,2019,7,4,10,Manhã,Verão,1,0,3,2,0,0,0,0,1,0,0,0,0,0,0,0,0,1,0,0,0,0,0
1372,20191714981,2019-07-05 16:15:00,Sexta-Feira,No sentido decrescente da quilometragem,38.7341306,-9.1455958,Direita,Dentro das localidades,Avenidas Novas,Lisboa,Colisão,Colisão lateral com outro veículo em movimento,Curva,Em patamar,Berma pavimentada,Em plena via,Em bom estado,Outra via,Sentido único,Com marcas,Inexistentes,Outros,A funcionar normalmente,Betuminoso,Em entroncamento,Bom tempo,Em pleno dia,Seco e limpo,0,0,1,Arruamento com separador,Via Secundária,31,,Praça Duque Saldanha,Sem GPS - estimado,2019,7,5,16,Tarde,Verão,1,0,3,2,0,0,0,0,0,1,0,0,0,0,0,0,0,1,0,1,0,0,0
1373,20191714997,2019-06-30 06:45:00,Domingo,NÃO DEFINIDO,38.7272119,-9.1369943,Direita,Dentro das localidades,Arroios,,Colisão,Colisão lateral com outro veículo em movimento,Recta,Em patamar,Berma pavimentada,Em plena via,Em bom estado,Estrada sem separador,Sentido único,Com marcas,Inexistentes,Outros,Inexistentes,Betuminoso,Fora da intersecção,Bom tempo,Aurora ou crepúsculo,Seco e limpo,0,0,1,Arruamento sem separador,Via Secundária,1,,Rua Passos Manuel,Sem GPS - estimado,2019,6,30,6,Manhã,Verão,0,0,3,2,0,0,0,0,0,0,0,0,0,0,0,0,0,1,0,0,0,1,0
1374,20191714999,2019-07-05 11:15:00,Sexta-Feira,NÃO DEFINIDO,38.7090796,-9.1530926,Direita,Dentro das localidades,Misericórdia,Lisboa,Despiste,Despiste sem dispositivo de retenção,Recta,Com inclinação,Berma pavimentada,Em plena via,Em estado regular,Estrada sem separador,Dois sentidos,Sem marcas rodoviárias ou pouco visíveis,Inexistentes,Outros,Inexistentes,Calçada,Fora da intersecção,Bom tempo,Em pleno dia,Seco e limpo,0,0,1,Arruamento sem separador,Via Secundária,97,,Avenida Dom Carlos I,Sem GPS - estimado,2019,7,5,11,Manhã,Verão,1,0,3,1,0,0,0,0,0,0,0,0,0,0,0,0,0,0,0,1,0,0,0
1375,20191715070,2019-07-05 07:15:00,Sexta-Feira,NÃO DEFINIDO,38.7099492999999,-9.1364161,Direita,Dentro das localidades,Santa Maria Maior,Lisboa,Atropelamento,Atropelamento de peões,Recta,Em patamar,Sem berma ou impraticável,Em plena via,Em estado regular,Estrada sem separador,Sentido único,Com marcas,Inexistentes,Outros,A funcionar normalmente,Betuminoso,Em cruzamento,Bom tempo,Em pleno dia,Seco e limpo,0,0,4,Arruamento sem separador,Via Secundária,72,,Rua Prata,Sem GPS - estimado,2019,7,5,7,Manhã,Verão,1,0,12,2,2,1,0,0,0,0,0,0,0,0,0,0,0,1,1,0,0,0,1
1376,20191715122,2019-07-02 21:20:00,Terça-Feira,NÃO DEFINIDO,38.7037597,-9.1907028,Direita,Dentro das localidades,Ajuda,Lisboa,Despiste,Despiste sem dispositivo de retenção,Recta,Em patamar,Berma pavimentada,Em plena via,Em mau estado,Estrada sem separador,Sentido único,Com marcas,Inexistentes,NÃO DEFINIDO,Inexistentes,Betuminoso,Fora da intersecção,Bom tempo,"Noite, com iluminação",Seco e limpo,0,0,1,Arruamento sem separador,Via Secundária,68,,Rua Aliança Operária,Sem GPS - estimado,2019,7,2,21,Noite,Verão,1,0,3,1,0,0,0,0,0,0,0,0,0,0,0,0,0,0,0,1,0,0,0
1377,20191715133,2019-07-05 14:40:00,Sexta-Feira,No sentido crescente da quilometragem,38.759722,-9.15349,Direita,Dentro das localidades,Alvalade,Lisboa,Colisão,Colisão choque em cadeia,Recta,Em patamar,Berma pavimentada,Em plena via,Em estado regular,Outra via,Sentido único,Com marcas,Inexistentes,Outros,Inexistentes,Betuminoso,Fora da intersecção,Bom tempo,Em pleno dia,Seco e limpo,0,0,1,Arruamento com separador,2ª Circular,0,,Avenida Marechal Craveiro Lopes,Localização GPS,2019,7,5,14,Tarde,Verão,1,0,3,3,0,0,0,0,0,0,0,0,0,0,0,0,0,1,0,0,0,0,0
1378,20191715154,2019-07-03 21:30:00,Quarta-Feira,NÃO DEFINIDO,,,Esquerda,Dentro das localidades,Parque das Nações,Lisboa,Colisão,Colisão traseira com outro veículo em movimento,Recta,Em patamar,Berma pavimentada,Em plena via,Em bom estado,Outra via,Sentido único,Com marcas,Inexistentes,Outros,Inexistentes,Betuminoso,Fora da intersecção,Bom tempo,"Noite, com iluminação",Seco e limpo,0,0,1,Arruamento com separador,Via Secundária,0,,Alameda Oceanos,Sem GPS - não estimado,2019,7,3,21,Noite,Verão,1,0,3,2,0,0,0,0,0,0,0,0,0,0,0,0,0,1,0,1,0,0,0
1379,20191715160,2019-07-05 18:10:00,Sexta-Feira,No sentido crescente da quilometragem,38.762332,-9.172713,Direita,Fora das localidades,Carnide,,Colisão,Colisão com veiculo ou obstáculo na faixa de rodagem,Recta,Em patamar,Berma pavimentada,Em plena via,Em estado regular,Outra via,Sentido único,Com marcas,Inexistentes,Outros,Inexistentes,Betuminoso,Fora da intersecção,Bom tempo,Em pleno dia,Seco e limpo,0,0,1,IP - Itinerário Principal,IP7,,5.5,,Localização GPS,2019,7,5,18,Noite,Verão,1,0,3,2,0,0,0,0,0,0,0,0,0,0,0,0,0,1,0,1,0,0,0
1380,20191715168,2019-07-02 14:20:00,Terça-Feira,NÃO DEFINIDO,,,Direita,Dentro das localidades,Santa Maria dos Olivais,,Colisão,Colisão frontal,NÃO DEFINIDO,NÃO DEFINIDO,NÃO DEFINIDO,NÃO DEFINIDO,NÃO DEFINIDO,Estrada sem separador,Dois sentidos,Com marcas,Inexistentes,Outros,Inexistentes,NÃO DEFINIDO,Fora da intersecção,Bom tempo,Em pleno dia,NÃO DEFINIDO,0,0,2,Arruamento sem separador,Via Secundária,0,,Avenida Pádua,Sem GPS - não estimado,2019,7,2,14,Tarde,Verão,1,0,6,5,1,0,0,0,0,0,0,0,0,0,0,0,0,1,0,0,0,0,0
1381,20191715211,2019-06-28 23:10:00,Sexta-Feira,NÃO DEFINIDO,,,Direita,Dentro das localidades,Alvalade,Lisboa,Colisão,Colisão lateral com outro veículo em movimento,Recta,Com inclinação,Berma pavimentada,Em plena via,Em bom estado,Estrada sem separador,Sentido único,Com marcas,Inexistentes,Outros,Inexistentes,Betuminoso,Fora da intersecção,Bom tempo,"Noite, com iluminação",Seco e limpo,0,0,1,Arruamento sem separador,Via Secundária,0,,Campo Grande,Sem GPS - não estimado,2019,6,28,23,Noite,Verão,1,0,3,2,0,0,0,0,0,0,0,0,0,0,0,0,0,1,0,1,0,0,0
1382,20191715216,2019-06-27 16:30:00,Quinta-Feira,NÃO DEFINIDO,38.7078567,-9.1593,Direita,Dentro das localidades,Estrela,,Despiste,Despiste sem dispositivo de retenção,Recta,Com inclinação,Berma pavimentada,Em plena via,Em bom estado,Estrada sem separador,Dois sentidos,Sem marcas rodoviárias ou pouco visíveis,Inexistentes,Outros,Inexistentes,Calçada,Em cruzamento,Bom tempo,Em pleno dia,Seco e limpo,0,0,1,Arruamento sem separador,Via Secundária,88,,Rua Garcia de Orta,Sem GPS - estimado,2019,6,27,16,Tarde,Verão,1,0,3,1,0,0,0,0,0,0,0,0,0,0,0,0,0,1,0,0,0,0,0
1383,20191715241,2019-06-26 06:15:00,Quarta-Feira,No sentido crescente da quilometragem,,,Direita,Dentro das localidades,Alvalade,Lisboa,Colisão,Colisão com outras situações,Recta,Em patamar,Berma pavimentada,Em plena via,Em estado regular,Outra via,Sentido único,Com marcas,Inexistentes,NÃO DEFINIDO,A funcionar normalmente,Betuminoso,Em cruzamento,Bom tempo,Aurora ou crepúsculo,Seco e limpo,0,0,2,Arruamento com separador,Via Secundária,0,,Avenida Almirante Gago Coutinho,Sem GPS - não estimado,2019,6,26,6,Manhã,Verão,1,0,6,2,1,0,0,0,0,0,0,0,0,0,0,0,0,1,0,0,0,0,0
1384,20191715316,2019-07-03 13:05:00,Quarta-Feira,NÃO DEFINIDO,38.7587496,-9.1217084,Direita,Dentro das localidades,Marvila,Lisboa,Colisão,Colisão frontal,Recta,Em patamar,Berma pavimentada,Em plena via,Em estado regular,Estrada sem separador,Dois sentidos,Sem marcas rodoviárias ou pouco visíveis,Inexistentes,Outros,Inexistentes,Betuminoso,Fora da intersecção,Bom tempo,Em pleno dia,Seco e limpo,0,0,1,Arruamento sem separador,Via Secundária,15,,Rua José Luís Monteiro,Sem GPS - estimado,2019,7,3,13,Tarde,Verão,1,0,3,2,0,0,0,0,0,0,0,0,0,0,0,0,0,1,0,0,0,1,0
1385,20191715342,2019-07-03 16:55:00,Quarta-Feira,NÃO DEFINIDO,,,Central,Dentro das localidades,Alcântara,Lisboa,Colisão,Colisão lateral com outro veículo em movimento,Recta,Em patamar,Berma pavimentada,Em plena via,Em estado regular,Estrada sem separador,Dois sentidos,Com marcas,Inexistentes,Outros,A funcionar normalmente,Betuminoso,Em cruzamento,Bom tempo,Em pleno dia,Seco e limpo,0,0,1,Arruamento sem separador,Via Secundária,0,,Praça General Domingos de Oliveira,Sem GPS - não estimado,2019,7,3,16,Tarde,Verão,1,0,3,2,0,0,0,0,0,0,0,0,0,0,0,0,0,0,1,1,0,0,0
1386,20191715365,2019-07-05 22:45:00,Sexta-Feira,NÃO DEFINIDO,,,Direita,Dentro das localidades,São Domingos de Benfica,,Colisão,Colisão traseira com outro veículo em movimento,Recta,Em patamar,Sem berma ou impraticável,Em plena via,Em estado regular,Outra via,Sentido único,Com marcas,Inexistentes,Outros,Inexistentes,Betuminoso,Fora da intersecção,Bom tempo,"Noite, com iluminação",Seco e limpo,0,0,1,Arruamento com separador,2ª Circular,0,,Avenida General Norton de Matos,Sem GPS - não estimado,2019,7,5,22,Noite,Verão,1,0,3,2,1,0,0,0,0,0,0,0,0,0,0,0,0,1,0,0,0,0,0
1387,20191715371,2019-06-29 23:30:00,Sábado,NÃO DEFINIDO,,,Direita,Dentro das localidades,Arroios,,Colisão,Colisão lateral com outro veículo em movimento,Recta,Em patamar,Sem berma ou impraticável,Em plena via,Em estado regular,Outra via,Sentido único,Com marcas,Inexistentes,Outros,A funcionar normalmente,Betuminoso,Em entroncamento,Bom tempo,"Noite, com iluminação",Seco e limpo,0,0,2,Arruamento com separador,Via Secundária,0,,Avenida Almirante Reis,Sem GPS - não estimado,2019,6,29,23,Noite,Verão,0,0,6,2,1,0,0,0,0,0,0,0,0,0,0,0,0,1,0,0,0,0,0
1388,20191715396,2019-06-28 16:00:00,Sexta-Feira,No sentido crescente da quilometragem,,,Esquerda,Dentro das localidades,Belém,,Colisão,Colisão com veiculo ou obstáculo na faixa de rodagem,Recta,Em patamar,Berma pavimentada,Em plena via,Em estado regular,Outra via,Sentido único,Com marcas,Inexistentes,Outros,A funcionar normalmente,Betuminoso,Em entroncamento,Bom tempo,Em pleno dia,Seco e limpo,0,0,1,Arruamento com separador,Via Secundária,0.0,,Avenida Descobertas,Sem GPS - não estimado,2019,6,28,16,Tarde,Verão,1,0,3,2,0,0,0,0,0,0,0,0,0,0,0,0,0,1,0,0,0,0,0
1389,20191715408,2019-06-26 09:40:00,Quarta-Feira,NÃO DEFINIDO,38.7363648,-9.155889,Direita,Dentro das localidades,Avenidas Novas,Lisboa,Colisão,Colisão com outras situações,Recta,Em patamar,Berma pavimentada,Em plena via,Em estado regular,Outra via,Sentido único,Com marcas,Inexistentes,NÃO DEFINIDO,Inexistentes,Betuminoso,Fora da intersecção,Bom tempo,Em pleno dia,Seco e limpo,0,0,1,Arruamento com separador,Via Secundária,201,,Avenida António Augusto de Aguiar,Sem GPS - estimado,2019,6,26,9,Manhã,Verão,1,0,3,4,0,0,0,0,0,0,0,0,0,0,0,0,0,1,1,1,0,0,0
1390,20191715414,2019-06-27 13:00:00,Quinta-Feira,NÃO DEFINIDO,,,Direita,Dentro das localidades,Santa Maria dos Olivais,,Despiste,Despiste com colisão com veículo imobil. ou obstáculo,Recta,Com inclinação,Berma pavimentada,Em plena via,Em bom estado,Estrada sem separador,Dois sentidos,Sem marcas rodoviárias ou pouco visíveis,Inexistentes,Outros,Inexistentes,Betuminoso,Fora da intersecção,Bom tempo,Em pleno dia,Seco e limpo,0,0,1,Arruamento sem separador,Via Secundária,0,,Rua Cidade da Praia,Sem GPS - não estimado,2019,6,27,13,Tarde,Verão,1,0,3,2,0,0,0,0,0,0,0,0,0,0,0,0,0,1,0,1,0,0,0
1391,20191715439,2019-07-04 18:55:00,Quinta-Feira,No sentido crescente da quilometragem,,,Direita,Dentro das localidades,Santa Maria dos Olivais,,Colisão,Colisão traseira com outro veículo em movimento,Recta,Em patamar,Berma pavimentada,Em plena via,Em estado regular,Outra via,Sentido único,Com marcas,Inexistentes,Outros,A funcionar normalmente,Betuminoso,Em cruzamento,Bom tempo,Em pleno dia,Seco e limpo,0,0,1,Arruamento com separador,Via Secundária,0,,Avenida Infante Dom Henrique,Sem GPS - não estimado,2019,7,4,18,Noite,Verão,1,0,3,2,0,0,0,0,0,0,0,0,0,0,0,0,0,0,1,1,0,0,0
1392,20191715486,2019-07-08 14:30:00,Segunda-Feira,NÃO DEFINIDO,38.7225728,-9.1666494,Direita,Dentro das localidades,Campo de Ourique,Lisboa,Atropelamento,Atropelamento de peões,Recta,Com inclinação,Sem berma ou impraticável,Em plena via,Em bom estado,Estrada sem separador,Dois sentidos,Sem marcas rodoviárias ou pouco visíveis,Inexistentes,Passagem de peões,Inexistentes,Betuminoso,Em cruzamento,Bom tempo,Em pleno dia,Seco e limpo,0,0,2,Arruamento sem separador,Via Secundária,628,,Rua Maria Pia,Sem GPS - estimado,2019,7,8,14,Tarde,Verão,1,0,6,2,0,1,0,0,0,0,0,0,0,0,0,0,1,1,0,0,0,0,1
1393,20191715493,2019-06-30 00:45:00,Domingo,No sentido crescente da quilometragem,,,Central,Dentro das localidades,Arroios,,Colisão,Colisão lateral com outro veículo em movimento,Recta,Em patamar,Berma pavimentada,Em plena via,Em estado regular,Outra via,Sentido único,Com marcas,Inexistentes,Outros,A funcionar normalmente,Betuminoso,Em cruzamento,Bom tempo,"Noite, com iluminação",Seco e limpo,0,0,2,Arruamento com separador,Via Secundária,0.0,,Avenida Almirante Reis,Sem GPS - não estimado,2019,6,30,0,Madrugada,Verão,0,0,6,2,1,0,0,0,0,0,0,0,0,0,0,0,0,1,0,0,0,0,0
1394,20191715541,2019-07-08 18:30:00,Segunda-Feira,No sentido decrescente da quilometragem,,,Esquerda,Dentro das localidades,Lumiar,,Colisão,Colisão traseira com outro veículo em movimento,Recta,Em patamar,Berma pavimentada,Em plena via,Em estado regular,Outra via,Sentido único,Com marcas,Inexistentes,NÃO DEFINIDO,Inexistentes,Betuminoso,Fora da intersecção,Bom tempo,Em pleno dia,Seco e limpo,0,0,1,Arruamento com separador,2ª Circular,0,,Avenida Marechal Craveiro Lopes,Sem GPS - não estimado,2019,7,8,18,Noite,Verão,1,0,3,2,0,0,0,0,0,0,0,0,0,0,0,0,1,1,0,0,0,0,0
1395,20191715586,2019-07-05 20:05:00,Sexta-Feira,NÃO DEFINIDO,38.7185056,-9.1521504,Direita,Dentro das localidades,Santo António,,Atropelamento,Atropelamento de peões,Recta,Com inclinação,Berma pavimentada,Em plena via,Em estado regular,Estrada sem separador,Dois sentidos,Com marcas,Inexistentes,Passagem de peões,Inexistentes,Betuminoso,Em cruzamento,Bom tempo,Em pleno dia,Seco e limpo,0,0,1,Arruamento sem separador,Via Secundária,7,,Largo São Mamede,Sem GPS - estimado,2019,7,5,20,Noite,Verão,1,0,3,1,0,1,0,0,0,0,1,0,0,0,0,0,0,1,0,0,0,0,1
1396,20191715593,2019-07-08 17:50:00,Segunda-Feira,No sentido crescente da quilometragem,,,Esquerda,Dentro das localidades,Santa Maria dos Olivais,,Colisão,Colisão traseira com outro veículo em movimento,Recta,Em patamar,Sem berma ou impraticável,Em plena via,Em bom estado,Outra via,Sentido único,Com marcas,Inexistentes,Outros,Inexistentes,Betuminoso,Em via de aceleração,Bom tempo,Em pleno dia,Seco e limpo,0,0,1,Arruamento com separador,Via Secundária,0,,Avenida Cidade do Porto,Sem GPS - não estimado,2019,7,8,17,Tarde,Verão,1,0,3,2,0,0,0,0,0,0,0,0,0,0,0,0,0,1,0,0,0,0,0
1397,20191715617,2019-07-05 12:40:00,Sexta-Feira,NÃO DEFINIDO,,,Esquerda,Dentro das localidades,Penha de França,,Colisão,Colisão com outras situações,Recta,Em patamar,Sem berma ou impraticável,Em plena via,Em bom estado,Estrada sem separador,Dois sentidos,Com marcas,Inexistentes,Stop,A funcionar normalmente,Betuminoso,Em cruzamento,Bom tempo,Em pleno dia,Seco e limpo,0,0,1,Arruamento sem separador,Via Secundária,0,,Avenida Mouzinho de Albuquerque,Sem GPS - não estimado,2019,7,5,12,Tarde,Verão,1,0,3,2,0,0,0,0,0,0,0,0,0,1,0,0,0,1,0,1,0,0,0
1398,20191715626,2019-07-04 13:00:00,Quinta-Feira,NÃO DEFINIDO,,,Direita,Dentro das localidades,Areeiro,,Despiste,Despiste com dispositivo de retenção,Curva,Com inclinação,Berma pavimentada,Em plena via,Em estado regular,Outra via,Sentido único,Com marcas,Inexistentes,Outros,A funcionar normalmente,Betuminoso,Em entroncamento,Bom tempo,Em pleno dia,Seco e limpo,0,0,1,Arruamento com separador,Via Secundária,0,,Avenida Carlos Pinhão,Sem GPS - não estimado,2019,7,4,13,Tarde,Verão,1,0,3,1,0,0,0,0,0,0,0,0,0,0,0,0,1,0,0,1,0,0,0
1399,20191715634,2019-07-04 08:40:00,Quinta-Feira,No sentido decrescente da quilometragem,,,Esquerda,Fora das localidades,Alcântara,,Colisão,Colisão choque em cadeia,Recta,Em patamar,Sem berma ou impraticável,Em plena via,Em bom estado,Auto-estrada,Sentido único,Com marcas,Inexistentes,Outros,Inexistentes,Betuminoso,Fora da intersecção,Bom tempo,Em pleno dia,Seco e limpo,0,0,1,A  - Auto-Estrada,A2-PNT25ABRIL,,1.35,,Sem GPS - não estimado,2019,7,4,8,Manhã,Verão,1,0,3,3,0,0,0,0,0,0,0,0,0,0,0,0,1,1,0,1,0,0,0
1400,20191715713,2019-07-05 14:45:00,Sexta-Feira,NÃO DEFINIDO,38.7365696,-9.1560328,Direita,Dentro das localidades,Avenidas Novas,,Colisão,Colisão choque em cadeia,Recta,Com inclinação,Berma pavimentada,Em plena via,Em bom estado,Estrada sem separador,Dois sentidos,Com marcas,Inexistentes,Outros,Inexistentes,Betuminoso,Fora da intersecção,Bom tempo,Em pleno dia,Seco e limpo,0,0,1,Arruamento sem separador,Via Secundária,209,,Avenida António Augusto de Aguiar,Sem GPS - estimado,2019,7,5,14,Tarde,Verão,1,0,3,3,0,0,0,0,0,0,0,0,0,0,0,0,0,1,0,1,0,0,0
1401,20191715716,2019-07-06 20:10:00,Sábado,No sentido crescente da quilometragem,38.7501209,-9.1618924,Direita,Dentro das localidades,Alvalade,,Colisão,Colisão lateral com outro veículo em movimento,Recta,Em patamar,Berma pavimentada,Em plena via,Em bom estado,Outra via,Sentido único,Com marcas,Inexistentes,Outros,A funcionar normalmente,Betuminoso,Em entroncamento,Bom tempo,Aurora ou crepúsculo,Seco e limpo,0,0,3,Arruamento com separador,Via Secundária,1,,Avenida Professor Egas Moniz,Sem GPS - estimado,2019,7,6,20,Noite,Verão,0,0,9,2,2,0,0,0,0,0,0,0,0,0,0,0,0,1,0,0,0,0,0
1402,20191715724,2019-07-10 11:35:00,Quarta-Feira,NÃO DEFINIDO,38.7372051999999,-9.15232529999999,Direita,Dentro das localidades,Avenidas Novas,Lisboa,Atropelamento,Atropelamento de peões,Recta,Em patamar,Berma pavimentada,Em plena via,Em estado regular,Estrada sem separador,Dois sentidos,Com marcas,Inexistentes,Outros,A funcionar normalmente,Betuminoso,Fora da intersecção,Bom tempo,Em pleno dia,Seco e limpo,0,0,1,Arruamento sem separador,Via Secundária,88,,Rua Marquês Sá da Bandeira,Sem GPS - estimado,2019,7,10,11,Manhã,Verão,1,0,3,1,0,1,0,1,0,0,0,0,0,0,0,0,0,1,0,0,0,0,1