,IdAcidente,Datahora,Dia da Semana,Sentidos,Latitude GPS,Longitude GPS,Via Trânsito,Localizações,Freguesia,Pov. Proxima,Tipo Natureza,Natureza,Tipo de Traçado,Inclinação do Traçado,Berma do Traçado,Localização do Traçado,Estado Conservação,Características Tecnicas,Reg Circulação,Marca Via,Obstáculos,Sinais,Sinais Luminosos,Tipo Piso,Intersecção Vias,Factores Atmosféricos,Luminosidade,Cond Aderência,VM,FG,FL,Tipos Vias,Via,Num arruamento,Km,Nome arruamento,Localização 2,Ano,Mês,Dia,Hora,Periodo,Estação,Dia Util,Gravidade,Indicador de Gravidade,Veículos envolvidos,Passageiros envolvidos,Peões envolvidos,Inf/Ação: Abertura de porta,Inf/Ação: Desrespeito da sinalização semafórica,Inf/Ação: Desrespeito da sinalização vertical,Inf/Ação: Desrespeito das distâncias de segurança,Inf/Ação: Desrespeito das marcas rodoviárias,Inf/Ação: Encandeamento,Inf/Ação: Manobra irregular,Inf/Ação: Não sinalização da manobra,Inf/Ação: Obstáculo imprevisto na faixa de rodagem,Inf/Ação: Rebentamento de pneumático,Inf/Ação: Velocidade excessiva para as condições existentes,Automóvel ligeiro,Automóvel pesado,Motociclos/Ciclomotores,Outros Veículos,Velocípedes,Peões
1403,20191715745,2019-07-07 01:25:00,Domingo,NÃO DEFINIDO,38.7485933,-9.1343228,Direita,Dentro das localidades,Alvalade,,Colisão,Colisão com outras situações,Recta,Em patamar,Sem berma ou impraticável,Em plena via,Em bom estado,Outra via,Sentido único,Com marcas,Inexistentes,Outros,Inexistentes,Betuminoso,Fora da intersecção,Bom tempo,"Noite, com iluminação",Seco e limpo,0,0,1,Arruamento com separador,Via Secundária,29,,Avenida Estados Unidos da América,Sem GPS - estimado,2019,7,7,1,Madrugada,Verão,0,0,3,4,0,0,0,0,0,0,0,0,0,0,0,0,1,1,0,0,0,0,0
1404,20191715758,2019-07-09 17:45:00,Terça-Feira,NÃO DEFINIDO,38.7435674,-9.0994001,Direita,Dentro das localidades,Santa Maria dos Olivais,Lisboa,Colisão,Colisão com outras situações,Recta,Em patamar,Sem berma ou impraticável,Em plena via,Em bom estado,Outra via,Sentido único,Com marcas,Inexistentes,Outros,Inexistentes,Betuminoso,Em via de aceleração,Bom tempo,Em pleno dia,Seco e limpo,0,0,1,Arruamento com separador,Via Secundária,362,,Avenida Infante Dom Henrique,Sem GPS - estimado,2019,7,9,17,Tarde,Verão,1,0,3,2,0,0,0,0,0,0,0,0,0,0,0,0,0,1,0,1,0,0,0
1405,20191715780,2019-07-06 05:00:00,Sábado,NÃO DEFINIDO,,,Direita,Dentro das localidades,Marvila,Lisboa,Colisão,Colisão lateral com outro veículo em movimento,Recta,Em patamar,Berma pavimentada,Em plena via,Em estado regular,Estrada sem separador,Dois sentidos,Com marcas,Inexistentes,Outros,Inexistentes,Betuminoso,Fora da intersecção,Bom tempo,"Noite, com iluminação",Seco e limpo,0,0,1,Arruamento sem separador,Via Secundária,0,,Rua João César Monteiro,Sem GPS - não estimado,2019,7,6,5,Madrugada,Verão,0,0,3,4,0,0,0,0,0,0,0,0,0,0,0,0,0,1,0,0,0,0,0
1406,20191715820,2019-07-11 22:15:00,Quinta-Feira,NÃO DEFINIDO,,,Direita,Dentro das localidades,Santa Maria dos Olivais,,Colisão,Colisão traseira com outro veículo em movimento,Curva,Com inclinação,Sem berma ou impraticável,Em plena via,Em bom estado,Outra via,Sentido único,Sem marcas rodoviárias ou pouco visíveis,Inexistentes,Outros,Inexistentes,Betuminoso,Fora da intersecção,Bom tempo,"Noite, com iluminação",Seco e limpo,0,0,2,Arruamento com separador,Via Secundária,0,,Alameda Comunidades Portuguesas,Sem GPS - não estimado,2019,7,11,22,Noite,Verão,1,0,6,2,0,0,0,0,0,0,0,0,0,0,0,0,1,1,0,0,0,0,0
1407,20191715835,2019-07-10 16:40:00,Quarta-Feira,NÃO DEFINIDO,38.7407457,-9.1465095,Direita,Dentro das localidades,Avenidas Novas,,Despiste,Despiste sem dispositivo de retenção,Recta,Em patamar,Sem berma ou impraticável,Em plena via,Em bom estado,Outra via,Sentido único,Sem marcas rodoviárias ou pouco visíveis,Inexistentes,Outros,A funcionar normalmente,Betuminoso,Fora da intersecção,Bom tempo,Em pleno dia,Seco e limpo,0,0,1,Arruamento com separador,Via Secundária,6,,Avenida República,Sem GPS - estimado,2019,7,10,16,Tarde,Verão,1,0,3,1,0,0,0,0,0,0,0,0,0,0,0,0,0,0,0,0,0,1,0
1408,20191715839,2019-07-10 17:45:00,Quarta-Feira,No sentido decrescente da quilometragem,,,Direita,Dentro das localidades,Lumiar,,Colisão,Colisão lateral com outro veículo em movimento,Curva,Com inclinação,Berma pavimentada,Em plena via,Em bom estado,Outra via,Sentido único,Com marcas,Inexistentes,Outros,Inexistentes,Betuminoso,Em entroncamento,Bom tempo,Em pleno dia,Seco e limpo,0,0,2,IP - Itinerário Principal,IP7,,5.4,,Sem GPS - não estimado,2019,7,10,17,Tarde,Verão,1,0,6,2,1,0,0,0,0,1,0,0,0,0,0,0,0,1,1,0,0,0,0
1409,20191715849,2019-07-10 17:45:00,Quarta-Feira,NÃO DEFINIDO,38.7452369,-9.2015069,Direita,Dentro das localidades,Benfica,Lisboa,Colisão,Colisão lateral com outro veículo em movimento,Recta,Em patamar,Berma pavimentada,Em plena via,Em estado regular,Estrada sem separador,Dois sentidos,Com marcas,Inexistentes,NÃO DEFINIDO,Inexistentes,Betuminoso,Fora da intersecção,Bom tempo,Em pleno dia,Seco e limpo,0,0,1,Arruamento sem separador,Via Secundária,32,,Rua Venezuela,Sem GPS - estimado,2019,7,10,17,Tarde,Verão,1,0,3,2,0,0,0,0,0,0,0,0,0,0,0,0,0,1,0,1,0,0,0
1410,20191715900,2019-07-11 12:25:00,Quinta-Feira,NÃO DEFINIDO,38.7457278999999,-9.18959519999999,Direita,Dentro das localidades,São Domingos de Benfica,Lisboa,Atropelamento,Atropelamento de peões,Recta,Em patamar,Sem berma ou impraticável,Em plena via,Em estado regular,Estrada sem separador,Dois sentidos,Com marcas,Inexistentes,Passagem de peões,Inexistentes,Betuminoso,Fora da intersecção,Bom tempo,Em pleno dia,Seco e limpo,0,1,0,Arruamento sem separador,Via Secundária,10,,Rua Tenente Coronel Ribeiro dos Reis,Sem GPS - estimado,2019,7,11,12,Tarde,Verão,1,1,10,1,0,1,0,0,0,0,0,0,0,0,0,0,1,1,0,0,0,0,1
1411,20191716097,2019-07-11 11:35:00,Quinta-Feira,NÃO DEFINIDO,38.7143853999999,-9.1310309,Direita,Dentro das localidades,São Vicente,Lisboa,Atropelamento,Atropelamento de peões,Recta,Em patamar,Berma pavimentada,Em plena via,Em estado regular,Estrada sem separador,Sentido único,Sem marcas rodoviárias ou pouco visíveis,Inexistentes,Outros,Inexistentes,Calçada,Fora da intersecção,Bom tempo,Em pleno dia,Seco e limpo,0,0,1,Arruamento sem separador,Via Secundária,19,,Travessa Açougue A São Vicente,Sem GPS - estimado,2019,7,11,11,Manhã,Verão,1,0,3,1,0,1,0,0,0,0,0,0,0,0,0,0,0,1,0,0,0,0,1
1412,20191716139,2019-07-02 07:00:00,Terça-Feira,NÃO DEFINIDO,,,Direita,Dentro das localidades,Parque das Nações,Lisboa,Colisão,Colisão com outras situações,Recta,Em patamar,Berma pavimentada,Em plena via,Em estado regular,Estrada sem separador,Dois sentidos,Com marcas,Inexistentes,NÃO DEFINIDO,Inexistentes,Betuminoso,Fora da intersecção,Bom tempo,Em pleno dia,Seco e limpo,0,0,1,Arruamento sem separador,Via Secundária,0,,Rua Interior ao Aeroporto de Lisboa Humberto Delgado,Sem GPS - não estimado,2019,7,2,7,Manhã,Verão,1,0,3,2,0,0,0,0,0,0,0,0,0,0,0,0,0,1,1,0,0,0,0
1413,20191716166,2019-07-08 18:30:00,Segunda-Feira,NÃO DEFINIDO,,,Direita,Dentro das localidades,Alcântara,,Despiste,Despiste com capotamento,Recta,Em patamar,Berma pavimentada,Em parque de estacionamento,Em estado regular,Estrada sem separador,Sentido único,Sem marcas rodoviárias ou pouco visíveis,Inexistentes,Outros,Inexistentes,Betão de cimento,Fora da intersecção,Bom tempo,Em pleno dia,Seco e limpo,0,0,2,Arruamento sem separador,Via Secundária,0,,Avenida Brasília,Sem GPS - não estimado,2019,7,8,18,Noite,Verão,1,0,6,1,2,0,0,0,0,0,0,0,0,0,0,0,0,0,0,0,1,0,0
1414,20191716190,2019-07-07 23:45:00,Domingo,No sentido crescente da quilometragem,,,Esquerda,Dentro das localidades,Campolide,Lisboa,Colisão,Colisão com veiculo ou obstáculo na faixa de rodagem,Recta,Em patamar,Berma não pavimentada,Em plena via,Em estado regular,Outra via,Sentido único,Com marcas,Inexistentes,Outros,Inexistentes,Betuminoso,Fora da intersecção,Bom tempo,"Noite, com iluminação",Seco e limpo,0,0,2,Arruamento com separador,Via Secundária,0,,Avenida Calouste Gulbenkian,Sem GPS - não estimado,2019,7,7,23,Noite,Verão,0,0,6,3,1,0,0,0,0,0,0,0,0,0,0,0,0,1,0,0,0,0,0
1415,20191716240,2019-07-12 14:20:00,Sexta-Feira,NÃO DEFINIDO,38.7605885,-9.175396,Direita,Dentro das localidades,Lumiar,Lisboa,Colisão,Colisão com outras situações,Recta,Com inclinação,Berma pavimentada,Em plena via,Em bom estado,Estrada sem separador,Sentido único,Sem marcas rodoviárias ou pouco visíveis,Inexistentes,Outros,Inexistentes,Betão de cimento,Fora da intersecção,Bom tempo,Em pleno dia,Seco e limpo,0,0,1,Arruamento sem separador,Via Secundária,1,,Alameda Quinta de Santo António,Sem GPS - estimado,2019,7,12,14,Tarde,Verão,1,0,3,1,0,0,0,0,0,0,0,0,0,0,0,0,0,1,0,0,0,0,0
1416,20191716277,2019-07-13 07:40:00,Sábado,NÃO DEFINIDO,38.7098772,-9.135721,Direita,Dentro das localidades,Santa Maria Maior,Lisboa,Atropelamento,Atropelamento de peões,Recta,Com inclinação,Sem berma ou impraticável,Em parque de estacionamento,Em bom estado,Estrada sem separador,Sentido único,Sem marcas rodoviárias ou pouco visíveis,Inexistentes,Passagem de peões,A funcionar normalmente,Betuminoso,Em cruzamento,Bom tempo,Em pleno dia,Seco e limpo,0,0,1,Arruamento sem separador,Via Secundária,71,,Rua dos Fanqueiros,Sem GPS - estimado,2019,7,13,7,Manhã,Verão,0,0,3,1,0,1,0,0,0,0,0,0,0,0,0,0,1,1,0,0,0,0,1
1417,20191716326,2019-07-07 18:50:00,Domingo,NÃO DEFINIDO,,,Esquerda,Dentro das localidades,Areeiro,Lisboa,Colisão,Colisão traseira com outro veículo em movimento,Curva,Em patamar,Berma pavimentada,Em plena via,Em estado regular,Estrada sem separador,Sentido único,Com marcas,Inexistentes,Outros,A funcionar normalmente,Betuminoso,Fora da intersecção,Bom tempo,Em pleno dia,Seco e limpo,0,0,1,Arruamento sem separador,Via Secundária,0,,Praça Francisco Sá Carneiro,Sem GPS - não estimado,2019,7,7,18,Noite,Verão,0,0,3,2,0,0,0,0,0,0,0,0,0,0,0,0,0,1,0,1,0,0,0
1418,20191716329,2019-07-02 14:35:00,Terça-Feira,No sentido decrescente da quilometragem,,,Esquerda,Dentro das localidades,Campo de Ourique,Lisboa,Colisão,Colisão traseira com outro veículo em movimento,Recta,Com inclinação,Berma pavimentada,Em plena via,Em estado regular,Outra via,Sentido único,Com marcas,Inexistentes,Outros,Inexistentes,Betuminoso,Fora da intersecção,Bom tempo,Em pleno dia,Seco e limpo,0,0,1,Arruamento com separador,Via Secundária,0,,Avenida Engenheiro Duarte Pacheco,Sem GPS - não estimado,2019,7,2,14,Tarde,Verão,1,0,3,3,1,0,0,0,0,0,0,0,0,0,0,0,0,1,0,0,0,0,0
1419,20191716341,2019-07-09 19:40:00,Terça-Feira,NÃO DEFINIDO,38.7206043999999,-9.129345,Direita,Dentro das localidades,São Vicente,,Atropelamento,Atropelamento de peões,Recta,Em patamar,Berma pavimentada,No passeio,Em estado regular,Estrada sem separador,Sentido único,Com marcas,Inexistentes,Outros,Inexistentes,Betuminoso,Em entroncamento,Bom tempo,Em pleno dia,Seco e limpo,0,0,1,Arruamento sem separador,Via Secundária,0,,Rua Natália Correia,Sem GPS - estimado,2019,7,9,19,Noite,Verão,1,0,3,1,0,1,0,0,0,0,0,0,0,0,0,0,0,0,0,1,0,0,1
1420,20191716458,2019-07-09 08:15:00,Terça-Feira,No sentido crescente da quilometragem,,,Central,Dentro das localidades,Campolide,,Colisão,Colisão lateral com outro veículo em movimento,Recta,Em patamar,Berma pavimentada,Em plena via,Em estado regular,Outra via,Sentido único,Com marcas,Inexistentes,Outros,A funcionar normalmente,Betuminoso,Fora da intersecção,Bom tempo,Em pleno dia,Seco e limpo,0,0,1,Arruamento com separador,Via Secundária,0,,Avenida Calouste Gulbenkian,Sem GPS - não estimado,2019,7,9,8,Manhã,Verão,1,0,3,2,0,0,0,0,0,0,0,0,0,0,0,0,0,1,0,1,0,0,0
1421,20191716469,2019-07-10 18:30:00,Quarta-Feira,NÃO DEFINIDO,38.7311047,-9.1406331,Direita,Dentro das localidades,Arroios,,Atropelamento,Atropelamento de peões,Recta,Em patamar,Berma pavimentada,Em plena via,Em bom estado,Estrada sem separador,Dois sentidos,Com marcas,Inexistentes,Outros,Inexistentes,Betuminoso,Fora da intersecção,Bom tempo,Em pleno dia,Seco e limpo,0,0,2,Arruamento sem separador,Via Secundária,46,,Rua Dona Estefânia,Sem GPS - estimado,2019,7,10,18,Noite,Verão,1,0,6,1,0,1,0,0,0,0,0,0,0,0,0,0,0,0,0,1,0,0,1
1422,20191716505,2019-07-09 14:50:00,Terça-Feira,NÃO DEFINIDO,,,Direita,Dentro das localidades,Santa Maria Maior,,Colisão,Colisão traseira com outro veículo em movimento,Recta,Em patamar,Sem berma ou impraticável,Em plena via,Em estado regular,Estrada sem separador,Sentido único,Com marcas,Inexistentes,Outros,Inexistentes,Calçada,Em via de aceleração,Bom tempo,Em pleno dia,Seco e limpo,0,0,1,Arruamento sem separador,Via Secundária,0,,Avenida Ribeira das Naus,Sem GPS - não estimado,2019,7,9,14,Tarde,Verão,1,0,3,2,0,0,0,0,0,0,0,0,0,0,0,0,0,1,0,0,0,0,0
1423,20191716507,2019-07-09 12:40:00,Terça-Feira,NÃO DEFINIDO,,,Direita,Dentro das localidades,Santa Maria Maior,,Colisão,Colisão lateral com outro veículo em movimento,Recta,Em patamar,Berma pavimentada,Em plena via,Em estado regular,Estrada sem separador,Dois sentidos,Com marcas,Inexistentes,Outros,Inexistentes,Calçada,Fora da intersecção,Bom tempo,Em pleno dia,Seco e limpo,0,0,1,Arruamento sem separador,Via Secundária,0,,Avenida Ribeira das Naus,Sem GPS - não estimado,2019,7,9,12,Tarde,Verão,1,0,3,2,0,0,0,0,0,0,0,0,0,0,0,0,0,1,0,0,1,0,0
1424,20191716529,2019-07-05 08:40:00,Sexta-Feira,NÃO DEFINIDO,,,Direita,Dentro das localidades,Avenidas Novas,,Colisão,Colisão com outras situações,Recta,Em patamar,Berma pavimentada,Em plena via,Em bom estado,Estrada sem separador,Sentido único,Com marcas,Inexistentes,Outros,Inexistentes,Betuminoso,Fora da intersecção,Bom tempo,Em pleno dia,Seco e limpo,0,0,1,Arruamento sem separador,Via Secundária,0,,Avenida Forças Armadas,Sem GPS - não estimado,2019,7,5,8,Manhã,Verão,1,0,3,2,0,0,0,0,0,0,0,0,0,0,0,0,0,1,0,1,0,0,0
1425,20191716530,2019-07-05 11:30:00,Sexta-Feira,No sentido decrescente da quilometragem,,,Direita,Dentro das localidades,Campolide,,Colisão,Colisão traseira com outro veículo em movimento,Recta,Em patamar,Berma pavimentada,Em plena via,Em bom estado,Outra via,Sentido único,Com marcas,Inexistentes,Outros,Inexistentes,Betuminoso,Fora da intersecção,Bom tempo,Em pleno dia,Seco e limpo,0,0,1,Arruamento com separador,Via Secundária,0,,Avenida Engenheiro Duarte Pacheco,Sem GPS - não estimado,2019,7,5,11,Manhã,Verão,1,0,3,2,0,0,0,0,0,0,0,0,0,0,0,0,0,1,0,0,0,0,0
1426,20191716563,2019-07-14 16:00:00,Domingo,NÃO DEFINIDO,,,Direita,Dentro das localidades,Carnide,Lisboa,Despiste,Despiste sem dispositivo de retenção,Curva,Em patamar,Berma pavimentada,Em plena via,Em estado regular,Estrada sem separador,Sentido único,Com marcas,Inexistentes,Outros,Inexistentes,Betuminoso,Em rotunda,Bom tempo,Em pleno dia,Seco e limpo,0,1,0,Arruamento sem separador,Via Secundária,0,,Praça São Francisco de Assis,Sem GPS - não estimado,2019,7,14,16,Tarde,Verão,0,1,10,1,0,0,0,0,0,0,0,0,0,0,0,0,1,0,0,1,0,0,0
1427,20191716585,2019-07-10 18:10:00,Quarta-Feira,No sentido crescente da quilometragem,,,Direita,Dentro das localidades,Lumiar,,Colisão,Colisão lateral com outro veículo em movimento,Recta,Em patamar,Sem berma ou impraticável,Em plena via,Em estado regular,Outra via,Sentido único,Com marcas,Inexistentes,NÃO DEFINIDO,Inexistentes,Betuminoso,Fora da intersecção,Bom tempo,Em pleno dia,Seco e limpo,0,0,1,Arruamento com separador,Via Secundária,0,,Calçada Carriche,Sem GPS - não estimado,2019,7,10,18,Noite,Verão,1,0,3,3,0,0,0,0,0,0,0,0,0,0,0,0,0,1,1,1,0,0,0
1428,20191716606,2019-07-13 13:50:00,Sábado,NÃO DEFINIDO,,,Direita,Dentro das localidades,Alvalade,,Despiste,Despiste sem dispositivo de retenção,Recta,Em patamar,Sem berma ou impraticável,Em plena via,Em estado regular,Estrada sem separador,Dois sentidos,Com marcas,Inexistentes,Outros,Inexistentes,Betuminoso,Fora da intersecção,Bom tempo,Em pleno dia,Seco e limpo,0,0,1,Arruamento sem separador,Via Secundária,0,,Avenida Professor Gama Pinto,Sem GPS - não estimado,2019,7,13,13,Tarde,Verão,0,0,3,1,0,0,0,0,0,0,0,0,0,0,0,0,0,0,0,1,0,0,0
1429,20191716639,2019-07-14 07:00:00,Domingo,No sentido crescente da quilometragem,,,Direita,Fora das localidades,São Domingos de Benfica,Lisboa,Despiste,Despiste com dispositivo de retenção,Curva,Com inclinação,Berma pavimentada,Em plena via,Em bom estado,Outra via,Sentido único,Com marcas,Inexistentes,Outros,Inexistentes,Betuminoso,Em entroncamento,Bom tempo,Aurora ou crepúsculo,Seco e limpo,0,0,1,IC - Itinerário Complementar,IC17,,5.6,,Sem GPS - não estimado,2019,7,14,7,Manhã,Verão,0,0,3,1,0,0,0,0,0,0,0,0,0,0,0,0,1,1,0,0,0,0,0
1430,20191716646,2019-07-10 17:10:00,Quarta-Feira,NÃO DEFINIDO,38.7433732,-9.1113185,Esquerda,Dentro das localidades,Marvila,Lisboa,Colisão,Colisão lateral com outro veículo em movimento,Recta,Em patamar,Berma pavimentada,Em plena via,Em estado regular,Estrada sem separador,Dois sentidos,Com marcas,Inexistentes,Outros,Inexistentes,Betuminoso,Fora da intersecção,Bom tempo,Em pleno dia,Seco e limpo,0,0,1,Arruamento sem separador,Via Secundária,10,,Avenida Paulo VI,Sem GPS - estimado,2019,7,10,17,Tarde,Verão,1,0,3,2,0,0,0,0,0,0,0,0,0,0,0,0,0,1,0,0,0,0,0
1431,20191716744,2019-07-16 23:10:00,Terça-Feira,No sentido crescente da quilometragem,38.7511573,-9.1539178,Direita,Dentro das localidades,Alvalade,,Despiste,Despiste sem dispositivo de retenção,Curva,Com inclinação,Berma pavimentada,Em plena via,Em bom estado,Outra via,Sentido único,Com marcas,Inexistentes,Outros,Inexistentes,Betuminoso,Fora da intersecção,Bom tempo,"Noite, com iluminação",Seco e limpo,0,0,1,Arruamento com separador,Via Secundária,14,,Campo Grande,Sem GPS - estimado,2019,7,16,23,Noite,Verão,1,0,3,1,0,0,0,0,0,0,0,0,0,0,0,0,1,0,0,1,0,0,0
1432,20191716745,2019-07-16 19:00:00,Terça-Feira,No sentido crescente da quilometragem,38.7422812,-9.1419447,Direita,Dentro das localidades,Areeiro,,Colisão,Colisão com outras situações,Recta,Com inclinação,Berma pavimentada,Em plena via,Em bom estado,Outra via,Sentido único,Com marcas,Inexistentes,Outros,Inexistentes,Betuminoso,Fora da intersecção,Bom tempo,Em pleno dia,Seco e limpo,0,0,1,Arruamento com separador,Via Secundária,72,,Avenida João XXI,Sem GPS - estimado,2019,7,16,19,Noite,Verão,1,0,3,2,0,0,1,0,0,1,0,0,0,0,0,0,0,1,0,0,0,1,0
1433,20191716747,2019-07-15 12:15:00,Segunda-Feira,No sentido crescente da quilometragem,,,Direita,Dentro das localidades,Santa Maria dos Olivais,Lisboa,Despiste,Despiste sem dispositivo de retenção,Recta,Em patamar,Berma pavimentada,Em plena via,Em estado regular,Outra via,Sentido único,Com marcas,Inexistentes,Outros,Inexistentes,Betuminoso,Em via de desaceleração,Bom tempo,Em pleno dia,Seco e limpo,0,0,1,Arruamento com separador,Via Secundária,0,,Avenida Marechal Gomes da Costa,Sem GPS - não estimado,2019,7,15,12,Tarde,Verão,1,0,3,1,0,0,0,0,0,0,0,0,1,0,0,0,0,0,0,1,0,0,0
1434,20191716779,2019-07-10 10:30:00,Quarta-Feira,NÃO DEFINIDO,38.763242,-9.170734,Direita,Dentro das localidades,Lumiar,Lisboa,Colisão,Colisão lateral com outro veículo em movimento,Recta,Em patamar,Berma pavimentada,Em plena via,Em estado regular,Estrada sem separador,Dois sentidos,Sem marcas rodoviárias ou pouco visíveis,Inexistentes,Outros,A funcionar normalmente,Betuminoso,Em cruzamento,Bom tempo,Em pleno dia,Seco e limpo,0,0,1,Arruamento sem separador,Via Secundária,0,,Rua Professor Pulido Valente,Localização GPS,2019,7,10,10,Manhã,Verão,1,0,3,2,0,0,0,0,0,0,0,0,0,0,0,0,0,1,0,0,0,0,0
1435,20191716833,2019-07-05 16:40:00,Sexta-Feira,No sentido decrescente da quilometragem,,,Esquerda,Dentro das localidades,São Domingos de Benfica,Lisboa,Colisão,Colisão com outras situações,Recta,Em patamar,Berma pavimentada,Em plena via,Em estado regular,Outra via,Sentido único,Sem marcas rodoviárias ou pouco visíveis,Inexistentes,Outros,Inexistentes,Betuminoso,Fora da intersecção,Bom tempo,Em pleno dia,Seco e limpo,0,0,1,Arruamento com separador,2ª Circular,0,,Avenida Eusébio da Silva Ferreira,Sem GPS - não estimado,2019,7,5,16,Tarde,Verão,1,0,3,2,0,0,0,0,0,0,0,0,0,0,0,0,0,1,0,1,0,0,0
1436,20191716850,2019-07-11 10:15:00,Quinta-Feira,No sentido crescente da quilometragem,38.763441,-9.130826,Direita,Dentro das localidades,Alvalade,Lisboa,Colisão,Colisão com veiculo ou obstáculo na faixa de rodagem,Recta,Em patamar,Berma pavimentada,Em plena via,Em estado regular,Outra via,Sentido único,Com marcas,Inexistentes,Outros,Inexistentes,Betuminoso,Fora da intersecção,Bom tempo,Em pleno dia,Seco e limpo,0,0,1,Arruamento com separador,2ª Circular,,,Avenida Marechal Craveiro Lopes,Localização GPS,2019,7,11,10,Manhã,Verão,1,0,3,2,0,0,0,0,0,0,0,0,0,0,0,0,1,1,0,1,0,0,0
1437,20191716948,2019-07-17 23:10:00,Quarta-Feira,NÃO DEFINIDO,38.7436811999999,-9.1456465,Esquerda,Dentro das localidades,Avenidas Novas,Lisboa,Atropelamento,Atropelamento de peões,Recta,Em patamar,Sem berma ou impraticável,Em plena via,Em bom estado,Estrada sem separador,Dois sentidos,Com marcas,Inexistentes,Passagem de peões,Inexistentes,Betuminoso,Em entroncamento,Bom tempo,"Noite, com iluminação",Seco e limpo,0,1,1,Arruamento sem separador,Via Secundária,14,,Campo Pequeno,Sem GPS - estimado,2019,7,17,23,Noite,Verão,1,1,13,1,0,1,0,0,0,0,1,0,0,0,0,0,0,0,0,1,0,0,1
1438,20191716975,2019-07-16 12:10:00,Terça-Feira,NÃO DEFINIDO,38.723009,-9.138296,Direita,Dentro das localidades,Arroios,,Atropelamento,Atropelamento de peões,Recta,Em patamar,Sem berma ou impraticável,No passeio,Em bom estado,Estrada sem separador,Dois sentidos,NÃO DEFINIDO,Inexistentes,NÃO DEFINIDO,Inexistentes,Calçada,Fora da intersecção,Bom tempo,Em pleno dia,Seco e limpo,0,0,1,Arruamento sem separador,Via Secundária,46,,Paço da Rainha,Localização GPS,2019,7,16,12,Tarde,Verão,1,0,3,1,0,1,0,0,0,0,0,0,0,0,0,0,0,1,0,0,0,0,1
1439,20191717045,2019-07-13 20:00:00,Sábado,NÃO DEFINIDO,38.7107073999999,-9.14561529999999,Direita,Dentro das localidades,Misericórdia,Lisboa,Atropelamento,Atropelamento de peões,Recta,Em patamar,Berma pavimentada,Em plena via,Em estado regular,Estrada sem separador,Dois sentidos,Com marcas,Inexistentes,Outros,Inexistentes,Betuminoso,Em entroncamento,Bom tempo,Em pleno dia,Seco e limpo,0,0,1,Arruamento sem separador,Via Secundária,10,,Largo Calhariz,Sem GPS - estimado,2019,7,13,20,Noite,Verão,0,0,3,1,0,1,0,0,0,0,0,0,0,0,0,0,0,1,0,0,0,0,1
1440,20191717082,2019-07-12 12:20:00,Sexta-Feira,NÃO DEFINIDO,38.7117354,-9.21406449999999,Direita,Dentro das localidades,Belém,Lisboa,Atropelamento,Atropelamento de peões,Recta,Com inclinação,Berma pavimentada,No passeio,Em estado regular,Estrada sem separador,Sentido único,Sem marcas rodoviárias ou pouco visíveis,Inexistentes,NÃO DEFINIDO,Inexistentes,Calçada,Fora da intersecção,Bom tempo,Em pleno dia,Seco e limpo,0,0,1,Arruamento sem separador,Via Secundária,1513,,Rua Gregório Lopes,Sem GPS - estimado,2019,7,12,12,Tarde,Verão,1,0,3,1,0,1,0,0,0,0,0,0,0,0,0,0,0,1,0,0,0,0,1
1441,20191717125,2019-07-14 03:00:00,Domingo,NÃO DEFINIDO,38.7060689999999,-9.1507705,Direita,Dentro das localidades,Estrela,,Atropelamento,Atropelamento de peões,Recta,Em patamar,Berma pavimentada,Em plena via,Em estado regular,Estrada sem separador,Dois sentidos,Com marcas,Inexistentes,NÃO DEFINIDO,Inexistentes,Betuminoso,Fora da intersecção,Bom tempo,"Noite, sem iluminação",Seco e limpo,0,0,1,Arruamento sem separador,Via Secundária,32,,Rua Cintura do Porto de Lisboa,Sem GPS - estimado,2019,7,14,3,Madrugada,Verão,0,0,3,1,0,1,0,0,0,0,0,0,0,0,0,0,0,1,0,0,0,0,1
1442,20191717132,2019-07-17 14:00:00,Quarta-Feira,NÃO DEFINIDO,38.7715713999999,-9.1126267,Direita,Dentro das localidades,Santa Maria dos Olivais,Lisboa,Atropelamento,Atropelamento de peões,Curva,Com inclinação,Sem berma ou impraticável,No passeio,Em bom estado,Estrada sem separador,Sentido único,Sem marcas rodoviárias ou pouco visíveis,Inexistentes,Outros,Inexistentes,Betuminoso,Fora da intersecção,Bom tempo,Em pleno dia,Seco e limpo,0,1,0,Arruamento sem separador,Via Secundária,26,,Circular Sul do Bairro da Encarnação,Sem GPS - estimado,2019,7,17,14,Tarde,Verão,1,1,10,1,0,1,0,0,0,0,0,0,0,0,0,0,0,1,0,0,0,0,1
1443,20191717133,2019-07-14 01:15:00,Domingo,No sentido crescente da quilometragem,38.7485799,-9.1319322,Direita,Dentro das localidades,Alvalade,,Atropelamento,Atropelamento com fuga,Recta,Em patamar,Sem berma ou impraticável,Em plena via,Em bom estado,Outra via,Sentido único,Com marcas,Inexistentes,NÃO DEFINIDO,A funcionar normalmente,Betuminoso,Em cruzamento,Bom tempo,"Noite, com iluminação",Seco e limpo,0,0,1,Arruamento com separador,Via Secundária,5,,Avenida Estados Unidos da América,Sem GPS - estimado,2019,7,14,1,Madrugada,Verão,0,0,3,1,0,1,0,0,0,0,0,0,0,0,0,0,0,1,0,0,0,0,1