,IdAcidente,Datahora,Dia da Semana,Sentidos,Latitude GPS,Longitude GPS,Via Trânsito,Localizações,Freguesia,Pov. Proxima,Tipo Natureza,Natureza,Tipo de Traçado,Inclinação do Traçado,Berma do Traçado,Localização do Traçado,Estado Conservação,Características Tecnicas,Reg Circulação,Marca Via,Obstáculos,Sinais,Sinais Luminosos,Tipo Piso,Intersecção Vias,Factores Atmosféricos,Luminosidade,Cond Aderência,VM,FG,FL,Tipos Vias,Via,Num arruamento,Km,Nome arruamento,Localização 2,Ano,Mês,Dia,Hora,Periodo,Estação,Dia Util,Gravidade,Indicador de Gravidade,Veículos envolvidos,Passageiros envolvidos,Peões envolvidos,Inf/Ação: Abertura de porta,Inf/Ação: Desrespeito da sinalização semafórica,Inf/Ação: Desrespeito da sinalização vertical,Inf/Ação: Desrespeito das distâncias de segurança,Inf/Ação: Desrespeito das marcas rodoviárias,Inf/Ação: Encandeamento,Inf/Ação: Manobra irregular,Inf/Ação: Não sinalização da manobra,Inf/Ação: Obstáculo imprevisto na faixa de rodagem,Inf/Ação: Rebentamento de pneumático,Inf/Ação: Velocidade excessiva para as condições existentes,Automóvel ligeiro,Automóvel pesado,Motociclos/Ciclomotores,Outros Veículos,Velocípedes,Peões
1444,20191717139,2019-07-14 02:30:00,Domingo,No sentido decrescente da quilometragem,38.7067776,-9.1434009,Esquerda,Dentro das localidades,Misericórdia,,Atropelamento,Atropelamento de peões,Curva,Em patamar,Berma pavimentada,Em plena via,Em bom estado,Outra via,Sentido único,Com marcas,Inexistentes,NÃO DEFINIDO,A funcionar normalmente,Betuminoso,Em entroncamento,Bom tempo,"Noite, com iluminação",Seco e limpo,0,0,1,Arruamento com separador,Via Secundária,54,,Praça Duque Terceira,Sem GPS - estimado,2019,7,14,2,Madrugada,Verão,0,0,3,1,0,1,0,0,0,0,0,0,0,0,0,0,0,1,0,0,0,0,1
1445,20191717147,2019-07-12 10:55:00,Sexta-Feira,NÃO DEFINIDO,,,Esquerda,Dentro das localidades,Campo de Ourique,Lisboa,Colisão,Colisão com outras situações,Recta,Em patamar,Berma pavimentada,Em plena via,Em estado regular,Estrada sem separador,Dois sentidos,Com marcas,Inexistentes,Outros,A funcionar normalmente,Betuminoso,Fora da intersecção,Bom tempo,Em pleno dia,Seco e limpo,0,0,1,Arruamento sem separador,Via Secundária,1D,,Rua Joshua Benoliel,Sem GPS - não estimado,2019,7,12,10,Manhã,Verão,1,0,3,2,0,0,0,0,0,0,0,0,1,0,0,0,0,1,0,1,0,0,0
1446,20191717152,2019-07-14 00:10:00,Domingo,No sentido crescente da quilometragem,38.7049739,-9.1590687,Esquerda,Dentro das localidades,Estrela,Lisboa,Despiste,Despiste simples,Recta,Em patamar,Berma pavimentada,Em plena via,Em estado regular,Outra via,Sentido único,Com marcas,Inexistentes,Outros,A funcionar normalmente,Betuminoso,Fora da intersecção,Bom tempo,"Noite, com iluminação",Seco e limpo,0,0,1,Arruamento com separador,Via Secundária,58,,Avenida 24 de Julho,Sem GPS - estimado,2019,7,14,0,Madrugada,Verão,0,0,3,1,1,0,0,0,0,0,0,0,0,0,0,0,0,1,0,0,0,0,0
1447,20191717156,2019-07-17 13:00:00,Quarta-Feira,NÃO DEFINIDO,38.7620308999999,-9.1709745,Esquerda,Dentro das localidades,Lumiar,Lisboa,Atropelamento,Atropelamento de peões,Curva,Em patamar,Berma pavimentada,Em plena via,Em estado regular,Estrada sem separador,Dois sentidos,Com marcas,Inexistentes,Outros,A funcionar normalmente,Betuminoso,Em entroncamento,Bom tempo,Em pleno dia,Seco e limpo,0,0,1,Arruamento sem separador,Via Secundária,0,,Rua Professor João Barreira,Sem GPS - estimado,2019,7,17,13,Tarde,Verão,1,0,3,1,0,1,0,0,0,0,0,0,0,0,0,0,0,1,0,0,0,0,1
1448,20191717208,2019-07-12 13:00:00,Sexta-Feira,NÃO DEFINIDO,38.7224035,-9.1503945,Esquerda,Dentro das localidades,Santo António,,Colisão,Colisão traseira com outro veículo em movimento,Recta,Com inclinação,Berma pavimentada,Em plena via,Em estado regular,Estrada sem separador,Dois sentidos,Com marcas,Inexistentes,Outros,Inexistentes,Betuminoso,Fora da intersecção,Bom tempo,Em pleno dia,Seco e limpo,0,0,1,Arruamento sem separador,Via Secundária,40,,Rua Alexandre Herculano,Sem GPS - estimado,2019,7,12,13,Tarde,Verão,1,0,3,2,0,0,0,0,0,0,0,0,0,0,0,0,0,1,0,1,0,0,0
1449,20191717210,2019-07-12 12:30:00,Sexta-Feira,No sentido decrescente da quilometragem,38.7272287,-9.1586505,Direita,Dentro das localidades,Campolide,,Colisão,Colisão com outras situações,Recta,Em patamar,Berma pavimentada,Em plena via,Em estado regular,Outra via,Sentido único,Sem marcas rodoviárias ou pouco visíveis,Inexistentes,Outros,Inexistentes,Calçada,Em cruzamento,Bom tempo,Em pleno dia,Seco e limpo,0,0,1,Arruamento com separador,Via Secundária,102,,Rua Artilharia 1,Sem GPS - estimado,2019,7,12,12,Tarde,Verão,1,0,3,2,0,0,0,0,0,0,0,0,0,0,0,0,0,1,0,1,0,0,0
1450,20191717223,2019-07-14 20:10:00,Domingo,NÃO DEFINIDO,38.7096769999999,-9.1421556,Direita,Dentro das localidades,Santa Maria Maior,Lisboa,Atropelamento,Atropelamento de peões,Recta,Em patamar,Sem berma ou impraticável,Em plena via,Em bom estado,Estrada sem separador,Sentido único,Sem marcas rodoviárias ou pouco visíveis,Inexistentes,Outros,Inexistentes,Betuminoso,Fora da intersecção,Bom tempo,Em pleno dia,Seco e limpo,0,0,1,Arruamento sem separador,Via Secundária,12,,Largo Picadeiro,Sem GPS - estimado,2019,7,14,20,Noite,Verão,0,0,3,1,0,1,0,0,0,0,0,0,0,0,0,0,0,1,0,0,0,0,1
1451,20191717297,2019-07-18 17:20:00,Quinta-Feira,NÃO DEFINIDO,38.7457873,-9.1473663,Direita,Dentro das localidades,Avenidas Novas,,Atropelamento,Atropelamento de peões,Recta,Em patamar,Berma pavimentada,No passeio,Em bom estado,Estrada sem separador,Dois sentidos,Com marcas,Inexistentes,NÃO DEFINIDO,Inexistentes,Betuminoso,Fora da intersecção,Bom tempo,Em pleno dia,Seco e limpo,0,0,1,Arruamento sem separador,Via Secundária,78,,Avenida República,Sem GPS - estimado,2019,7,18,17,Tarde,Verão,1,0,3,1,0,1,0,0,0,0,0,0,0,0,1,0,0,0,0,0,0,1,1
1452,20191717401,2019-07-14 11:00:00,Domingo,NÃO DEFINIDO,,,Esquerda,Dentro das localidades,Avenidas Novas,,Colisão,Colisão lateral com outro veículo em movimento,Recta,Em patamar,Sem berma ou impraticável,Em plena via,Em bom estado,Outra via,Sentido único,Com marcas,Inexistentes,Outros,A funcionar normalmente,Betuminoso,Em cruzamento,Bom tempo,Em pleno dia,Seco e limpo,0,0,1,Arruamento com separador,Via Secundária,0,,Avenida Fontes Pereira de Melo,Sem GPS - não estimado,2019,7,14,11,Manhã,Verão,0,0,3,2,0,0,0,0,0,0,0,0,0,0,0,0,0,1,0,1,0,0,0
1453,20191717418,2019-07-19 14:15:00,Sexta-Feira,No sentido crescente da quilometragem,38.7246007999999,-9.1463479,Esquerda,Dentro das localidades,Santo António,Lisboa,Atropelamento,Atropelamento de peões,Curva,Com inclinação,Sem berma ou impraticável,Em plena via,Em bom estado,Outra via,Sentido único,Com marcas,Inexistentes,NÃO DEFINIDO,A funcionar normalmente,Betuminoso,Em cruzamento,Bom tempo,Em pleno dia,Seco e limpo,0,0,2,Arruamento com separador,Via Secundária,2,,Rua Alexandre Herculano,Sem GPS - estimado,2019,7,19,14,Tarde,Verão,1,0,6,1,0,1,0,0,0,0,0,0,0,0,0,0,0,0,0,1,0,0,1
1454,20191717433,2019-07-19 16:30:00,Sexta-Feira,NÃO DEFINIDO,38.7422732,-9.1383744,Direita,Dentro das localidades,Areeiro,,Atropelamento,Atropelamento de peões,Recta,Em patamar,Berma pavimentada,Em plena via,Em bom estado,Estrada sem separador,Dois sentidos,Com marcas,Inexistentes,Outros,A funcionar normalmente,Betuminoso,Em cruzamento,Bom tempo,Em pleno dia,Seco e limpo,0,0,1,Arruamento sem separador,Via Secundária,7,,Avenida Roma,Sem GPS - estimado,2019,7,19,16,Tarde,Verão,1,0,3,1,0,1,0,0,0,0,0,0,0,0,0,0,0,1,0,0,0,0,1
1455,20191717453,2019-07-19 16:15:00,Sexta-Feira,NÃO DEFINIDO,,,Direita,Dentro das localidades,Misericórdia,,Colisão,Colisão com outras situações,Recta,Em patamar,Sem berma ou impraticável,Em plena via,Em bom estado,Outra via,Sentido único,Sem marcas rodoviárias ou pouco visíveis,Inexistentes,Outros,Inexistentes,Calçada,Em via de aceleração,Bom tempo,Em pleno dia,Seco e limpo,0,0,1,Arruamento com separador,Via Secundária,0,,Praça São Paulo,Sem GPS - não estimado,2019,7,19,16,Tarde,Verão,1,0,3,1,0,0,0,0,0,0,0,0,0,0,0,0,0,0,0,0,0,1,0
1456,20191717462,2019-07-14 20:50:00,Domingo,NÃO DEFINIDO,,,Direita,Dentro das localidades,Avenidas Novas,,Colisão,Colisão lateral com outro veículo em movimento,Recta,Com inclinação,Sem berma ou impraticável,Em plena via,Em estado regular,Outra via,Sentido único,Com marcas,Inexistentes,Outros,A funcionar normalmente,Betuminoso,Em entroncamento,Bom tempo,"Noite, com iluminação",Seco e limpo,0,0,1,Arruamento com separador,Via Secundária,0,,Avenida Fontes Pereira de Melo,Sem GPS - não estimado,2019,7,14,20,Noite,Verão,0,0,3,2,0,0,0,0,0,0,0,0,0,0,0,0,0,1,0,1,0,0,0
1457,20191717489,2019-07-16 22:25:00,Terça-Feira,NÃO DEFINIDO,38.7135691,-9.1249241,Direita,Dentro das localidades,Santa Maria Maior,Lisboa,Colisão,Colisão com outras situações,Recta,Com inclinação,Sem berma ou impraticável,Em plena via,Em estado regular,Estrada sem separador,Dois sentidos,Sem marcas rodoviárias ou pouco visíveis,Inexistentes,Outros,Inexistentes,Betuminoso,Em entroncamento,Bom tempo,"Noite, com iluminação",Seco e limpo,0,0,1,Arruamento sem separador,Via Secundária,6,,Rua Museu da Artilharia,Sem GPS - estimado,2019,7,16,22,Noite,Verão,1,0,3,2,0,0,0,0,1,0,0,0,0,0,0,0,0,1,0,1,0,0,0
1458,20191717509,2019-07-15 19:00:00,Segunda-Feira,NÃO DEFINIDO,38.74029,-9.1499358,Esquerda,Dentro das localidades,Avenidas Novas,,Colisão,Colisão lateral com outro veículo em movimento,Recta,Em patamar,Sem berma ou impraticável,Em plena via,Em bom estado,Outra via,Sentido único,Com marcas,Inexistentes,Outros,A funcionar normalmente,Betuminoso,Em via de aceleração,Bom tempo,Em pleno dia,Seco e limpo,0,0,1,Arruamento com separador,Via Secundária,27,,Avenida Berna,Sem GPS - estimado,2019,7,15,19,Noite,Verão,1,0,3,2,0,0,0,0,0,0,0,0,0,0,0,0,0,1,0,1,0,0,0
1459,20191717523,2019-07-16 18:30:00,Terça-Feira,NÃO DEFINIDO,38.741627,-9.1710629,Direita,Dentro das localidades,São Domingos de Benfica,Lisboa,Colisão,Colisão com outras situações,Recta,Com inclinação,Sem berma ou impraticável,Em plena via,Em estado regular,Estrada sem separador,Dois sentidos,Sem marcas rodoviárias ou pouco visíveis,Inexistentes,Cedência de passagem,Inexistentes,Betuminoso,Em entroncamento,Bom tempo,Em pleno dia,Seco e limpo,0,0,1,Arruamento sem separador,Via Secundária,5,,Rua Furnas,Sem GPS - estimado,2019,7,16,18,Noite,Verão,1,0,3,2,0,0,0,0,1,0,0,0,0,0,0,0,0,1,0,1,0,0,0
1460,20191717525,2019-07-16 23:00:00,Terça-Feira,NÃO DEFINIDO,,,Central,Dentro das localidades,Lumiar,,Colisão,Colisão com outras situações,Recta,Em patamar,Sem berma ou impraticável,Em plena via,Em bom estado,Estrada sem separador,Dois sentidos,Com marcas,Inexistentes,Outros,A funcionar normalmente,Betuminoso,Em entroncamento,Bom tempo,"Noite, com iluminação",Seco e limpo,0,0,2,Arruamento sem separador,Via Secundária,0,,Avenida Nações Unidas,Sem GPS - não estimado,2019,7,16,23,Noite,Verão,1,0,6,2,1,0,0,1,0,0,0,0,0,0,0,0,0,1,0,0,0,0,0
1461,20191717543,2019-07-22 00:20:00,Segunda-Feira,No sentido crescente da quilometragem,38.7037819,-9.1677155,Central,Dentro das localidades,Estrela,Lisboa,Colisão,Colisão lateral com outro veículo em movimento,Recta,Em patamar,Berma pavimentada,Em plena via,Em estado regular,Outra via,Sentido único,Com marcas,Inexistentes,Outros,A funcionar normalmente,Betuminoso,Fora da intersecção,Bom tempo,"Noite, com iluminação",Seco e limpo,0,0,1,Arruamento com separador,Via Secundária,148,,Avenida 24 de Julho,Sem GPS - estimado,2019,7,22,0,Madrugada,Verão,1,0,3,2,0,0,0,0,0,0,0,0,0,0,0,0,0,1,0,0,0,1,0
1462,20191717545,2019-07-20 11:15:00,Sábado,NÃO DEFINIDO,38.71255,-9.1560756,Direita,Dentro das localidades,Estrela,,Despiste,Despiste sem dispositivo de retenção,Recta,Com inclinação,Berma pavimentada,Em plena via,Em estado regular,Estrada sem separador,Dois sentidos,Sem marcas rodoviárias ou pouco visíveis,Inexistentes,Outros,Inexistentes,Calçada,Fora da intersecção,Bom tempo,Em pleno dia,Seco e limpo,0,0,1,Arruamento sem separador,Via Secundária,101,,Calçada Estrela,Sem GPS - estimado,2019,7,20,11,Manhã,Verão,0,0,3,1,0,0,0,0,0,0,0,0,0,0,0,0,0,0,0,1,0,0,0
1463,20191717557,2019-07-15 16:30:00,Segunda-Feira,NÃO DEFINIDO,38.7383951,-9.1593216,Direita,Dentro das localidades,Avenidas Novas,,Colisão,Colisão lateral com outro veículo em movimento,Recta,Em patamar,Sem berma ou impraticável,Em plena via,Em bom estado,Estrada sem separador,Sentido único,Com marcas,Inexistentes,Outros,Intermitente,Betuminoso,Fora da intersecção,Bom tempo,Em pleno dia,Seco e limpo,0,0,1,Arruamento sem separador,Via Secundária,1,,Praça Espanha,Sem GPS - estimado,2019,7,15,16,Tarde,Verão,1,0,3,2,0,0,0,0,0,0,0,0,0,0,0,0,0,1,0,0,0,0,0
1464,20191717558,2019-07-20 12:00:00,Sábado,NÃO DEFINIDO,38.7099489,-9.1514239,Direita,Dentro das localidades,Misericórdia,Lisboa,Despiste,Despiste sem dispositivo de retenção,Recta,Em patamar,Berma pavimentada,Em plena via,Em estado regular,Estrada sem separador,Sentido único,Sem marcas rodoviárias ou pouco visíveis,Inexistentes,Outros,Inexistentes,Calçada,Fora da intersecção,Bom tempo,Em pleno dia,Seco e limpo,0,0,1,Arruamento sem separador,Via Secundária,117,,Rua Poço dos Negros,Sem GPS - estimado,2019,7,20,12,Tarde,Verão,0,0,3,1,1,0,0,0,0,0,0,0,0,0,0,0,0,0,0,1,0,0,0
1465,20191717569,2019-07-15 16:00:00,Segunda-Feira,NÃO DEFINIDO,38.7115294,-9.1638415,Esquerda,Dentro das localidades,Estrela,Lisboa,Atropelamento,Atropelamento de peões,Recta,Em patamar,Berma pavimentada,Em plena via,Em estado regular,Estrada sem separador,Dois sentidos,Sem marcas rodoviárias ou pouco visíveis,Inexistentes,Outros,A funcionar normalmente,Betuminoso,Em cruzamento,Bom tempo,Em pleno dia,Seco e limpo,0,0,1,Arruamento sem separador,Via Secundária,348,,Avenida Infante Santo,Sem GPS - estimado,2019,7,15,16,Tarde,Verão,1,0,3,1,0,1,0,0,0,0,0,0,0,0,0,0,0,1,0,0,0,0,1
1466,20191717585,2019-07-16 20:35:00,Terça-Feira,No sentido crescente da quilometragem,38.7589248,-9.1136429,Direita,Dentro das localidades,Parque das Nações,,Despiste,Despiste sem dispositivo de retenção,Recta,Em patamar,Berma pavimentada,Em plena via,Em bom estado,Outra via,Sentido único,Com marcas,Correctamente sinalizados,Outros,Inexistentes,Betuminoso,Fora da intersecção,Bom tempo,Aurora ou crepúsculo,Seco e limpo,0,0,1,Arruamento com separador,Via Secundária,1,,Avenida Marechal Gomes da Costa,Sem GPS - estimado,2019,7,16,20,Noite,Verão,1,0,3,1,0,0,0,0,0,0,0,0,0,0,0,0,0,0,0,1,0,0,0
1467,20191717600,2019-07-13 00:20:00,Sábado,NÃO DEFINIDO,38.7224886,-9.1326205,Direita,Dentro das localidades,Arroios,,Despiste,Despiste com colisão com veículo imobil. ou obstáculo,Recta,Em patamar,Sem berma ou impraticável,Em plena via,Em estado regular,Estrada sem separador,Sentido único,Com marcas,Inexistentes,Outros,Inexistentes,Calçada,Em cruzamento,Bom tempo,"Noite, com iluminação",Seco e limpo,0,0,2,Arruamento sem separador,Via Secundária,1,,Rua Maria da Fonte,Sem GPS - estimado,2019,7,13,0,Madrugada,Verão,0,0,6,3,1,0,0,0,0,0,0,0,0,0,0,0,0,1,0,0,0,0,0
1468,20191717603,2019-07-21 10:30:00,Domingo,No sentido crescente da quilometragem,38.717088,-9.13567,Direita,Dentro das localidades,Santa Maria Maior,Lisboa,Despiste,Despiste sem dispositivo de retenção,Recta,Em patamar,Berma pavimentada,Em via ou pista reservada,Em estado regular,Outra via,Sentido único,Sem marcas rodoviárias ou pouco visíveis,Inexistentes,Outros,Inexistentes,Betuminoso,Fora da intersecção,Bom tempo,Em pleno dia,Seco e limpo,0,0,2,Arruamento com separador,Via Secundária,194,,Rua Palma,Localização GPS,2019,7,21,10,Manhã,Verão,0,0,6,1,1,0,0,0,0,0,0,0,0,0,0,0,0,0,0,1,0,0,0
1469,20191717611,2019-07-12 17:50:00,Sexta-Feira,NÃO DEFINIDO,,,Direita,Dentro das localidades,Parque das Nações,Lisboa,Colisão,Colisão lateral com outro veículo em movimento,Recta,Em patamar,Berma pavimentada,Em plena via,Em bom estado,Estrada sem separador,Dois sentidos,Com marcas,Inexistentes,Cedência de passagem,Inexistentes,Betuminoso,Em cruzamento,Bom tempo,Em pleno dia,Seco e limpo,0,0,1,Arruamento sem separador,Via Secundária,0,,Rua Pólo Sul,Sem GPS - não estimado,2019,7,12,17,Tarde,Verão,1,0,3,2,0,0,0,0,1,0,0,0,0,0,0,0,0,1,0,0,0,0,0
1470,20191717626,2019-07-08 22:15:00,Segunda-Feira,NÃO DEFINIDO,38.7337761,-9.1074109,Direita,Dentro das localidades,Beato,Lisboa,Despiste,Despiste sem dispositivo de retenção,Curva,Em patamar,Berma pavimentada,Em plena via,Em estado regular,Estrada sem separador,Sentido único,Com marcas,Inexistentes,NÃO DEFINIDO,Inexistentes,Betuminoso,Fora da intersecção,Bom tempo,"Noite, com iluminação",Seco e limpo,0,0,1,Arruamento sem separador,Via Secundária,80,,Calçada Duque Lafões,Sem GPS - estimado,2019,7,8,22,Noite,Verão,1,0,3,1,0,0,0,0,0,0,0,0,0,0,0,0,0,1,0,0,0,0,0
1471,20191717628,2019-07-12 19:10:00,Sexta-Feira,No sentido crescente da quilometragem,,,Esquerda,Dentro das localidades,Parque das Nações,Lisboa,Colisão,Colisão com fuga,Recta,Em patamar,Sem berma ou impraticável,Em plena via,Em estado regular,Outra via,Sentido único,Com marcas,Inexistentes,Outros,A funcionar normalmente,Betuminoso,Fora da intersecção,Bom tempo,Em pleno dia,Seco e limpo,0,0,1,Arruamento com separador,Via Secundária,0,,Alameda Oceanos,Sem GPS - não estimado,2019,7,12,19,Noite,Verão,1,0,3,2,0,0,0,0,0,0,0,0,0,0,0,0,0,1,0,1,0,0,0
1472,20191717634,2019-07-11 11:00:00,Quinta-Feira,NÃO DEFINIDO,38.7457163,-9.169286,Direita,Dentro das localidades,São Domingos de Benfica,Lisboa,Colisão,Colisão lateral com outro veículo em movimento,Recta,Em patamar,Berma pavimentada,Em plena via,Em bom estado,Estrada sem separador,Dois sentidos,Com marcas,Inexistentes,Outros,Inexistentes,Betuminoso,Fora da intersecção,Bom tempo,Em pleno dia,Seco e limpo,0,0,1,Arruamento sem separador,Via Secundária,208,,Estrada Laranjeiras,Sem GPS - estimado,2019,7,11,11,Manhã,Verão,1,0,3,2,0,0,0,0,0,0,0,0,1,0,0,0,0,1,0,1,0,0,0
1473,20191717698,2019-07-21 16:45:00,Domingo,No sentido crescente da quilometragem,,,Direita,Dentro das localidades,Alvalade,Lisboa,Colisão,Colisão com outras situações,Recta,Em patamar,Berma pavimentada,Em plena via,Em estado regular,Outra via,Sentido único,Com marcas,Inexistentes,NÃO DEFINIDO,A funcionar normalmente,Betuminoso,Em cruzamento,Bom tempo,Em pleno dia,Seco e limpo,0,0,2,Arruamento com separador,Via Secundária,0,,Avenida Almirante Gago Coutinho,Sem GPS - não estimado,2019,7,21,16,Tarde,Verão,0,0,6,2,1,0,0,1,0,0,0,0,0,0,0,0,0,1,0,0,0,0,0
1474,20191717700,2019-07-12 09:00:00,Sexta-Feira,NÃO DEFINIDO,38.7045084,-9.1643561,Direita,Dentro das localidades,Estrela,Lisboa,Despiste,Despiste sem dispositivo de retenção,Recta,Em patamar,Berma pavimentada,Em plena via,Em estado regular,Estrada sem separador,Dois sentidos,Sem marcas rodoviárias ou pouco visíveis,Não sinalizados,NÃO DEFINIDO,A funcionar normalmente,Calçada,Fora da intersecção,Bom tempo,Em pleno dia,Escorregadio por outros fatores,0,0,1,Arruamento sem separador,Via Secundária,20,,Rua Presidente Arriaga,Sem GPS - estimado,2019,7,12,9,Manhã,Verão,1,0,3,1,0,0,0,0,0,0,0,0,0,0,0,0,0,0,0,1,0,0,0
1475,20191717702,2019-07-22 21:45:00,Segunda-Feira,NÃO DEFINIDO,38.7183992,-9.1697231,Direita,Dentro das localidades,Campo de Ourique,Lisboa,Atropelamento,Atropelamento de peões,Recta,Em patamar,Sem berma ou impraticável,Em plena via,Em bom estado,Estrada sem separador,Dois sentidos,Com marcas,Inexistentes,Passagem de peões,Inexistentes,Betuminoso,Em entroncamento,Bom tempo,"Noite, com iluminação",Seco e limpo,0,0,2,Arruamento sem separador,Via Secundária,45,,Rua Sampaio Bruno,Sem GPS - estimado,2019,7,22,21,Noite,Verão,1,0,6,2,0,1,0,0,0,0,0,0,0,0,0,0,0,1,0,0,0,0,1
1476,20191717718,2019-07-22 21:10:00,Segunda-Feira,NÃO DEFINIDO,38.75618,-9.185424,Direita,Dentro das localidades,Carnide,,Colisão,Colisão com veiculo ou obstáculo na faixa de rodagem,Recta,Em patamar,Berma pavimentada,Em plena via,Em estado regular,Estrada sem separador,Dois sentidos,Com marcas,Inexistentes,Passagem de peões,A funcionar normalmente,Betuminoso,Fora da intersecção,Bom tempo,"Noite, com iluminação",Seco e limpo,0,0,1,Arruamento sem separador,Via Secundária,0,,Avenida Colégio Militar,Localização GPS,2019,7,22,21,Noite,Verão,1,0,3,2,0,0,0,0,0,0,0,0,0,0,0,0,0,1,0,0,0,1,0
1477,20191717729,2019-07-21 11:15:00,Domingo,NÃO DEFINIDO,38.7312845,-9.13668539999999,Esquerda,Dentro das localidades,Arroios,Lisboa,Atropelamento,Atropelamento de peões,Recta,Em patamar,Sem berma ou impraticável,Em plena via,Em bom estado,Estrada sem separador,Dois sentidos,Com marcas,Inexistentes,Outros,Inexistentes,Betuminoso,Em entroncamento,Bom tempo,Em pleno dia,Seco e limpo,0,0,1,Arruamento sem separador,Via Secundária,17,,Rua Pascoal de Melo,Sem GPS - estimado,2019,7,21,11,Manhã,Verão,0,0,3,1,0,1,0,0,0,0,0,0,0,0,0,0,0,1,0,0,0,0,1
1478,20191717784,2019-07-14 00:05:00,Domingo,NÃO DEFINIDO,,,Direita,Dentro das localidades,Estrela,,Colisão,Colisão com outras situações,Recta,Com inclinação,Berma pavimentada,Em plena via,Em bom estado,Estrada sem separador,Dois sentidos,Sem marcas rodoviárias ou pouco visíveis,Inexistentes,Outros,Inexistentes,Betuminoso,Fora da intersecção,Bom tempo,"Noite, com iluminação",Seco e limpo,0,0,1,Arruamento sem separador,Via Secundária,0,,Rua São Bento,Sem GPS - não estimado,2019,7,14,0,Madrugada,Verão,0,0,3,2,0,0,0,0,0,0,0,0,0,0,0,0,0,1,0,1,0,0,0
1479,20191717798,2019-07-15 14:00:00,Segunda-Feira,No sentido crescente da quilometragem,,,Direita,Fora das localidades,Alcântara,,Despiste,Despiste com dispositivo de retenção,Curva,Em patamar,Berma pavimentada,Em plena via,Em estado regular,Auto-estrada,Sentido único,Com marcas,Inexistentes,NÃO DEFINIDO,Inexistentes,Betuminoso,Em via de aceleração,Bom tempo,Em pleno dia,Seco e limpo,0,0,1,A  - Auto-Estrada,A2-PNT25ABRIL,,0.15,,Sem GPS - não estimado,2019,7,15,14,Tarde,Verão,1,0,3,1,0,0,0,0,0,0,0,0,0,0,0,0,0,0,0,1,0,0,0
1480,20191717824,2019-07-17 12:00:00,Quarta-Feira,NÃO DEFINIDO,38.7352903,-9.1313368,Direita,Dentro das localidades,Penha de França,,Atropelamento,Atropelamento de peões,Recta,Em patamar,Sem berma ou impraticável,Em plena via,Em estado regular,Estrada sem separador,Sentido único,Com marcas,Inexistentes,Passagem de peões,Inexistentes,Betuminoso,Em entroncamento,Bom tempo,Em pleno dia,Seco e limpo,0,0,1,Arruamento sem separador,Via Secundária,67,,Rua Carvalho Araújo,Sem GPS - estimado,2019,7,17,12,Tarde,Verão,1,0,3,1,0,1,0,0,0,0,0,0,0,0,0,0,0,1,0,0,0,0,1
1481,20191717865,2019-07-19 00:30:00,Sexta-Feira,No sentido crescente da quilometragem,38.7738799,-9.0975189,Direita,Dentro das localidades,Parque das Nações,Lisboa,Despiste,Despiste com colisão com veículo imobil. ou obstáculo,Curva,Com inclinação,Sem berma ou impraticável,Em plena via,Em mau estado,Outra via,Sentido único,Sem marcas rodoviárias ou pouco visíveis,Inexistentes,Outros,Inexistentes,Betão de cimento,Fora da intersecção,Bom tempo,"Noite, com iluminação",Seco e limpo,0,0,1,Arruamento com separador,Via Secundária,90,,Avenida Dom João II,Sem GPS - estimado,2019,7,19,0,Madrugada,Verão,1,0,3,1,0,0,0,0,0,0,0,0,0,0,0,0,0,1,0,0,0,0,0
1482,20191717867,2019-07-18 19:50:00,Quinta-Feira,NÃO DEFINIDO,38.760201,-9.118025,Central,Dentro das localidades,Santa Maria dos Olivais,,Colisão,Colisão lateral com outro veículo em movimento,Curva,Com inclinação,Sem berma ou impraticável,Em plena via,Em estado regular,Estrada sem separador,Sentido único,Com marcas,Inexistentes,Outros,A funcionar normalmente,Betuminoso,Em rotunda,Bom tempo,Em pleno dia,Seco e limpo,0,0,1,Arruamento sem separador,Via Secundária,37,,Avenida Marechal Gomes da Costa,Localização GPS,2019,7,18,19,Noite,Verão,1,0,3,2,0,0,0,0,0,0,0,1,0,0,0,0,0,1,0,1,0,0,0
1483,20191717880,2019-07-22 12:30:00,Segunda-Feira,No sentido decrescente da quilometragem,,,Direita,Dentro das localidades,Lumiar,Lisboa,Colisão,Colisão com outras situações,Recta,Com inclinação,NÃO DEFINIDO,Em via ou pista reservada,Em mau estado,Outra via,Sentido único,Sem marcas rodoviárias ou pouco visíveis,Inexistentes,Outros,Inexistentes,Betão de cimento,Fora da intersecção,Bom tempo,Em pleno dia,Seco e limpo,0,0,1,Arruamento com separador,Via Secundária,0,,Eixo Central,Sem GPS - não estimado,2019,7,22,12,Tarde,Verão,1,0,3,1,0,0,0,0,0,0,0,0,0,0,0,0,0,0,0,0,0,1,0
1484,20191718012,2019-07-13 18:30:00,Sábado,NÃO DEFINIDO,,,Central,Dentro das localidades,Penha de França,Lisboa,Colisão,Colisão com outras situações,Recta,Com inclinação,Sem berma ou impraticável,Em plena via,Em estado regular,Estrada sem separador,Dois sentidos,Com marcas,Inexistentes,Outros,A funcionar normalmente,Betuminoso,Em cruzamento,Bom tempo,Em pleno dia,Seco e limpo,0,0,1,Arruamento sem separador,Via Secundária,0.00,,Praça Paiva Couceiro,Sem GPS - não estimado,2019,7,13,18,Noite,Verão,0,0,3,4,0,0,0,1,0,0,0,0,0,0,0,0,0,1,0,0,0,0,0