,IdAcidente,Datahora,Dia da Semana,Sentidos,Latitude GPS,Longitude GPS,Via Trânsito,Localizações,Freguesia,Pov. Proxima,Tipo Natureza,Natureza,Tipo de Traçado,Inclinação do Traçado,Berma do Traçado,Localização do Traçado,Estado Conservação,Características Tecnicas,Reg Circulação,Marca Via,Obstáculos,Sinais,Sinais Luminosos,Tipo Piso,Intersecção Vias,Factores Atmosféricos,Luminosidade,Cond Aderência,VM,FG,FL,Tipos Vias,Via,Num arruamento,Km,Nome arruamento,Localização 2,Ano,Mês,Dia,Hora,Periodo,Estação,Dia Util,Gravidade,Indicador de Gravidade,Veículos envolvidos,Passageiros envolvidos,Peões envolvidos,Inf/Ação: Abertura de porta,Inf/Ação: Desrespeito da sinalização semafórica,Inf/Ação: Desrespeito da sinalização vertical,Inf/Ação: Desrespeito das distâncias de segurança,Inf/Ação: Desrespeito das marcas rodoviárias,Inf/Ação: Encandeamento,Inf/Ação: Manobra irregular,Inf/Ação: Não sinalização da manobra,Inf/Ação: Obstáculo imprevisto na faixa de rodagem,Inf/Ação: Rebentamento de pneumático,Inf/Ação: Velocidade excessiva para as condições existentes,Automóvel ligeiro,Automóvel pesado,Motociclos/Ciclomotores,Outros Veículos,Velocípedes,Peões
1485,20191718039,2019-07-13 17:15:00,Sábado,NÃO DEFINIDO,,,Direita,Dentro das localidades,Estrela,Lisboa,Colisão,Colisão frontal,Curva,Com inclinação,Sem berma ou impraticável,Em plena via,Em estado regular,Estrada sem separador,Dois sentidos,Sem marcas rodoviárias ou pouco visíveis,Inexistentes,Outros,Inexistentes,Betuminoso,Fora da intersecção,Bom tempo,Em pleno dia,Seco e limpo,0,0,1,Arruamento sem separador,Via Secundária,0.0,,Avenida Infante Santo,Sem GPS - não estimado,2019,7,13,17,Tarde,Verão,0,0,3,2,0,0,0,0,0,0,0,0,0,0,0,0,0,1,0,0,0,0,0
1486,20191718071,2019-07-18 13:00:00,Quinta-Feira,No sentido crescente da quilometragem,38.7473446999999,-9.14116669999999,Direita,Dentro das localidades,Alvalade,Lisboa,Atropelamento,Atropelamento de peões,Recta,Em patamar,Sem berma ou impraticável,Em plena via,Em bom estado,Outra via,Sentido único,Sem marcas rodoviárias ou pouco visíveis,Inexistentes,Outros,Inexistentes,Betuminoso,Fora da intersecção,Bom tempo,Em pleno dia,Seco e limpo,0,0,1,Arruamento com separador,Via Secundária,51,,Avenida Roma,Sem GPS - estimado,2019,7,18,13,Tarde,Verão,1,0,3,1,0,1,0,0,0,0,0,0,0,0,0,0,0,1,0,0,0,0,1
1487,20191718081,2019-07-24 18:30:00,Quarta-Feira,NÃO DEFINIDO,38.7185344999999,-9.15681069999999,Esquerda,Dentro das localidades,Campo de Ourique,,Atropelamento,Atropelamento de peões,Recta,Com inclinação,Berma pavimentada,Em plena via,Em bom estado,Estrada sem separador,Dois sentidos,Com marcas,Inexistentes,Passagem de peões,Inexistentes,Betuminoso,Fora da intersecção,Bom tempo,Em pleno dia,Seco e limpo,0,0,1,Arruamento sem separador,Via Secundária,46,,Avenida Álvares Cabral,Sem GPS - estimado,2019,7,24,18,Noite,Verão,1,0,3,1,0,1,0,0,0,0,0,0,0,0,0,0,0,1,0,0,0,0,1
1488,20191718119,2019-07-19 16:50:00,Sexta-Feira,No sentido decrescente da quilometragem,38.7664269,-9.1559207,Direita,Dentro das localidades,Lumiar,,Colisão,Colisão lateral com outro veículo em movimento,Recta,Com inclinação,Berma pavimentada,Em plena via,Em estado regular,Outra via,Sentido único,Sem marcas rodoviárias ou pouco visíveis,Inexistentes,Passagem de peões,Inexistentes,Betuminoso,Fora da intersecção,Bom tempo,Em pleno dia,Seco e limpo,0,0,1,Arruamento com separador,Via Secundária,12,,Avenida Maria Helena Vieira da Silva,Sem GPS - estimado,2019,7,19,16,Tarde,Verão,1,0,3,3,0,0,0,0,0,0,0,0,0,0,0,0,0,1,0,0,0,0,0
1489,20191718131,2019-07-19 14:30:00,Sexta-Feira,NÃO DEFINIDO,38.7099489,-9.1514239,Direita,Dentro das localidades,Misericórdia,,Despiste,Despiste sem dispositivo de retenção,Recta,Em patamar,Berma pavimentada,Em plena via,Em estado regular,Estrada sem separador,Sentido único,Sem marcas rodoviárias ou pouco visíveis,Inexistentes,NÃO DEFINIDO,Inexistentes,Calçada,Fora da intersecção,Bom tempo,Em pleno dia,Seco e limpo,0,0,1,Arruamento sem separador,Via Secundária,126,,Rua Poço dos Negros,Sem GPS - estimado,2019,7,19,14,Tarde,Verão,1,0,3,1,0,0,0,0,0,0,0,0,0,0,0,0,0,0,0,1,0,0,0
1490,20191718132,2019-07-19 08:50:00,Sexta-Feira,NÃO DEFINIDO,,,Esquerda,Dentro das localidades,Carnide,,Colisão,Colisão traseira com outro veículo em movimento,Recta,Em patamar,Berma pavimentada,Em plena via,Em bom estado,Outra via,Sentido único,Com marcas,Inexistentes,Outros,A funcionar normalmente,Betuminoso,Em via de aceleração,Bom tempo,Em pleno dia,Seco e limpo,0,0,1,Arruamento com separador,Via Secundária,0,,Avenida Nações Unidas,Sem GPS - não estimado,2019,7,19,8,Manhã,Verão,1,0,3,2,0,0,0,0,0,0,0,0,0,0,0,0,0,1,0,1,0,0,0
1491,20191718133,2019-07-23 18:05:00,Terça-Feira,NÃO DEFINIDO,38.7619054,-9.1333771,Direita,Dentro das localidades,Lumiar,,Atropelamento,Atropelamento de peões,Recta,Com inclinação,Berma pavimentada,Em plena via,Em estado regular,Estrada sem separador,Dois sentidos,Sem marcas rodoviárias ou pouco visíveis,Inexistentes,Passagem de peões,Inexistentes,Betuminoso,Em cruzamento,NÃO DEFINIDO,Em pleno dia,Seco e limpo,0,0,1,Arruamento sem separador,Via Secundária,1,,Rua F,Sem GPS - estimado,2019,7,23,18,Noite,Verão,1,0,3,1,0,1,0,0,0,0,0,0,0,0,0,0,0,1,0,0,0,0,1
1492,20191718163,2019-07-19 19:30:00,Sexta-Feira,NÃO DEFINIDO,,,Direita,Dentro das localidades,Estrela,,Colisão,Colisão com outras situações,Recta,Em patamar,Berma pavimentada,Em plena via,Em estado regular,Estrada sem separador,Dois sentidos,Com marcas,Inexistentes,Outros,Inexistentes,Betuminoso,Fora da intersecção,Bom tempo,Em pleno dia,Seco e limpo,0,0,1,Arruamento sem separador,Via Secundária,0.0,,Cais Rocha de Conde D'Óbidos,Sem GPS - não estimado,2019,7,19,19,Noite,Verão,1,0,3,1,0,0,0,0,0,0,0,0,0,0,0,0,0,0,0,0,0,1,0
1493,20191718185,2019-07-19 08:00:00,Sexta-Feira,No sentido crescente da quilometragem,,,Esquerda,Fora das localidades,Santa Maria dos Olivais,,Colisão,Colisão com outras situações,Recta,Com inclinação,Berma pavimentada,Em plena via,Em estado regular,Auto-estrada,Sentido único,Com marcas,Inexistentes,Outros,Inexistentes,Betuminoso,Fora da intersecção,Bom tempo,Em pleno dia,Seco e limpo,0,0,1,A  - Auto-Estrada,A1,,0.7,,Sem GPS - não estimado,2019,7,19,8,Manhã,Verão,1,0,3,2,0,0,0,0,0,0,0,0,0,0,0,0,0,1,0,0,0,0,0
1494,20191718196,2019-07-19 08:00:00,Sexta-Feira,NÃO DEFINIDO,,,Direita,Dentro das localidades,Santa Maria dos Olivais,Lisboa,Colisão,Colisão traseira com outro veículo em movimento,Recta,Em patamar,Berma pavimentada,Em plena via,Em estado regular,Estrada sem separador,Dois sentidos,Com marcas,Inexistentes,Outros,Inexistentes,Betuminoso,Fora da intersecção,Bom tempo,Em pleno dia,Seco e limpo,0,0,1,Arruamento sem separador,Via Secundária,0,,Avenida Doutor Francisco Luís Gomes,Sem GPS - não estimado,2019,7,19,8,Manhã,Verão,1,0,3,2,0,0,0,0,0,0,0,0,0,0,0,0,0,1,0,0,0,0,0
1495,20191718197,2019-07-19 11:55:00,Sexta-Feira,NÃO DEFINIDO,38.7189381,-9.1697366,Direita,Dentro das localidades,Campo de Ourique,,Colisão,Colisão frontal,Recta,Com inclinação,Berma pavimentada,Em plena via,Em estado regular,Estrada sem separador,Dois sentidos,Com marcas,Inexistentes,Outros,Inexistentes,Betuminoso,Fora da intersecção,Bom tempo,Em pleno dia,Seco e limpo,0,0,1,Arruamento sem separador,Via Secundária,57,,Rua Sampaio Bruno,Sem GPS - estimado,2019,7,19,11,Manhã,Verão,1,0,3,2,0,0,0,0,0,0,0,0,0,0,0,0,0,1,0,1,0,0,0
1496,20191718242,2019-07-24 15:48:00,Quarta-Feira,NÃO DEFINIDO,38.6915837,-9.2159773,Direita,Dentro das localidades,Belém,Lisboa,Atropelamento,Atropelamento de peões,Recta,Em patamar,Sem berma ou impraticável,Em via ou pista reservada,Em bom estado,Estrada sem separador,Dois sentidos,Sem marcas rodoviárias ou pouco visíveis,Inexistentes,NÃO DEFINIDO,Inexistentes,Betuminoso,Fora da intersecção,Bom tempo,Em pleno dia,Seco e limpo,0,0,1,Arruamento sem separador,Via Secundária,0,,Avenida Brasília,Sem GPS - estimado,2019,7,24,15,Tarde,Verão,1,0,3,1,0,1,0,0,0,0,0,0,0,0,0,0,0,0,0,0,0,1,1
1497,20191718291,2019-07-25 08:40:00,Quinta-Feira,NÃO DEFINIDO,38.7056088,-9.1581861,Esquerda,Dentro das localidades,Estrela,Lisboa,Colisão,Colisão traseira com outro veículo em movimento,Recta,Em patamar,Sem berma ou impraticável,Em plena via,Em estado regular,Outra via,Sentido único,Com marcas,Inexistentes,Outros,A funcionar normalmente,Betuminoso,Fora da intersecção,Bom tempo,Em pleno dia,Seco e limpo,0,0,1,Arruamento com separador,Via Secundária,76,,Avenida 24 de Julho,Sem GPS - estimado,2019,7,25,8,Manhã,Verão,1,0,3,4,0,0,0,0,0,1,0,0,0,0,0,0,0,1,0,1,0,0,0
1498,20191718296,2019-07-20 13:25:00,Sábado,NÃO DEFINIDO,,,Direita,Dentro das localidades,Santa Maria dos Olivais,Lisboa,Colisão,Colisão com outras situações,Recta,Em patamar,Berma pavimentada,Em plena via,Em estado regular,Outra via,Sentido único,Com marcas,Inexistentes,Outros,Inexistentes,Betuminoso,Fora da intersecção,Bom tempo,Em pleno dia,Seco e limpo,0,0,2,Arruamento com separador,Via Secundária,0,,Avenida Cidade do Porto,Sem GPS - não estimado,2019,7,20,13,Tarde,Verão,0,0,6,2,0,0,0,0,0,0,0,0,0,0,0,0,0,1,0,0,0,0,0
1499,20191718312,2019-07-25 12:00:00,Quinta-Feira,NÃO DEFINIDO,38.7427586,-9.1327971,Direita,Dentro das localidades,Alvalade,Lisboa,Colisão,Colisão traseira com outro veículo em movimento,Recta,Com inclinação,Sem berma ou impraticável,Em plena via,Em estado regular,Outra via,Sentido único,Com marcas,Inexistentes,Outros,A funcionar normalmente,Calçada,Fora da intersecção,Bom tempo,Em pleno dia,Seco e limpo,0,0,1,Arruamento com separador,Via Secundária,2,,Avenida Almirante Gago Coutinho,Sem GPS - estimado,2019,7,25,12,Tarde,Verão,1,0,3,2,0,0,0,0,0,0,0,0,1,0,0,0,0,1,0,0,0,0,0
1500,20191718314,2019-07-25 08:00:00,Quinta-Feira,No sentido decrescente da quilometragem,,,Direita,Dentro das localidades,Campo de Ourique,,Colisão,Colisão com fuga,Curva,Com inclinação,Sem berma ou impraticável,Em plena via,Em bom estado,Outra via,Sentido único,Com marcas,Inexistentes,Outros,Inexistentes,Betuminoso,Fora da intersecção,Bom tempo,Em pleno dia,Seco e limpo,0,0,1,Arruamento com separador,Via Secundária,0,,Avenida Engenheiro Duarte Pacheco,Sem GPS - não estimado,2019,7,25,8,Manhã,Verão,1,0,3,1,0,0,0,0,0,1,0,0,0,0,0,0,0,0,0,1,0,0,0
1501,20191718384,2019-07-20 19:15:00,Sábado,NÃO DEFINIDO,,,Direita,Dentro das localidades,Alvalade,,Colisão,Colisão com outras situações,Recta,Em patamar,Berma pavimentada,Em plena via,Em estado regular,Estrada sem separador,Dois sentidos,Com marcas,Inexistentes,Outros,A funcionar normalmente,Betuminoso,Em cruzamento,Bom tempo,Em pleno dia,Seco e limpo,0,0,3,Arruamento sem separador,Via Secundária,0,,Avenida Forças Armadas,Sem GPS - não estimado,2019,7,20,19,Noite,Verão,0,0,9,2,1,0,0,1,0,0,0,0,0,0,0,0,0,1,0,0,0,0,0
1502,20191718390,2019-07-14 13:00:00,Domingo,NÃO DEFINIDO,,,Direita,Dentro das localidades,Estrela,,Colisão,Colisão frontal,Curva,Em patamar,Berma pavimentada,Em plena via,Em estado regular,Estrada sem separador,Dois sentidos,Com marcas,Inexistentes,Outros,Inexistentes,Calçada,Em entroncamento,Bom tempo,Em pleno dia,Seco e limpo,0,0,1,Arruamento sem separador,Via Secundária,0,,Calçada Ribeiro Santos,Sem GPS - não estimado,2019,7,14,13,Tarde,Verão,0,0,3,2,0,0,0,0,0,0,0,0,0,0,0,0,0,1,0,0,0,0,0
1503,20191718467,2019-07-26 18:45:00,Sexta-Feira,No sentido crescente da quilometragem,38.7501209,-9.1618924,Direita,Dentro das localidades,Alvalade,,Colisão,Colisão lateral com outro veículo em movimento,Recta,Com inclinação,Berma pavimentada,Em plena via,Em bom estado,Outra via,Sentido único,Com marcas,Inexistentes,Outros,A funcionar normalmente,Betuminoso,Fora da intersecção,Bom tempo,Em pleno dia,Seco e limpo,0,0,1,Arruamento com separador,Via Secundária,1,,Avenida Professor Egas Moniz,Sem GPS - estimado,2019,7,26,18,Noite,Verão,1,0,3,2,0,0,0,0,0,0,0,0,0,0,0,0,0,1,0,1,0,0,0
1504,20191718470,2019-07-25 12:50:00,Quinta-Feira,NÃO DEFINIDO,38.7109792,-9.150568,Direita,Dentro das localidades,Misericórdia,Lisboa,Colisão,Colisão com outras situações,Recta,Em patamar,Berma pavimentada,Em plena via,Em estado regular,Estrada sem separador,Sentido único,Com marcas,Inexistentes,Outros,Inexistentes,Betuminoso,Fora da intersecção,Bom tempo,Em pleno dia,Seco e limpo,0,0,1,Arruamento sem separador,Via Secundária,40,,Rua Poiais de São Bento,Sem GPS - estimado,2019,7,25,12,Tarde,Verão,1,0,3,2,1,0,0,0,0,0,0,0,0,0,0,0,0,1,0,1,0,0,0
1505,20191718480,2019-07-23 12:30:00,Terça-Feira,NÃO DEFINIDO,38.7181111,-9.1349286,Direita,Dentro das localidades,Santa Maria Maior,Lisboa,Atropelamento,Atropelamento de peões,Recta,Em patamar,Berma pavimentada,Em plena via,Em estado regular,Estrada sem separador,Sentido único,Sem marcas rodoviárias ou pouco visíveis,Inexistentes,NÃO DEFINIDO,Inexistentes,Betuminoso,Fora da intersecção,Bom tempo,Em pleno dia,Seco e limpo,0,0,1,Arruamento sem separador,Via Secundária,126,,Rua Benformoso,Sem GPS - estimado,2019,7,23,12,Tarde,Verão,1,0,3,1,0,1,0,0,0,0,0,0,0,0,0,0,0,1,0,0,0,0,1
1506,20191718494,2019-07-25 15:15:00,Quinta-Feira,NÃO DEFINIDO,38.7066937,-9.1439234,Direita,Dentro das localidades,Misericórdia,,Colisão,Colisão traseira com outro veículo em movimento,Curva,Em patamar,Berma pavimentada,Em plena via,Em bom estado,Estrada sem separador,Sentido único,Com marcas,Inexistentes,Outros,A funcionar normalmente,Betuminoso,Em entroncamento,Bom tempo,Em pleno dia,Seco e limpo,0,0,1,Arruamento sem separador,Via Secundária,1,,Praça Duque Terceira,Sem GPS - estimado,2019,7,25,15,Tarde,Verão,1,0,3,2,0,0,0,0,0,0,0,0,0,0,0,0,0,1,0,0,0,1,0
1507,20191718505,2019-07-26 09:40:00,Sexta-Feira,NÃO DEFINIDO,38.706646,-9.146281,Direita,Dentro das localidades,Estrela,,Colisão,Colisão com veiculo ou obstáculo na faixa de rodagem,Recta,Em patamar,Berma pavimentada,Em plena via,Em estado regular,Estrada sem separador,Dois sentidos,Sem marcas rodoviárias ou pouco visíveis,Inexistentes,Passagem de peões,A funcionar normalmente,Betuminoso,Fora da intersecção,Bom tempo,Em pleno dia,Seco e limpo,0,0,1,Arruamento sem separador,Via Secundária,0,,Avenida 24 de Julho,Localização GPS,2019,7,26,9,Manhã,Verão,1,0,3,3,0,0,0,0,0,0,0,0,0,0,0,0,0,1,0,1,0,0,0
1508,20191718541,2019-07-24 10:00:00,Quarta-Feira,NÃO DEFINIDO,38.7170499,-9.1207961,Direita,Dentro das localidades,São Vicente,Lisboa,Colisão,Colisão com fuga,NÃO DEFINIDO,NÃO DEFINIDO,NÃO DEFINIDO,NÃO DEFINIDO,NÃO DEFINIDO,Estrada sem separador,Dois sentidos,NÃO DEFINIDO,Inexistentes,NÃO DEFINIDO,Inexistentes,NÃO DEFINIDO,Fora da intersecção,NÃO DEFINIDO,NÃO DEFINIDO,NÃO DEFINIDO,0,0,1,Arruamento sem separador,Via Secundária,4,,Rua Diogo do Couto,Sem GPS - estimado,2019,7,24,10,Manhã,Verão,1,0,3,2,0,0,0,0,0,0,0,0,0,0,0,0,0,1,0,0,0,1,0
1509,20191718638,2019-07-26 15:20:00,Sexta-Feira,No sentido crescente da quilometragem,38.7321471,-9.1341604,Esquerda,Dentro das localidades,Arroios,Lisboa,Colisão,Colisão traseira com outro veículo em movimento,Recta,Em patamar,Sem berma ou impraticável,Em plena via,Em estado regular,Outra via,Sentido único,Com marcas,Inexistentes,Outros,Inexistentes,Betuminoso,Fora da intersecção,Bom tempo,Em pleno dia,Seco e limpo,0,0,1,Arruamento com separador,Via Secundária,126,,Avenida Almirante Reis,Sem GPS - estimado,2019,7,26,15,Tarde,Verão,1,0,3,2,0,0,0,0,0,0,0,0,0,0,0,0,0,1,0,1,0,0,0
1510,20191718643,2019-07-26 16:40:00,Sexta-Feira,NÃO DEFINIDO,,,Direita,Dentro das localidades,Arroios,Lisboa,Colisão,Colisão lateral com outro veículo em movimento,Curva,Em patamar,Berma pavimentada,Em plena via,Em estado regular,Estrada sem separador,Dois sentidos,Com marcas,Inexistentes,Cedência de passagem,Inexistentes,Betuminoso,Em cruzamento,Bom tempo,Em pleno dia,Seco e limpo,0,0,1,Arruamento sem separador,Via Secundária,0,,Rua Pascoal de Melo,Sem GPS - não estimado,2019,7,26,16,Tarde,Verão,1,0,3,2,0,0,0,0,0,0,0,0,0,0,0,0,0,1,0,1,0,0,0
1511,20191718648,2019-07-26 08:15:00,Sexta-Feira,No sentido crescente da quilometragem,38.754993,-9.144868,Direita,Dentro das localidades,Alvalade,Lisboa,Colisão,Colisão traseira com outro veículo em movimento,Recta,Em patamar,Sem berma ou impraticável,Em plena via,Em estado regular,Outra via,Sentido único,Com marcas,Inexistentes,Outros,A funcionar normalmente,Betuminoso,Fora da intersecção,Bom tempo,Em pleno dia,Seco e limpo,0,0,1,Arruamento com separador,Via Secundária,115,,Avenida Roma,Localização GPS,2019,7,26,8,Manhã,Verão,1,0,3,2,0,0,0,0,0,0,0,0,0,0,0,0,0,1,0,1,0,0,0
1512,20191718662,2019-07-22 20:30:00,Segunda-Feira,NÃO DEFINIDO,38.7037573,-9.1678382,Direita,Dentro das localidades,Estrela,Lisboa,Colisão,Colisão lateral com outro veículo em movimento,Recta,Em patamar,Berma pavimentada,Em plena via,Em estado regular,Outra via,Sentido único,Com marcas,Inexistentes,NÃO DEFINIDO,A funcionar normalmente,Betuminoso,Em cruzamento,Bom tempo,"Noite, com iluminação",Seco e limpo,0,0,1,Arruamento com separador,Via Secundária,2,,Avenida Infante Santo,Sem GPS - estimado,2019,7,22,20,Noite,Verão,1,0,3,2,0,0,0,0,0,0,0,0,0,0,0,0,0,1,0,0,0,1,0
1513,20191718668,2019-07-20 12:20:00,Sábado,NÃO DEFINIDO,,,Direita,Dentro das localidades,Lumiar,Lisboa,Colisão,Colisão com outras situações,Recta,Em patamar,Sem berma ou impraticável,Em plena via,Em mau estado,Estrada sem separador,Sentido único,Sem marcas rodoviárias ou pouco visíveis,Inexistentes,Outros,Inexistentes,Betuminoso,Fora da intersecção,Bom tempo,Em pleno dia,Seco e limpo,0,0,1,Arruamento sem separador,2ª Circular,0,,Avenida Marechal Craveiro Lopes,Sem GPS - não estimado,2019,7,20,12,Tarde,Verão,0,0,3,2,1,0,0,0,0,0,0,0,0,0,0,0,0,1,0,0,0,0,0
1514,20191718671,2019-07-16 13:37:00,Terça-Feira,NÃO DEFINIDO,38.7111416,-9.1430444,Direita,Dentro das localidades,Misericórdia,Lisboa,Colisão,Colisão com outras situações,Recta,Com inclinação,Berma pavimentada,Em plena via,Em bom estado,Estrada sem separador,Dois sentidos,Com marcas,Inexistentes,Outros,Inexistentes,Betuminoso,Fora da intersecção,Bom tempo,Em pleno dia,Seco e limpo,0,0,1,Arruamento sem separador,Via Secundária,13,,Rua da Misericórdia,Sem GPS - estimado,2019,7,16,13,Tarde,Verão,1,0,3,2,0,0,1,0,0,0,0,0,0,0,0,0,0,1,0,1,0,0,0
1515,20191718680,2019-07-20 23:58:00,Sábado,NÃO DEFINIDO,,,Direita,Dentro das localidades,Misericórdia,,Colisão,Colisão lateral com outro veículo em movimento,Recta,Em patamar,Sem berma ou impraticável,Em plena via,Em estado regular,Estrada sem separador,Dois sentidos,Com marcas,Inexistentes,Outros,Inexistentes,Betuminoso,Em entroncamento,Bom tempo,"Noite, com iluminação",Seco e limpo,0,0,1,Arruamento sem separador,Via Secundária,0,,Calçada Marquês Abrantes,Sem GPS - não estimado,2019,7,20,23,Noite,Verão,0,0,3,2,0,0,0,0,0,0,0,0,0,0,0,0,0,1,0,1,0,0,0
1516,20191718710,2019-07-26 16:15:00,Sexta-Feira,NÃO DEFINIDO,38.74691,-9.13739,Direita,Dentro das localidades,Alvalade,,Despiste,Despiste sem dispositivo de retenção,Recta,Em patamar,Sem berma ou impraticável,Em plena via,Em estado regular,Estrada sem separador,Sentido único,Sem marcas rodoviárias ou pouco visíveis,Inexistentes,Outros,Inexistentes,Betuminoso,Fora da intersecção,Bom tempo,Em pleno dia,Seco e limpo,0,0,1,Arruamento sem separador,Via Secundária,14,,Rua Antero de Figueiredo,Localização GPS,2019,7,26,16,Tarde,Verão,1,0,3,1,0,0,0,0,0,0,0,0,0,0,0,0,0,0,0,1,0,0,0
1517,20191718791,2019-07-18 18:45:00,Quinta-Feira,NÃO DEFINIDO,,,Central,Dentro das localidades,Parque das Nações,Lisboa,Colisão,Colisão lateral com outro veículo em movimento,Curva,Com inclinação,Sem berma ou impraticável,Em plena via,Em bom estado,Estrada sem separador,Dois sentidos,Com marcas,Inexistentes,Cedência de passagem,Inexistentes,Betuminoso,Em cruzamento,Bom tempo,Em pleno dia,Seco e limpo,0,0,1,Arruamento sem separador,Via Secundária,0,,Rua Polo Norte,Sem GPS - não estimado,2019,7,18,18,Noite,Verão,1,0,3,2,0,0,0,0,0,0,0,0,0,0,0,0,0,1,0,1,0,0,0
1518,20191718843,2019-07-28 00:10:00,Domingo,NÃO DEFINIDO,38.7070779,-9.1353592,Direita,Dentro das localidades,Santa Maria Maior,,Atropelamento,Atropelamento de peões,Recta,Em patamar,Sem berma ou impraticável,Em plena via,Em estado regular,Estrada sem separador,Dois sentidos,Com marcas,Inexistentes,Outros,A funcionar normalmente,Calçada,Fora da intersecção,Bom tempo,"Noite, com iluminação",Seco e limpo,0,0,2,Arruamento sem separador,Via Secundária,91,,Praça Comércio,Sem GPS - estimado,2019,7,28,0,Madrugada,Verão,0,0,6,1,1,1,0,0,0,0,0,0,0,0,0,0,0,0,0,1,0,0,1
1519,20191718849,2019-07-24 03:30:00,Quarta-Feira,NÃO DEFINIDO,38.748835,-9.09672,Direita,Dentro das localidades,Estrela,,Despiste,Despiste sem dispositivo de retenção,Curva,Em patamar,Sem berma ou impraticável,Em plena via,Em estado regular,Estrada sem separador,Dois sentidos,Com marcas,Inexistentes,Outros,Inexistentes,Betuminoso,Fora da intersecção,Bom tempo,"Noite, com iluminação",Seco e limpo,0,1,0,Arruamento sem separador,Via Secundária,1,,Rua Cintura do Porto de Lisboa,Localização GPS,2019,7,24,3,Madrugada,Verão,1,1,10,1,0,0,0,0,0,0,0,0,0,0,0,0,0,0,0,0,0,1,0
1520,20191718887,2019-07-20 00:30:00,Sábado,NÃO DEFINIDO,38.7152869,-9.1447435,Direita,Dentro das localidades,Misericórdia,Lisboa,Colisão,Colisão com veiculo ou obstáculo na faixa de rodagem,Recta,Com inclinação,Sem berma ou impraticável,Em plena via,Em estado regular,Estrada sem separador,Dois sentidos,Sem marcas rodoviárias ou pouco visíveis,Inexistentes,Outros,Inexistentes,Calçada,Fora da intersecção,Bom tempo,"Noite, com iluminação",Seco e limpo,0,0,2,Arruamento sem separador,Via Secundária,101,,Rua de São Pedro de  Alcantara,Sem GPS - estimado,2019,7,20,0,Madrugada,Verão,0,0,6,2,1,0,1,0,0,0,0,0,0,0,0,0,0,1,0,0,0,1,0
1521,20191718892,2019-07-24 23:00:00,Quarta-Feira,No sentido decrescente da quilometragem,,,Direita,Dentro das localidades,Avenidas Novas,,Colisão,Colisão com fuga,Recta,Em patamar,Berma pavimentada,Em plena via,Em estado regular,Outra via,Sentido único,Sem marcas rodoviárias ou pouco visíveis,Inexistentes,Outros,A funcionar normalmente,Betuminoso,Em cruzamento,Bom tempo,"Noite, com iluminação",Seco e limpo,0,0,1,Arruamento com separador,Via Secundária,0,,Avenida 5 de Outubro,Sem GPS - não estimado,2019,7,24,23,Noite,Verão,1,0,3,2,0,0,0,0,0,0,0,0,0,0,0,0,0,1,0,1,0,0,0
1522,20191718895,2019-07-28 13:15:00,Domingo,No sentido decrescente da quilometragem,,,Central,Fora das localidades,Alcântara,Lisboa,Colisão,Colisão com outras situações,Recta,Em patamar,Sem berma ou impraticável,Em plena via,Em estado regular,Auto-estrada,Sentido único,Com marcas,Inexistentes,Outros,Inexistentes,Betuminoso,Fora da intersecção,Bom tempo,Em pleno dia,Seco e limpo,0,0,1,A  - Auto-Estrada,A2-PNT25ABRIL,,3.65,,Sem GPS - não estimado,2019,7,28,13,Tarde,Verão,0,0,3,2,1,0,0,0,0,0,0,0,0,0,0,0,0,1,0,0,0,0,0
1523,20191718909,2019-07-22 16:05:00,Segunda-Feira,No sentido decrescente da quilometragem,,,Central,Dentro das localidades,Lumiar,Lisboa,Colisão,Colisão traseira com outro veículo em movimento,Recta,Em patamar,Sem berma ou impraticável,Em plena via,Em estado regular,Outra via,Sentido único,Com marcas,Inexistentes,Outros,Inexistentes,Betuminoso,Fora da intersecção,Bom tempo,Em pleno dia,Seco e limpo,0,0,1,Arruamento com separador,2ª Circular,0.00,,Avenida General Norton de Matos,Sem GPS - não estimado,2019,7,22,16,Tarde,Verão,1,0,3,2,0,0,0,0,0,0,0,0,0,0,0,0,1,1,0,0,0,0,0
1524,20191718932,2019-07-13 14:15:00,Sábado,NÃO DEFINIDO,,,Direita,Dentro das localidades,Benfica,Lisboa,Despiste,Despiste sem dispositivo de retenção,Curva,Em patamar,Sem berma ou impraticável,Em plena via,Em estado regular,Estrada sem separador,Sentido único,Com marcas,Inexistentes,Outros,Inexistentes,Betuminoso,Fora da intersecção,Bom tempo,Em pleno dia,Seco e limpo,0,0,2,Arruamento sem separador,Via Secundária,0.00,,Rotunda Pina Manique,Sem GPS - não estimado,2019,7,13,14,Tarde,Verão,0,0,6,1,2,0,0,0,0,0,0,0,0,0,0,0,1,1,0,0,0,0,0
1525,20191718937,2019-07-19 21:15:00,Sexta-Feira,NÃO DEFINIDO,,,Direita,Dentro das localidades,Parque das Nações,,Despiste,Despiste com dispositivo de retenção,Curva,Em patamar,Sem berma ou impraticável,Em plena via,Em estado regular,Outra via,Sentido único,Com marcas,Inexistentes,Outros,Inexistentes,Betuminoso,Em rotunda,Bom tempo,"Noite, com iluminação",NÃO DEFINIDO,0,0,1,Arruamento com separador,Via Secundária,0,,Alameda Oceanos,Sem GPS - não estimado,2019,7,19,21,Noite,Verão,1,0,3,1,0,0,0,0,0,0,0,0,0,0,0,0,0,0,0,1,0,0,0
1526,20191718945,2019-07-27 10:00:00,Sábado,NÃO DEFINIDO,,,Direita,Dentro das localidades,Benfica,,Despiste,Despiste sem dispositivo de retenção,Curva,Com inclinação,Berma pavimentada,Em plena via,Em bom estado,Estrada sem separador,Sentido único,Com marcas,Inexistentes,Outros,Inexistentes,Calçada,Fora da intersecção,Chuva,Em pleno dia,Molhado,0,0,1,Arruamento sem separador,Via Secundária,0,,Acesso da Av.Eusébio da Silva Ferreira á Av. Condes de Carnide,Sem GPS - não estimado,2019,7,27,10,Manhã,Verão,0,0,3,1,0,0,0,0,0,0,0,0,0,0,0,0,0,1,0,0,0,0,0