,IdAcidente,Datahora,Dia da Semana,Sentidos,Latitude GPS,Longitude GPS,Via Trânsito,Localizações,Freguesia,Pov. Proxima,Tipo Natureza,Natureza,Tipo de Traçado,Inclinação do Traçado,Berma do Traçado,Localização do Traçado,Estado Conservação,Características Tecnicas,Reg Circulação,Marca Via,Obstáculos,Sinais,Sinais Luminosos,Tipo Piso,Intersecção Vias,Factores Atmosféricos,Luminosidade,Cond Aderência,VM,FG,FL,Tipos Vias,Via,Num arruamento,Km,Nome arruamento,Localização 2,Ano,Mês,Dia,Hora,Periodo,Estação,Dia Util,Gravidade,Indicador de Gravidade,Veículos envolvidos,Passageiros envolvidos,Peões envolvidos,Inf/Ação: Abertura de porta,Inf/Ação: Desrespeito da sinalização semafórica,Inf/Ação: Desrespeito da sinalização vertical,Inf/Ação: Desrespeito das distâncias de segurança,Inf/Ação: Desrespeito das marcas rodoviárias,Inf/Ação: Encandeamento,Inf/Ação: Manobra irregular,Inf/Ação: Não sinalização da manobra,Inf/Ação: Obstáculo imprevisto na faixa de rodagem,Inf/Ação: Rebentamento de pneumático,Inf/Ação: Velocidade excessiva para as condições existentes,Automóvel ligeiro,Automóvel pesado,Motociclos/Ciclomotores,Outros Veículos,Velocípedes,Peões
1527,20191718947,2019-07-27 09:00:00,Sábado,No sentido decrescente da quilometragem,,,Direita,Dentro das localidades,Campolide,Lisboa,Despiste,Despiste com capotamento,Curva,Com inclinação,Berma pavimentada,Em plena via,Em estado regular,Outra via,Sentido único,Sem marcas rodoviárias ou pouco visíveis,Inexistentes,Outros,Inexistentes,Betuminoso,Fora da intersecção,Chuva,Em pleno dia,Molhado,0,0,1,Arruamento com separador,Via Secundária,0,,Avenida Ceuta,Sem GPS - não estimado,2019,7,27,9,Manhã,Verão,0,0,3,1,0,0,0,0,0,0,0,0,0,0,0,0,0,1,0,0,0,0,0
1528,20191718956,2019-07-22 16:45:00,Segunda-Feira,NÃO DEFINIDO,38.7607044,-9.1033395,Central,Dentro das localidades,Santa Maria dos Olivais,Lisboa,Colisão,Colisão choque em cadeia,Recta,Em patamar,Berma pavimentada,Em plena via,Em estado regular,Estrada sem separador,Sentido único,Com marcas,Inexistentes,Outros,Inexistentes,Betuminoso,Fora da intersecção,Bom tempo,Em pleno dia,Seco e limpo,0,0,1,Arruamento sem separador,Via Secundária,336,,Avenida Infante Dom Henrique,Sem GPS - estimado,2019,7,22,16,Tarde,Verão,1,0,3,3,1,0,0,0,0,0,0,0,0,0,0,0,0,1,0,0,0,0,0
1529,20191718997,2019-07-17 16:30:00,Quarta-Feira,No sentido crescente da quilometragem,38.7620694,-9.1033892,Direita,Dentro das localidades,Santa Maria dos Olivais,,Colisão,Colisão choque em cadeia,Recta,Com inclinação,Berma pavimentada,Em plena via,Em estado regular,Outra via,Sentido único,Com marcas,Correctamente sinalizados,Outros,Inexistentes,Betuminoso,Fora da intersecção,Bom tempo,Em pleno dia,Seco e limpo,0,0,1,Arruamento com separador,Via Secundária,10,,Avenida Infante Dom Henrique,Sem GPS - estimado,2019,7,17,16,Tarde,Verão,1,0,3,4,1,0,0,0,0,0,0,0,0,0,0,0,0,1,0,0,0,0,0
1530,20191719000,2019-07-12 12:35:00,Sexta-Feira,NÃO DEFINIDO,,,Direita,Dentro das localidades,Santa Clara,Lisboa,Colisão,Colisão com fuga,Recta,Em patamar,Berma não pavimentada,Em plena via,Em estado regular,Estrada sem separador,Dois sentidos,Sem marcas rodoviárias ou pouco visíveis,Inexistentes,Outros,Inexistentes,Betuminoso,Fora da intersecção,Bom tempo,Em pleno dia,Seco e limpo,0,0,1,Arruamento sem separador,Via Secundária,0,,Rua Grafanil,Sem GPS - não estimado,2019,7,12,12,Tarde,Verão,1,0,3,2,0,0,0,0,0,0,0,0,0,0,0,0,0,1,0,0,0,0,0
1531,20191719065,2019-07-28 13:30:00,Domingo,NÃO DEFINIDO,38.7206449,-9.159676,Esquerda,Dentro das localidades,Campo de Ourique,Lisboa,Colisão,Colisão lateral com outro veículo em movimento,Recta,Com inclinação,Berma pavimentada,Em plena via,Em estado regular,Estrada sem separador,Dois sentidos,Com marcas,Inexistentes,NÃO DEFINIDO,Inexistentes,Betuminoso,Fora da intersecção,Bom tempo,Em pleno dia,Seco e limpo,0,0,1,Arruamento sem separador,Via Secundária,24,,Rua Dom João V,Sem GPS - estimado,2019,7,28,13,Tarde,Verão,0,0,3,2,0,0,0,0,0,0,0,0,0,0,0,0,0,1,0,1,0,0,0
1532,20191719136,2019-07-26 05:00:00,Sexta-Feira,No sentido crescente da quilometragem,,,Direita,Dentro das localidades,Misericórdia,,Despiste,Despiste sem dispositivo de retenção,Recta,Em patamar,Sem berma ou impraticável,Em plena via,Em estado regular,Outra via,Sentido único,Com marcas,Inexistentes,NÃO DEFINIDO,Inexistentes,Betuminoso,Fora da intersecção,Bom tempo,"Noite, com iluminação",Seco e limpo,0,0,1,Arruamento com separador,Via Secundária,0,,Avenida 24 de Julho,Sem GPS - não estimado,2019,7,26,5,Madrugada,Verão,1,0,3,1,0,0,0,0,0,0,0,0,0,0,0,0,0,0,0,1,0,0,0
1533,20191719141,2019-07-23 10:20:00,Terça-Feira,NÃO DEFINIDO,,,Central,Dentro das localidades,Lumiar,,Colisão,Colisão com outras situações,Recta,Em patamar,Berma pavimentada,Em plena via,Em bom estado,Estrada sem separador,Sentido único,Com marcas,Inexistentes,Outros,Inexistentes,Betuminoso,Fora da intersecção,Bom tempo,Em pleno dia,Seco e limpo,0,0,1,Arruamento sem separador,Via Secundária,0,,Avenida Santos e Castro,Sem GPS - não estimado,2019,7,23,10,Manhã,Verão,1,0,3,3,0,0,0,0,0,0,0,0,0,0,0,0,0,1,0,1,0,0,0
1534,20191719148,2019-07-24 07:50:00,Quarta-Feira,NÃO DEFINIDO,,,Esquerda,Dentro das localidades,Avenidas Novas,,Colisão,Colisão com outras situações,Recta,Em patamar,Sem berma ou impraticável,Em plena via,Em bom estado,Outra via,Sentido único,Com marcas,Inexistentes,Outros,A funcionar normalmente,Betuminoso,Em cruzamento,Bom tempo,Em pleno dia,Seco e limpo,0,0,3,Arruamento com separador,Via Secundária,0,,Avenida António Augusto de Aguiar,Sem GPS - não estimado,2019,7,24,7,Manhã,Verão,1,0,9,2,3,0,0,0,0,0,0,0,0,0,0,0,0,1,0,0,0,0,0
1535,20191719164,2019-07-24 22:47:00,Quarta-Feira,NÃO DEFINIDO,,,Direita,Dentro das localidades,Santa Clara,,Colisão,Colisão traseira com outro veículo em movimento,Recta,Em patamar,Berma pavimentada,Em plena via,Em estado regular,Estrada sem separador,Dois sentidos,Com marcas,Inexistentes,Outros,A funcionar normalmente,Betuminoso,Em cruzamento,Bom tempo,"Noite, com iluminação",Seco e limpo,0,0,1,Arruamento sem separador,Via Secundária,0,,Rua Professor José Pinto Correia,Sem GPS - não estimado,2019,7,24,22,Noite,Verão,1,0,3,2,0,0,0,0,0,0,0,0,0,0,0,0,0,1,0,1,0,0,0
1536,20191719168,2019-07-23 07:00:00,Terça-Feira,NÃO DEFINIDO,,,Direita,Dentro das localidades,Santa Maria dos Olivais,,Despiste,Despiste sem dispositivo de retenção,Recta,Em patamar,Berma pavimentada,Em parque de estacionamento,Em estado regular,Estrada sem separador,Sentido único,Sem marcas rodoviárias ou pouco visíveis,Inexistentes,Outros,Inexistentes,Betão de cimento,Fora da intersecção,Bom tempo,Em pleno dia,Seco e limpo,0,0,1,Arruamento sem separador,Via Secundária,0,,Avenida Berlim,Sem GPS - não estimado,2019,7,23,7,Manhã,Verão,1,0,3,1,0,0,0,0,0,0,0,0,0,0,0,0,0,1,0,0,0,0,0
1537,20191719283,2019-07-29 14:10:00,Segunda-Feira,NÃO DEFINIDO,,,Esquerda,Dentro das localidades,Alcântara,,Colisão,Colisão lateral com outro veículo em movimento,Curva,Em patamar,Berma pavimentada,Em plena via,Em estado regular,Outra via,Sentido único,Com marcas,Inexistentes,Outros,A funcionar normalmente,Betuminoso,Fora da intersecção,Bom tempo,Em pleno dia,Seco e limpo,0,0,1,Arruamento com separador,Via Secundária,0,,Avenida Ceuta,Sem GPS - não estimado,2019,7,29,14,Tarde,Verão,1,0,3,2,0,0,0,0,0,0,0,0,0,0,0,0,0,1,0,0,0,0,0
1538,20191719290,2019-07-29 17:00:00,Segunda-Feira,NÃO DEFINIDO,38.7060077,-9.1573319,Direita,Dentro das localidades,Misericórdia,Lisboa,Atropelamento,Atropelamento de peões,Recta,Em patamar,Sem berma ou impraticável,Em plena via,Em estado regular,Estrada sem separador,Dois sentidos,Com marcas,Inexistentes,Outros,Inexistentes,Betuminoso,Fora da intersecção,Bom tempo,Em pleno dia,Seco e limpo,0,0,1,Arruamento sem separador,Via Secundária,66,,Avenida 24 de Julho,Sem GPS - estimado,2019,7,29,17,Tarde,Verão,1,0,3,1,0,1,0,0,0,0,0,0,0,0,0,0,0,0,1,0,0,0,1
1539,20191719331,2019-07-26 19:30:00,Sexta-Feira,NÃO DEFINIDO,38.7483667999999,-9.1925648,Direita,Dentro das localidades,Benfica,,Atropelamento,Atropelamento de peões,Recta,Com inclinação,Berma pavimentada,Em plena via,Em estado regular,Estrada sem separador,Sentido único,Sem marcas rodoviárias ou pouco visíveis,Inexistentes,NÃO DEFINIDO,Inexistentes,Betuminoso,Em ramo de ligação - entrada,Bom tempo,Em pleno dia,Seco e limpo,0,0,1,Arruamento sem separador,Via Secundária,0,,Rua Professor José Sebastião e Silva,Sem GPS - estimado,2019,7,26,19,Noite,Verão,1,0,3,1,0,1,0,0,0,0,0,0,0,0,0,0,0,1,0,0,0,0,1
1540,20191719416,2019-06-16 02:00:00,Domingo,No sentido crescente da quilometragem,38.7049738999999,-9.1590687,Direita,Dentro das localidades,Estrela,,Atropelamento,Atropelamento de peões,Recta,Em patamar,Berma pavimentada,Em plena via,Em bom estado,Outra via,Dois sentidos,Com marcas,Inexistentes,Outros,A funcionar normalmente,Betuminoso,Em entroncamento,Bom tempo,"Noite, com iluminação",Seco e limpo,0,0,1,Arruamento com separador,Via Secundária,0.00,,Avenida 24 de Julho,Sem GPS - estimado,2019,6,16,2,Madrugada,Primavera,0,0,3,1,0,1,0,0,0,0,0,0,0,0,0,0,0,1,0,0,0,0,1
1541,20191719437,2019-07-30 14:18:00,Terça-Feira,NÃO DEFINIDO,38.7097214,-9.1291173,Direita,Dentro das localidades,Santa Maria Maior,Lisboa,Colisão,Colisão frontal,Recta,Em patamar,Sem berma ou impraticável,Em plena via,Em estado regular,Estrada sem separador,Dois sentidos,Com marcas,Inexistentes,Outros,Inexistentes,Betuminoso,Em entroncamento,Bom tempo,Em pleno dia,Seco e limpo,0,0,1,Arruamento sem separador,Via Secundária,27,,Largo Terreiro do Trigo,Sem GPS - estimado,2019,7,30,14,Tarde,Verão,1,0,3,2,0,0,0,0,0,0,0,0,1,0,0,0,0,0,0,1,1,0,0
1542,20191719453,2019-07-30 13:40:00,Terça-Feira,NÃO DEFINIDO,38.7217436,-9.1289662,Direita,Dentro das localidades,São Vicente,,Atropelamento,Atropelamento de peões,Recta,Em patamar,Berma pavimentada,Em plena via,Em estado regular,Estrada sem separador,Dois sentidos,Sem marcas rodoviárias ou pouco visíveis,Inexistentes,Passagem de peões,Inexistentes,Betuminoso,Fora da intersecção,Bom tempo,Em pleno dia,Seco e limpo,0,0,1,Arruamento sem separador,Via Secundária,0,,Rua Sapadores,Sem GPS - estimado,2019,7,30,13,Tarde,Verão,1,0,3,1,0,1,0,0,0,1,0,0,0,0,0,0,0,0,0,0,1,0,1
1543,20191719457,2019-07-30 16:35:00,Terça-Feira,NÃO DEFINIDO,38.741937,-9.1738996,Direita,Dentro das localidades,São Domingos de Benfica,Lisboa,Atropelamento,Atropelamento de peões,Recta,Com inclinação,Sem berma ou impraticável,Em plena via,Em bom estado,Estrada sem separador,Dois sentidos,Com marcas,Inexistentes,Outros,A funcionar normalmente,Betuminoso,Fora da intersecção,Bom tempo,Em pleno dia,Seco e limpo,0,0,1,Arruamento sem separador,Via Secundária,19,,Rua Raúl Carapinha,Sem GPS - estimado,2019,7,30,16,Tarde,Verão,1,0,3,1,0,1,0,0,0,0,0,0,0,0,0,0,0,1,0,0,0,0,1
1544,20191719467,2019-07-26 17:15:00,Sexta-Feira,NÃO DEFINIDO,,,Direita,Dentro das localidades,Alcântara,,Despiste,Despiste sem dispositivo de retenção,Recta,Em patamar,Sem berma ou impraticável,Em plena via,Em estado regular,Estrada sem separador,Dois sentidos,Com marcas,Inexistentes,Outros,Inexistentes,Betuminoso,Fora da intersecção,Bom tempo,Em pleno dia,Seco e limpo,0,0,1,Arruamento sem separador,Via Secundária,0,,Rua João de Barros,Sem GPS - não estimado,2019,7,26,17,Tarde,Verão,1,0,3,1,0,0,0,0,0,0,0,0,0,0,0,0,0,0,0,1,0,0,0
1545,20191719471,2019-07-26 11:24:00,Sexta-Feira,NÃO DEFINIDO,,,Direita,Dentro das localidades,São Domingos de Benfica,,Despiste,Despiste sem dispositivo de retenção,Recta,Em patamar,Sem berma ou impraticável,Em plena via,Em estado regular,Estrada sem separador,Dois sentidos,Com marcas,Inexistentes,Outros,Inexistentes,Betuminoso,Em entroncamento,Bom tempo,Em pleno dia,Seco e limpo,0,0,1,Arruamento sem separador,Via Secundária,0,,Rua Abílio Mendes,Sem GPS - não estimado,2019,7,26,11,Manhã,Verão,1,0,3,1,0,0,0,0,0,0,0,0,0,0,0,0,0,0,0,1,0,0,0
1546,20191719478,2019-07-31 06:45:00,Quarta-Feira,NÃO DEFINIDO,,,Direita,Dentro das localidades,Parque das Nações,Lisboa,Colisão,Colisão lateral com outro veículo em movimento,Recta,Em patamar,Berma pavimentada,Em plena via,Em bom estado,Outra via,Sentido único,Com marcas,Inexistentes,Outros,A funcionar normalmente,Betuminoso,Em cruzamento,Bom tempo,Em pleno dia,Seco e limpo,0,0,1,Arruamento com separador,Via Secundária,0,,Avenida Marechal Gomes da Costa,Sem GPS - não estimado,2019,7,31,6,Manhã,Verão,1,0,3,2,0,0,0,1,0,0,0,0,0,0,0,0,0,1,0,0,0,1,0
1547,20191719482,2019-07-29 22:30:00,Segunda-Feira,NÃO DEFINIDO,38.746803,-9.140864,Direita,Dentro das localidades,Alvalade,Lisboa,Colisão,Colisão com fuga,Recta,Em patamar,Berma pavimentada,Em via ou pista reservada,Em estado regular,Estrada sem separador,Sentido único,Com marcas,Inexistentes,Passagem de peões,A funcionar normalmente,Betuminoso,Em entroncamento,Bom tempo,Em pleno dia,Seco e limpo,0,0,1,Arruamento sem separador,Via Secundária,45,,Avenida Roma,Localização GPS,2019,7,29,22,Noite,Verão,1,0,3,1,0,1,0,0,0,0,0,0,0,0,0,0,0,0,0,0,0,1,1
1548,20191719602,2019-07-30 16:10:00,Terça-Feira,No sentido decrescente da quilometragem,38.729482,-9.170936,Esquerda,Dentro das localidades,Campolide,,Colisão,Colisão traseira com outro veículo em movimento,Recta,Em patamar,Berma pavimentada,Em plena via,Em bom estado,Outra via,Sentido único,Com marcas,Inexistentes,Outros,Inexistentes,Betuminoso,Fora da intersecção,Bom tempo,Em pleno dia,Seco e limpo,0,0,1,IP - Itinerário Principal,IP7,,9.8,,Localização GPS,2019,7,30,16,Tarde,Verão,1,0,3,2,1,0,0,0,0,0,0,0,0,0,0,0,0,1,0,0,0,0,0
1549,20191719604,2019-07-31 09:30:00,Quarta-Feira,NÃO DEFINIDO,,,Direita,Dentro das localidades,Alcântara,Lisboa,Colisão,Colisão lateral com outro veículo em movimento,Recta,Em patamar,Berma pavimentada,Em plena via,Em bom estado,Outra via,Sentido único,Com marcas,Inexistentes,Outros,A funcionar normalmente,Betuminoso,Em entroncamento,Bom tempo,Em pleno dia,Seco e limpo,0,0,1,Arruamento com separador,Via Secundária,0,,Avenida Ceuta,Sem GPS - não estimado,2019,7,31,9,Manhã,Verão,1,0,3,2,0,0,0,0,0,0,0,0,0,1,0,0,0,1,0,1,0,0,0
1550,20191719624,2019-07-31 18:35:00,Quarta-Feira,NÃO DEFINIDO,38.76163,-9.09801,Esquerda,Dentro das localidades,Parque das Nações,Lisboa,Atropelamento,Atropelamento de peões,Recta,Com inclinação,Berma pavimentada,Em plena via,Em estado regular,Outra via,Sentido único,Com marcas,Inexistentes,Passagem de peões,Inexistentes,Betuminoso,Em entroncamento,Bom tempo,Em pleno dia,Seco e limpo,0,0,1,Arruamento com separador,Via Secundária,0,,Avenida Ulisses,Sem GPS - estimado,2019,7,31,18,Noite,Verão,1,0,3,1,0,1,0,0,0,0,0,0,0,0,0,0,1,1,0,0,0,0,1
1551,20191719631,2019-07-31 16:00:00,Quarta-Feira,NÃO DEFINIDO,38.697403,-9.18888,Direita,Dentro das localidades,Alcântara,,Despiste,Despiste sem dispositivo de retenção,Recta,Em patamar,Berma pavimentada,Em plena via,Em estado regular,Estrada sem separador,Sentido único,Sem marcas rodoviárias ou pouco visíveis,Inexistentes,Passagem de peões,A funcionar normalmente,Betuminoso,Em cruzamento,Bom tempo,Em pleno dia,Seco e limpo,0,0,1,Arruamento sem separador,Via Secundária,0,,Avenida Índia,Localização GPS,2019,7,31,16,Tarde,Verão,1,0,3,1,0,0,0,0,0,0,0,0,0,0,0,0,0,0,0,1,0,0,0
1552,20191719675,2019-07-28 21:45:00,Domingo,No sentido decrescente da quilometragem,38.7690234,-9.1018446,Direita,Dentro das localidades,Santa Maria dos Olivais,,Atropelamento,Atropelamento de peões,Recta,Em patamar,Berma pavimentada,Em plena via,Em bom estado,Outra via,Sentido único,Sem marcas rodoviárias ou pouco visíveis,Inexistentes,NÃO DEFINIDO,Inexistentes,Betuminoso,Fora da intersecção,Bom tempo,"Noite, com iluminação",Seco e limpo,0,0,1,Arruamento com separador,Via Secundária,0,,Avenida Aquilino Ribeiro Machado,Sem GPS - estimado,2019,7,28,21,Noite,Verão,0,0,3,1,0,1,0,0,0,0,0,0,0,0,0,0,0,1,0,0,0,0,1
1553,20191719678,2019-07-28 21:55:00,Domingo,NÃO DEFINIDO,38.7006609,-9.2002243,Direita,Dentro das localidades,Ajuda,Lisboa,Colisão,Colisão com outras situações,Recta,Com inclinação,Berma pavimentada,Em parque de estacionamento,Em estado regular,Estrada sem separador,Dois sentidos,Com marcas,Inexistentes,Outros,Inexistentes,Calçada,Fora da intersecção,Bom tempo,"Noite, com iluminação",Seco e limpo,0,0,2,Arruamento sem separador,Via Secundária,23,,Calçada Ajuda,Sem GPS - estimado,2019,7,28,21,Noite,Verão,0,0,6,3,0,0,0,0,0,0,0,0,0,0,0,0,0,1,0,0,0,1,0
1554,20191719690,2019-07-30 19:15:00,Terça-Feira,No sentido crescente da quilometragem,,,Direita,Dentro das localidades,Avenidas Novas,Lisboa,Colisão,Colisão com outras situações,Recta,Em patamar,Berma pavimentada,Em plena via,Em bom estado,Outra via,Sentido único,Com marcas,Inexistentes,Outros,A funcionar normalmente,Betuminoso,Fora da intersecção,Bom tempo,Em pleno dia,Seco e limpo,0,0,1,Arruamento com separador,Via Secundária,0,,Avenida Elias Garcia,Sem GPS - não estimado,2019,7,30,19,Noite,Verão,1,0,3,2,0,0,0,0,0,0,0,0,0,0,0,0,0,1,0,1,0,0,0
1555,20191719840,2019-08-01 16:50:00,Quinta-Feira,NÃO DEFINIDO,38.7421219,-9.11677809999999,Direita,Dentro das localidades,Marvila,,Atropelamento,Atropelamento de peões,Recta,Em patamar,Berma pavimentada,Em plena via,Em bom estado,Estrada sem separador,Dois sentidos,Com marcas,Inexistentes,NÃO DEFINIDO,Inexistentes,Betuminoso,Fora da intersecção,Bom tempo,Em pleno dia,Seco e limpo,0,0,2,Arruamento sem separador,Via Secundária,7,,Largo Broma,Sem GPS - estimado,2019,8,1,16,Tarde,Verão,1,0,6,1,0,1,0,0,0,0,0,0,0,0,0,0,0,0,0,1,0,0,1
1556,20191719884,2019-07-29 21:30:00,Segunda-Feira,NÃO DEFINIDO,38.711765,-9.142925,Direita,Dentro das localidades,Misericórdia,Lisboa,Atropelamento,Atropelamento com fuga,Recta,Com inclinação,Berma pavimentada,No passeio,Em estado regular,Estrada sem separador,Dois sentidos,Com marcas,Inexistentes,Outros,Inexistentes,Betuminoso,Fora da intersecção,Bom tempo,"Noite, com iluminação",Seco e limpo,0,0,1,Arruamento sem separador,Via Secundária,0,,Rua da Misericórdia,Localização GPS,2019,7,29,21,Noite,Verão,1,0,3,1,0,1,0,0,0,0,0,0,0,0,0,0,0,1,0,0,0,0,1
1557,20191719897,2019-07-29 17:40:00,Segunda-Feira,NÃO DEFINIDO,38.7446317,-9.1686816,Direita,Dentro das localidades,São Domingos de Benfica,,Colisão,Colisão traseira com outro veículo em movimento,Recta,Com inclinação,Berma pavimentada,Em plena via,Em bom estado,Estrada sem separador,Dois sentidos,Com marcas,Inexistentes,Outros,A funcionar normalmente,Betuminoso,Em entroncamento,Bom tempo,Em pleno dia,Seco e limpo,0,0,1,Arruamento sem separador,Via Secundária,197,,Estrada Laranjeiras,Sem GPS - estimado,2019,7,29,17,Tarde,Verão,1,0,3,2,0,0,0,0,0,0,0,0,0,0,0,0,0,1,1,0,0,0,0
1558,20191719941,2019-07-26 11:20:00,Sexta-Feira,No sentido decrescente da quilometragem,,,Esquerda,Dentro das localidades,Alcântara,,Despiste,Despiste sem dispositivo de retenção,Recta,Em patamar,Berma pavimentada,Em plena via,Em bom estado,Outra via,Sentido único,Com marcas,Inexistentes,Outros,Inexistentes,Betuminoso,Fora da intersecção,Bom tempo,Em pleno dia,Seco e limpo,0,0,1,IP - Itinerário Principal,IP7,,10.2,,Sem GPS - não estimado,2019,7,26,11,Manhã,Verão,1,0,3,1,0,0,0,0,0,0,0,0,0,0,0,0,0,0,0,1,0,0,0
1559,20191720006,2019-08-02 14:00:00,Sexta-Feira,NÃO DEFINIDO,38.721226,-9.1288593,Direita,Dentro das localidades,São Vicente,Lisboa,Atropelamento,Atropelamento de peões,Recta,Em patamar,Sem berma ou impraticável,Em plena via,Em bom estado,Estrada sem separador,Dois sentidos,Sem marcas rodoviárias ou pouco visíveis,Inexistentes,Passagem de peões,Inexistentes,Betuminoso,Em cruzamento,Bom tempo,Em pleno dia,Seco e limpo,0,0,1,Arruamento sem separador,Via Secundária,151,,Rua de Sapadores,Sem GPS - estimado,2019,8,2,14,Tarde,Verão,1,0,3,1,0,1,0,0,1,0,0,0,0,0,0,0,0,1,0,0,0,0,1
1560,20191720013,2019-08-02 12:09:00,Sexta-Feira,No sentido crescente da quilometragem,38.7761669,-9.1643441,Central,Dentro das localidades,Lumiar,,Colisão,Colisão choque em cadeia,Curva,Com inclinação,Berma pavimentada,Em plena via,Em bom estado,Outra via,Dois sentidos,Com marcas,Inexistentes,NÃO DEFINIDO,Inexistentes,Betuminoso,Fora da intersecção,Bom tempo,Em pleno dia,Seco e limpo,0,0,2,Arruamento com separador,Via Secundária,6,,Calçada Carriche,Sem GPS - estimado,2019,8,2,12,Tarde,Verão,1,0,6,11,1,0,0,0,0,0,0,0,0,0,0,0,1,1,0,0,0,0,0
1561,20191720019,2019-08-02 17:10:00,Sexta-Feira,NÃO DEFINIDO,,,Central,Dentro das localidades,Santo António,,Colisão,Colisão lateral com outro veículo em movimento,Recta,Com inclinação,Berma pavimentada,Em plena via,Em estado regular,Estrada sem separador,Dois sentidos,Com marcas,Inexistentes,Outros,A funcionar normalmente,Betuminoso,Em cruzamento,Bom tempo,Em pleno dia,Seco e limpo,0,0,1,Arruamento sem separador,Via Secundária,0,,Avenida Liberdade,Sem GPS - não estimado,2019,8,2,17,Tarde,Verão,1,0,3,2,0,0,0,0,0,0,0,0,0,0,0,0,0,1,1,0,0,0,0
1562,20191720048,2019-08-03 11:15:00,Sábado,NÃO DEFINIDO,38.696717,-9.224791,Direita,Dentro das localidades,Alcântara,,Colisão,Colisão traseira com outro veículo em movimento,Recta,Em patamar,Berma pavimentada,Em plena via,Em bom estado,Estrada sem separador,Dois sentidos,Com marcas,Inexistentes,Passagem de peões,A funcionar normalmente,Betuminoso,Fora da intersecção,Bom tempo,Em pleno dia,Seco e limpo,0,0,1,Arruamento sem separador,Via Secundária,0,,Avenida Índia,Localização GPS,2019,8,3,11,Manhã,Verão,0,0,3,2,1,0,0,0,0,0,0,0,0,0,0,0,1,1,0,0,0,0,0
1563,20191720119,2019-07-29 18:30:00,Segunda-Feira,NÃO DEFINIDO,38.7259397,-9.1680631,Direita,Dentro das localidades,Campolide,,Despiste,Despiste sem dispositivo de retenção,Recta,Com inclinação,Berma pavimentada,Em plena via,Em estado regular,Estrada sem separador,Dois sentidos,Sem marcas rodoviárias ou pouco visíveis,Inexistentes,Outros,Inexistentes,Betuminoso,Fora da intersecção,Bom tempo,Em pleno dia,Seco e limpo,0,0,1,Arruamento sem separador,Via Secundária,99,,Calçada Quintinha,Sem GPS - estimado,2019,7,29,18,Noite,Verão,1,0,3,2,0,0,0,0,0,0,0,0,0,0,0,0,0,0,1,1,0,0,0
1564,20191720162,2019-08-03 15:30:00,Sábado,NÃO DEFINIDO,,,Direita,Dentro das localidades,Campolide,,Colisão,Colisão com outras situações,Recta,Com inclinação,Berma pavimentada,Em plena via,Em bom estado,Estrada sem separador,Dois sentidos,Com marcas,Inexistentes,Cedência de passagem,Inexistentes,Betuminoso,Em entroncamento,Bom tempo,Em pleno dia,Seco e limpo,0,0,2,Arruamento sem separador,Via Secundária,0,,Estrada Pimenteira,Sem GPS - não estimado,2019,8,3,15,Tarde,Verão,0,0,6,2,1,0,0,0,0,0,0,0,0,0,0,0,0,1,0,0,0,0,0
1565,20191720166,2019-07-30 21:00:00,Terça-Feira,NÃO DEFINIDO,,,Esquerda,Dentro das localidades,Arroios,,Colisão,Colisão com outras situações,Recta,Em patamar,Sem berma ou impraticável,Em plena via,Em estado regular,Estrada sem separador,Dois sentidos,Com marcas,Inexistentes,NÃO DEFINIDO,A funcionar normalmente,Betuminoso,Em cruzamento,Bom tempo,"Noite, com iluminação",Seco e limpo,0,0,2,Arruamento sem separador,Via Secundária,0,,Rua Dona Estefânia,Sem GPS - não estimado,2019,7,30,21,Noite,Verão,1,0,6,3,0,0,0,0,0,0,0,0,0,0,0,0,0,1,0,1,0,0,0
1566,20191720197,2019-08-03 15:10:00,Sábado,No sentido decrescente da quilometragem,38.680699,-9.175197,Direita,Fora das localidades,Alcântara,Lisboa,Colisão,Colisão choque em cadeia,Recta,Em patamar,Berma pavimentada,Em plena via,Em estado regular,Auto-estrada,Sentido único,Com marcas,Inexistentes,Outros,Inexistentes,Betuminoso,Fora da intersecção,Bom tempo,Em pleno dia,Seco e limpo,0,0,1,A  - Auto-Estrada,A2-PNT25ABRIL,,4.4,,Localização GPS,2019,8,3,15,Tarde,Verão,0,0,3,5,1,0,0,0,0,0,0,0,1,0,0,0,0,1,0,0,0,0,0
1567,20191720229,2019-08-03 06:30:00,Sábado,NÃO DEFINIDO,,,Direita,Dentro das localidades,Santa Clara,,Colisão,Colisão com outras situações,Curva,Em patamar,Berma pavimentada,Em plena via,Em bom estado,Estrada sem separador,Dois sentidos,Com marcas,Inexistentes,Cedência de passagem,Inexistentes,Betuminoso,Em entroncamento,Bom tempo,Em pleno dia,Seco e limpo,0,0,1,Arruamento sem separador,Via Secundária,0,,Azinhaga Cidade,Sem GPS - não estimado,2019,8,3,6,Manhã,Verão,0,0,3,2,0,0,0,0,0,0,0,0,0,0,0,0,0,1,0,0,0,0,0
1568,20191720258,2019-07-30 19:30:00,Terça-Feira,NÃO DEFINIDO,38.7588531999999,-9.15418919999999,Direita,Dentro das localidades,Alvalade,Lisboa,Atropelamento,Atropelamento de peões,Recta,Em patamar,Berma pavimentada,No passeio,Em estado regular,Outra via,Sentido único,Sem marcas rodoviárias ou pouco visíveis,Inexistentes,NÃO DEFINIDO,Inexistentes,Terra batida,Fora da intersecção,Bom tempo,Em pleno dia,Seco e limpo,0,0,1,Arruamento com separador,Via Secundária,382,,Campo Grande,Sem GPS - estimado,2019,7,30,19,Noite,Verão,1,0,3,1,0,1,0,0,0,0,0,0,0,0,0,0,0,0,0,0,0,1,1