,IdAcidente,Datahora,Dia da Semana,Sentidos,Latitude GPS,Longitude GPS,Via Trânsito,Localizações,Freguesia,Pov. Proxima,Tipo Natureza,Natureza,Tipo de Traçado,Inclinação do Traçado,Berma do Traçado,Localização do Traçado,Estado Conservação,Características Tecnicas,Reg Circulação,Marca Via,Obstáculos,Sinais,Sinais Luminosos,Tipo Piso,Intersecção Vias,Factores Atmosféricos,Luminosidade,Cond Aderência,VM,FG,FL,Tipos Vias,Via,Num arruamento,Km,Nome arruamento,Localização 2,Ano,Mês,Dia,Hora,Periodo,Estação,Dia Util,Gravidade,Indicador de Gravidade,Veículos envolvidos,Passageiros envolvidos,Peões envolvidos,Inf/Ação: Abertura de porta,Inf/Ação: Desrespeito da sinalização semafórica,Inf/Ação: Desrespeito da sinalização vertical,Inf/Ação: Desrespeito das distâncias de segurança,Inf/Ação: Desrespeito das marcas rodoviárias,Inf/Ação: Encandeamento,Inf/Ação: Manobra irregular,Inf/Ação: Não sinalização da manobra,Inf/Ação: Obstáculo imprevisto na faixa de rodagem,Inf/Ação: Rebentamento de pneumático,Inf/Ação: Velocidade excessiva para as condições existentes,Automóvel ligeiro,Automóvel pesado,Motociclos/Ciclomotores,Outros Veículos,Velocípedes,Peões
1610,20191736963,2019-08-08 23:00:00,Quinta-Feira,No sentido decrescente da quilometragem,38.7642280999999,-9.0955914,Direita,Dentro das localidades,Parque das Nações,Lisboa,Atropelamento,Atropelamento de peões,Curva,Em patamar,Berma pavimentada,Em plena via,Em estado regular,Outra via,Sentido único,Com marcas,Inexistentes,Passagem de peões,Inexistentes,Calçada,Em entroncamento,Chuva,"Noite, com iluminação",Molhado,0,0,1,Arruamento com separador,Via Secundária,0,,Alameda Oceanos,Sem GPS - estimado,2019,8,8,23,Noite,Verão,1,0,3,1,0,1,0,0,0,0,0,0,0,0,0,0,0,1,0,0,0,0,1
1611,20191736978,2019-08-07 14:30:00,Quarta-Feira,NÃO DEFINIDO,38.76709,-9.17996,Direita,Dentro das localidades,Carnide,Lisboa,Atropelamento,Atropelamento com fuga,Recta,Em patamar,Berma pavimentada,Em plena via,Em estado regular,Estrada sem separador,Dois sentidos,Sem marcas rodoviárias ou pouco visíveis,Inexistentes,Outros,Inexistentes,Betuminoso,Fora da intersecção,Bom tempo,Em pleno dia,Seco e limpo,0,0,1,Arruamento sem separador,Via Secundária,0,,Rua Herculano Pimentel,Sem GPS - estimado,2019,8,7,14,Tarde,Verão,1,0,3,1,0,1,0,0,0,0,0,0,0,0,0,0,0,0,0,1,0,0,1
1612,20191737018,2019-08-08 19:50:00,Quinta-Feira,NÃO DEFINIDO,38.7103584,-9.1289763,Direita,Dentro das localidades,Santa Maria Maior,,Colisão,Colisão lateral com outro veículo em movimento,Recta,Em patamar,Sem berma ou impraticável,Em plena via,Em estado regular,Estrada sem separador,Dois sentidos,Sem marcas rodoviárias ou pouco visíveis,Inexistentes,Outros,Inexistentes,Betuminoso,Fora da intersecção,Bom tempo,Em pleno dia,Seco e limpo,0,0,1,Arruamento sem separador,Via Secundária,86,,Rua Terreiro do Trigo,Sem GPS - estimado,2019,8,8,19,Noite,Verão,1,0,3,2,1,0,1,0,0,0,0,0,0,0,0,0,0,1,0,0,1,0,0
1613,20191737150,2019-08-09 19:00:00,Sexta-Feira,NÃO DEFINIDO,38.7066945,-9.1489891,Direita,Dentro das localidades,Misericórdia,,Colisão,Colisão com outras situações,Recta,Em patamar,Berma pavimentada,Em plena via,Em estado regular,Outra via,Sentido único,Com marcas,Inexistentes,Outros,A funcionar normalmente,Betuminoso,Fora da intersecção,Bom tempo,"Noite, com iluminação",Seco e limpo,0,0,2,Arruamento com separador,Via Secundária,12,,Avenida 24 de Julho,Sem GPS - estimado,2019,8,9,19,Noite,Verão,1,0,6,3,1,0,0,0,0,0,0,0,0,0,0,0,0,1,0,0,0,0,0
1614,20191737166,2019-08-08 07:30:00,Quinta-Feira,NÃO DEFINIDO,,,Direita,Dentro das localidades,Alcântara,,Colisão,Colisão com outras situações,Recta,Em patamar,Berma pavimentada,Em plena via,Em bom estado,Estrada sem separador,Dois sentidos,Com marcas,Inexistentes,Outros,Inexistentes,Betuminoso,Fora da intersecção,Bom tempo,Em pleno dia,Seco e limpo,0,0,6,Arruamento sem separador,Via Secundária,0,,Avenida Brasília,Sem GPS - não estimado,2019,8,8,7,Manhã,Verão,1,0,18,2,6,0,0,0,0,0,0,0,0,0,0,0,0,1,0,0,0,0,0
1615,20191737208,2019-08-07 08:15:00,Quarta-Feira,NÃO DEFINIDO,,,Esquerda,Dentro das localidades,Campolide,,Colisão,Colisão traseira com outro veículo em movimento,Recta,Com inclinação,Berma pavimentada,Em plena via,Em bom estado,Estrada sem separador,Dois sentidos,Com marcas,Inexistentes,Outros,Inexistentes,Betuminoso,Fora da intersecção,Chuva,Em pleno dia,Molhado,0,0,1,Arruamento sem separador,Via Secundária,0,,Estrada Pimenteira,Sem GPS - não estimado,2019,8,7,8,Manhã,Verão,1,0,3,2,0,0,0,0,0,0,0,0,0,0,0,0,1,1,0,0,0,0,0
1616,20191737238,2019-08-13 17:00:00,Terça-Feira,NÃO DEFINIDO,38.7130782999999,-9.1584147,Direita,Dentro das localidades,Estrela,Lisboa,Atropelamento,Atropelamento de peões,Recta,Com inclinação,Sem berma ou impraticável,Em plena via,Em bom estado,Estrada sem separador,Dois sentidos,Com marcas,Inexistentes,Passagem de peões,Inexistentes,Calçada,Em cruzamento,Bom tempo,Em pleno dia,Seco e limpo,0,0,1,Arruamento sem separador,Via Secundária,108,,Calçada Estrela,Sem GPS - estimado,2019,8,13,17,Tarde,Verão,1,0,3,1,0,1,0,0,0,0,0,0,0,0,0,0,0,1,0,0,0,0,1
1617,20191737260,2019-08-13 15:40:00,Terça-Feira,NÃO DEFINIDO,,,Direita,Dentro das localidades,Alvalade,Lisboa,Colisão,Colisão lateral com outro veículo em movimento,Recta,Em patamar,Berma pavimentada,Em plena via,Em bom estado,Estrada sem separador,Sentido único,Com marcas,Inexistentes,NÃO DEFINIDO,A funcionar normalmente,Betuminoso,Em rotunda,Bom tempo,Em pleno dia,Seco e limpo,0,0,1,Arruamento sem separador,Via Secundária,0,,Campo Grande,Sem GPS - não estimado,2019,8,13,15,Tarde,Verão,1,0,3,2,0,0,0,0,0,0,0,0,0,0,0,0,0,1,0,1,0,0,0
1618,20191737262,2019-08-11 00:10:00,Domingo,No sentido crescente da quilometragem,,,Direita,Dentro das localidades,São Domingos de Benfica,Lisboa,Colisão,Colisão lateral com outro veículo em movimento,Recta,Em patamar,Berma pavimentada,Em plena via,Em estado regular,Outra via,Sentido único,Com marcas,Inexistentes,Outros,A funcionar normalmente,Betuminoso,Fora da intersecção,Chuva,"Noite, com iluminação",Molhado,0,0,1,Arruamento com separador,Via Secundária,0,,Avenida Lusíada,Sem GPS - não estimado,2019,8,11,0,Madrugada,Verão,0,0,3,2,0,0,0,0,0,0,0,0,0,0,0,0,0,1,0,0,0,0,0
1619,20191737271,2019-08-10 01:05:00,Sábado,NÃO DEFINIDO,,,Central,Dentro das localidades,Beato,Lisboa,Colisão,Colisão traseira com outro veículo em movimento,Recta,Em patamar,Berma pavimentada,Em plena via,Em bom estado,Outra via,Dois sentidos,Com marcas,Inexistentes,NÃO DEFINIDO,A funcionar normalmente,Betuminoso,Fora da intersecção,Bom tempo,"Noite, com iluminação",Seco e limpo,0,0,1,Arruamento com separador,Via Secundária,0,,Avenida Infante Dom Henrique,Sem GPS - não estimado,2019,8,10,1,Madrugada,Verão,0,0,3,2,0,0,0,0,0,0,0,0,0,0,0,0,0,1,0,1,0,0,0
1620,20191737272,2019-08-09 08:30:00,Sexta-Feira,No sentido crescente da quilometragem,38.7383591999999,-9.1569718,Central,Dentro das localidades,Campolide,,Atropelamento,Atropelamento de peões,Recta,Em patamar,Berma pavimentada,Em plena via,Em estado regular,Outra via,Sentido único,Com marcas,Inexistentes,Passagem de peões,A funcionar normalmente,Betuminoso,Fora da intersecção,Chuva,Em pleno dia,Molhado,0,0,1,Arruamento com separador,Via Secundária,0.00,,Praça Espanha,Sem GPS - estimado,2019,8,9,8,Manhã,Verão,1,0,3,1,0,1,0,0,0,0,0,0,0,0,0,0,0,1,0,0,0,0,1
1621,20191737283,2019-08-09 21:30:00,Sexta-Feira,No sentido crescente da quilometragem,,,Direita,Dentro das localidades,Santa Maria dos Olivais,,Despiste,Despiste com dispositivo de retenção,Recta,Em patamar,Sem berma ou impraticável,Em plena via,Em bom estado,Outra via,Sentido único,Com marcas,Inexistentes,Outros,Inexistentes,Betuminoso,Fora da intersecção,Bom tempo,"Noite, com iluminação",Seco e limpo,0,0,1,Arruamento com separador,Via Secundária,0,,Avenida Cidade do Porto,Sem GPS - não estimado,2019,8,9,21,Noite,Verão,1,0,3,1,0,0,0,0,0,0,0,0,0,0,0,0,0,1,0,0,0,0,0
1622,20191737310,2019-08-09 10:00:00,Sexta-Feira,NÃO DEFINIDO,,,Direita,Dentro das localidades,Alvalade,,Colisão,Colisão lateral com outro veículo em movimento,Recta,Em patamar,Berma pavimentada,Em plena via,Em estado regular,Estrada sem separador,Dois sentidos,Com marcas,Inexistentes,NÃO DEFINIDO,Inexistentes,Betuminoso,Em cruzamento,Chuva,Em pleno dia,Molhado,0,0,1,Arruamento sem separador,Via Secundária,0,,Avenida Rio de Janeiro,Sem GPS - não estimado,2019,8,9,10,Manhã,Verão,1,0,3,2,0,0,0,0,0,0,0,0,0,0,0,0,0,1,0,0,0,0,0
1623,20191737313,2019-08-13 16:40:00,Terça-Feira,No sentido decrescente da quilometragem,,,Direita,Dentro das localidades,Parque das Nações,,Colisão,Colisão traseira com outro veículo em movimento,Recta,Em patamar,Berma pavimentada,Em plena via,Em bom estado,Outra via,Sentido único,Com marcas,Inexistentes,Outros,Inexistentes,Betuminoso,Fora da intersecção,Bom tempo,Em pleno dia,Seco e limpo,0,0,1,Arruamento com separador,Via Secundária,0,,Avenida Infante Dom Henrique,Sem GPS - não estimado,2019,8,13,16,Tarde,Verão,1,0,3,2,0,0,0,0,0,0,0,0,0,0,0,0,0,1,0,1,0,0,0
1624,20191737348,2019-08-03 12:00:00,Sábado,NÃO DEFINIDO,,,Esquerda,Dentro das localidades,Carnide,,Despiste,Despiste sem dispositivo de retenção,Curva,Com inclinação,Sem berma ou impraticável,Em plena via,Em estado regular,Outra via,Sentido único,Com marcas,Inexistentes,NÃO DEFINIDO,Inexistentes,Betuminoso,Em rotunda,Bom tempo,Em pleno dia,Seco e limpo,0,0,1,Arruamento com separador,Via Secundária,0,,Praça São Francisco de Assis,Sem GPS - não estimado,2019,8,3,12,Tarde,Verão,0,0,3,1,0,0,0,0,0,0,0,0,0,0,0,0,0,0,0,1,0,0,0
1625,20191737441,2019-08-14 16:15:00,Quarta-Feira,NÃO DEFINIDO,38.7241307,-9.1472031,Direita,Dentro das localidades,Santo António,Lisboa,Atropelamento,Atropelamento de peões,Recta,Em patamar,Sem berma ou impraticável,Em plena via,Em bom estado,Outra via,Sentido único,Com marcas,Inexistentes,Outros,A funcionar normalmente,Betuminoso,Fora da intersecção,Bom tempo,Em pleno dia,Seco e limpo,0,0,1,Arruamento com separador,Via Secundária,6,,Rua Alexandre Herculano,Sem GPS - estimado,2019,8,14,16,Tarde,Verão,1,0,3,1,0,1,0,0,0,0,0,0,0,0,0,0,0,1,0,0,0,0,1
1626,20191737452,2019-08-15 10:28:00,Quinta-Feira,No sentido crescente da quilometragem,38.764698,-9.1045427,Esquerda,Dentro das localidades,São Vicente,Lisboa,Atropelamento,Atropelamento de peões,Recta,Em patamar,Berma pavimentada,Em plena via,Em estado regular,Outra via,Sentido único,Com marcas,Inexistentes,Passagem de peões,A funcionar normalmente,Betuminoso,Fora da intersecção,Bom tempo,Em pleno dia,Seco e limpo,0,0,1,Arruamento com separador,Via Secundária,0,,Avenida Infante Dom Henrique,Sem GPS - estimado,2019,8,15,10,Manhã,Verão,0,0,3,1,0,1,0,0,0,0,0,0,0,0,0,0,0,1,0,0,0,0,1
1627,20191737586,2019-08-14 23:00:00,Quarta-Feira,NÃO DEFINIDO,38.712145,-9.1567254,Direita,Dentro das localidades,Estrela,,Despiste,Despiste sem dispositivo de retenção,Recta,Com inclinação,Sem berma ou impraticável,Em plena via,Em bom estado,Estrada sem separador,Dois sentidos,Sem marcas rodoviárias ou pouco visíveis,Inexistentes,Outros,Inexistentes,Betuminoso,Em via de aceleração,Bom tempo,"Noite, com iluminação",Seco e limpo,0,0,1,Arruamento sem separador,Via Secundária,20,,Rua Borges Carneiro,Sem GPS - estimado,2019,8,14,23,Noite,Verão,1,0,3,1,0,0,0,0,0,0,0,0,0,0,0,0,0,0,0,1,0,0,0
1628,20191737601,2019-08-16 08:25:00,Sexta-Feira,No sentido crescente da quilometragem,38.7266420999999,-9.1347571,Esquerda,Dentro das localidades,Arroios,,Atropelamento,Atropelamento de peões,Recta,Em patamar,Berma pavimentada,Em plena via,Em estado regular,Outra via,Sentido único,Com marcas,Inexistentes,Passagem de peões,A funcionar normalmente,Betuminoso,Fora da intersecção,Bom tempo,Em pleno dia,Seco e limpo,0,0,1,Arruamento com separador,Via Secundária,60,,Avenida Almirante Reis,Sem GPS - estimado,2019,8,16,8,Manhã,Verão,1,0,3,1,0,1,0,0,0,0,0,0,0,0,0,0,0,1,0,0,0,0,1
1629,20191737650,2019-08-13 20:10:00,Terça-Feira,NÃO DEFINIDO,38.7000295,-9.1839164,Central,Dentro das localidades,Alcântara,Lisboa,Colisão,Colisão lateral com outro veículo em movimento,Recta,Em patamar,Sem berma ou impraticável,Em plena via,Em estado regular,Estrada sem separador,Dois sentidos,Sem marcas rodoviárias ou pouco visíveis,Inexistentes,Outros,Inexistentes,Betuminoso,Fora da intersecção,Bom tempo,Aurora ou crepúsculo,Seco e limpo,0,0,1,Arruamento sem separador,Via Secundária,84,,Rua Junqueira,Sem GPS - estimado,2019,8,13,20,Noite,Verão,1,0,3,2,0,0,0,0,0,0,0,0,0,0,0,0,0,0,1,1,0,0,0
1630,20191737659,2019-08-09 21:50:00,Sexta-Feira,No sentido crescente da quilometragem,38.7372577,-9.1279423,Esquerda,Dentro das localidades,Areeiro,,Colisão,Colisão lateral com outro veículo em movimento,Recta,Com inclinação,Berma pavimentada,Em plena via,Em estado regular,Outra via,Sentido único,Sem marcas rodoviárias ou pouco visíveis,Inexistentes,Outros,Inexistentes,Betão de cimento,Em entroncamento,Bom tempo,"Noite, com iluminação",Seco e limpo,0,0,2,Arruamento com separador,Via Secundária,25,,Rua Cristóvão Falcão,Sem GPS - estimado,2019,8,9,21,Noite,Verão,1,0,6,2,1,0,0,0,0,0,0,0,0,0,0,0,0,1,0,1,0,0,0
1631,20191737662,2019-08-06 12:30:00,Terça-Feira,NÃO DEFINIDO,,,Direita,Dentro das localidades,Beato,Lisboa,Colisão,Colisão traseira com outro veículo em movimento,Recta,Em patamar,Berma pavimentada,Em plena via,Em estado regular,Estrada sem separador,Sentido único,Com marcas,Inexistentes,Outros,A funcionar normalmente,Betuminoso,Fora da intersecção,Bom tempo,Em pleno dia,Seco e limpo,0,0,1,Arruamento sem separador,Via Secundária,0,,Rua Gualdim Pais,Sem GPS - não estimado,2019,8,6,12,Tarde,Verão,1,0,3,2,1,0,0,0,0,0,0,0,0,0,0,0,0,1,0,1,0,0,0
1632,20191737713,2019-08-16 15:40:00,Sexta-Feira,NÃO DEFINIDO,,,Direita,Dentro das localidades,São Domingos de Benfica,,Despiste,Despiste sem dispositivo de retenção,Recta,Com inclinação,Sem berma ou impraticável,Em plena via,Em bom estado,Estrada sem separador,Dois sentidos,Sem marcas rodoviárias ou pouco visíveis,Inexistentes,Outros,Inexistentes,Betuminoso,Fora da intersecção,Bom tempo,Em pleno dia,Seco e limpo,0,0,1,Arruamento sem separador,Via Secundária,0,,Rua Virgílio Correia,Sem GPS - não estimado,2019,8,16,15,Tarde,Verão,1,0,3,1,0,0,0,0,0,0,0,0,0,0,0,0,0,0,0,0,0,1,0
1633,20191737723,2019-08-17 08:35:00,Sábado,NÃO DEFINIDO,,,Esquerda,Dentro das localidades,Santa Maria dos Olivais,,Colisão,Colisão frontal,Recta,Em patamar,Berma pavimentada,Em plena via,Em estado regular,Estrada sem separador,Dois sentidos,Com marcas,Inexistentes,Outros,A funcionar normalmente,Betuminoso,Em entroncamento,Bom tempo,Em pleno dia,Seco e limpo,0,0,1,Arruamento sem separador,Via Secundária,0,,Avenida Berlim,Sem GPS - não estimado,2019,8,17,8,Manhã,Verão,0,0,3,2,0,0,0,0,0,0,0,0,0,0,0,0,0,1,1,0,0,0,0
1634,20191737796,2019-08-12 11:30:00,Segunda-Feira,No sentido crescente da quilometragem,38.7317846,-9.1412087,Direita,Dentro das localidades,Arroios,,Colisão,Colisão lateral com outro veículo em movimento,Recta,Com inclinação,Berma pavimentada,Em plena via,Em estado regular,Outra via,Sentido único,Sem marcas rodoviárias ou pouco visíveis,Inexistentes,Outros,A funcionar normalmente,Betuminoso,Em cruzamento,Bom tempo,Em pleno dia,Seco e limpo,0,0,1,Arruamento com separador,Via Secundária,2,,Avenida Casal Ribeiro,Sem GPS - estimado,2019,8,12,11,Manhã,Verão,1,0,3,2,0,0,0,0,0,0,0,0,0,0,0,0,0,1,0,1,0,0,0
1635,20191737801,2019-08-09 18:00:00,Sexta-Feira,NÃO DEFINIDO,38.7207477999999,-9.145383,Direita,Dentro das localidades,Santo António,,Atropelamento,Atropelamento de peões,Recta,Com inclinação,Sem berma ou impraticável,Em plena via,Em bom estado,Estrada sem separador,Dois sentidos,Com marcas,Inexistentes,Outros,A funcionar normalmente,Betuminoso,Fora da intersecção,Bom tempo,Em pleno dia,Seco e limpo,0,0,6,Arruamento sem separador,Via Secundária,190,,Avenida Liberdade,Sem GPS - estimado,2019,8,9,18,Noite,Verão,1,0,18,1,5,1,0,0,0,0,0,0,0,0,0,0,0,0,1,0,0,0,1
1636,20191737833,2019-08-18 21:00:00,Domingo,No sentido decrescente da quilometragem,38.7536145999999,-9.18870549999999,Direita,Dentro das localidades,Carnide,,Atropelamento,Atropelamento de peões,Recta,Em patamar,Berma pavimentada,Em plena via,Em bom estado,Outra via,Sentido único,Com marcas,Inexistentes,Passagem de peões,Inexistentes,Calçada,Fora da intersecção,Bom tempo,"Noite, com iluminação",Seco e limpo,0,0,1,Arruamento com separador,Via Secundária,0,,Rua Galileu Galilei,Sem GPS - estimado,2019,8,18,21,Noite,Verão,0,0,3,1,0,1,0,0,0,0,0,0,1,0,0,0,0,1,0,0,0,0,1
1637,20191737899,2019-08-08 07:15:00,Quinta-Feira,NÃO DEFINIDO,,,Direita,Dentro das localidades,Alcântara,Lisboa,Despiste,Despiste sem dispositivo de retenção,Curva,Com inclinação,Berma pavimentada,Em plena via,Em estado regular,Estrada sem separador,Sentido único,Com marcas,Inexistentes,NÃO DEFINIDO,Inexistentes,Betuminoso,Em entroncamento,Chuva,Em pleno dia,Molhado,0,0,1,Arruamento sem separador,Via Secundária,0,,Acesso da Ponte 25 de Abril à AE 5,Sem GPS - não estimado,2019,8,8,7,Manhã,Verão,1,0,3,1,1,0,0,0,0,0,0,0,0,0,0,0,1,0,0,1,0,0,0
1638,20191737904,2019-08-08 08:50:00,Quinta-Feira,NÃO DEFINIDO,,,Direita,Dentro das localidades,São Domingos de Benfica,,Colisão,Colisão com outras situações,Curva,Com inclinação,Sem berma ou impraticável,Em plena via,Em estado regular,Estrada sem separador,Sentido único,Com marcas,Inexistentes,NÃO DEFINIDO,Inexistentes,Calçada,Fora da intersecção,Bom tempo,Em pleno dia,Seco e limpo,0,0,1,Arruamento sem separador,Via Secundária,0,,Rua General Firmino Miguel,Sem GPS - não estimado,2019,8,8,8,Manhã,Verão,1,0,3,2,0,0,0,0,0,0,0,0,0,0,0,0,0,1,0,0,0,0,0
1639,20191737944,2019-08-14 12:30:00,Quarta-Feira,NÃO DEFINIDO,38.6984749,-9.188823,Direita,Dentro das localidades,Belém,,Colisão,Colisão com outras situações,Recta,Em patamar,Sem berma ou impraticável,Em plena via,Em bom estado,Estrada sem separador,Dois sentidos,Com marcas,Inexistentes,Outros,Inexistentes,Betuminoso,Fora da intersecção,Bom tempo,Em pleno dia,Seco e limpo,0,0,1,Arruamento sem separador,Via Secundária,136,,Rua Junqueira,Sem GPS - estimado,2019,8,14,12,Tarde,Verão,1,0,3,2,0,0,1,0,0,0,0,0,0,0,0,0,0,1,0,0,0,1,0
1640,20191737945,2019-08-15 20:00:00,Quinta-Feira,NÃO DEFINIDO,38.7746582999999,-9.10104319999999,Direita,Dentro das localidades,Parque das Nações,,Atropelamento,Atropelamento de peões,Recta,Em patamar,Berma pavimentada,Em plena via,Em estado regular,Estrada sem separador,Sentido único,Com marcas,Inexistentes,Passagem de peões,Inexistentes,Betuminoso,Em cruzamento,Bom tempo,Em pleno dia,Seco e limpo,0,0,1,Arruamento sem separador,Via Secundária,97,,Rua João Pinto Ribeiro,Sem GPS - estimado,2019,8,15,20,Noite,Verão,0,0,3,2,0,1,0,0,0,0,0,0,0,0,0,0,0,1,0,1,0,0,1
1641,20191737948,2019-08-14 09:30:00,Quarta-Feira,NÃO DEFINIDO,38.7067788,-9.150933,Direita,Dentro das localidades,Misericórdia,,Colisão,Colisão com outras situações,Recta,Em patamar,Sem berma ou impraticável,Em plena via,Em bom estado,Outra via,Sentido único,Com marcas,Inexistentes,Outros,Inexistentes,Betuminoso,Fora da intersecção,Bom tempo,Em pleno dia,Seco e limpo,0,0,1,Arruamento com separador,Via Secundária,32,,Avenida 24 de Julho,Sem GPS - estimado,2019,8,14,9,Manhã,Verão,1,0,3,2,0,0,0,0,0,0,0,0,0,0,0,0,1,1,0,0,0,0,0
1642,20191737949,2019-08-11 02:00:00,Domingo,NÃO DEFINIDO,38.73997,-9.193578,Direita,Dentro das localidades,São Domingos de Benfica,,Despiste,Despiste sem dispositivo de retenção,Recta,Em patamar,Berma pavimentada,Em plena via,Em estado regular,Estrada sem separador,Dois sentidos,Com marcas,Inexistentes,Outros,Inexistentes,Betuminoso,Fora da intersecção,Chuva,"Noite, com iluminação",Molhado,0,0,2,Arruamento sem separador,Via Secundária,0,,Estrada Barcal,Localização GPS,2019,8,11,2,Madrugada,Verão,0,0,6,1,1,0,0,0,0,0,0,0,0,0,0,0,0,1,0,0,0,0,0
1643,20191738018,2019-08-14 12:45:00,Quarta-Feira,NÃO DEFINIDO,38.7190646,-9.1535689,Direita,Dentro das localidades,Santo António,,Colisão,Colisão com outras situações,Recta,Em patamar,Berma pavimentada,Em plena via,Em bom estado,Estrada sem separador,Dois sentidos,Com marcas,Inexistentes,Outros,Inexistentes,Betuminoso,Fora da intersecção,Bom tempo,Em pleno dia,Seco e limpo,0,0,1,Arruamento sem separador,Via Secundária,217,,Rua Escola Politécnica,Sem GPS - estimado,2019,8,14,12,Tarde,Verão,1,0,3,3,0,0,0,0,0,0,0,0,0,0,0,0,0,1,0,1,0,0,0
1644,20191738048,2019-08-18 09:30:00,Domingo,NÃO DEFINIDO,,,Direita,Dentro das localidades,Marvila,,Colisão,Colisão lateral com outro veículo em movimento,Recta,Em patamar,Berma pavimentada,Em plena via,Em estado regular,Estrada sem separador,Dois sentidos,Sem marcas rodoviárias ou pouco visíveis,Inexistentes,Cedência de passagem,Inexistentes,Betuminoso,Em entroncamento,Bom tempo,Em pleno dia,Seco e limpo,0,0,1,Arruamento sem separador,Via Secundária,0,,Rua Engenheiro Ferreira Dias,Sem GPS - não estimado,2019,8,18,9,Manhã,Verão,0,0,3,2,0,0,0,0,1,0,0,0,0,0,0,0,0,1,0,0,0,0,0
1645,20191738101,2019-08-13 15:15:00,Terça-Feira,NÃO DEFINIDO,,,Central,Dentro das localidades,Alvalade,,Colisão,Colisão com outras situações,Curva,Em patamar,Berma pavimentada,Em plena via,Em estado regular,Estrada sem separador,Sentido único,Com marcas,Inexistentes,Outros,A funcionar normalmente,Betuminoso,Em entroncamento,Bom tempo,Em pleno dia,Seco e limpo,0,0,1,Arruamento sem separador,Via Secundária,0,,Campo Grande,Sem GPS - não estimado,2019,8,13,15,Tarde,Verão,1,0,3,2,0,0,0,0,0,0,0,0,0,0,0,0,0,1,0,1,0,0,0
1646,20191738124,2019-08-19 15:15:00,Segunda-Feira,NÃO DEFINIDO,38.754562,-9.157254,Direita,Dentro das localidades,Alvalade,Lisboa,Atropelamento,Atropelamento de peões,Recta,Em patamar,Berma pavimentada,No passeio,Em bom estado,Estrada sem separador,Dois sentidos,Com marcas,Inexistentes,Outros,Inexistentes,Calçada,Fora da intersecção,Bom tempo,Em pleno dia,Seco e limpo,0,0,2,Arruamento sem separador,Via Secundária,0,,Rua Prof.Oliveira Marques,Localização GPS,2019,8,19,15,Tarde,Verão,1,0,6,1,0,1,0,0,0,0,0,0,1,0,0,0,0,0,0,1,0,0,1
1647,20191738137,2019-08-20 18:50:00,Terça-Feira,NÃO DEFINIDO,38.71914,-9.1296014,Direita,Dentro das localidades,São Vicente,,Despiste,Despiste sem dispositivo de retenção,Recta,Com inclinação,Sem berma ou impraticável,Em plena via,Em bom estado,Estrada sem separador,Dois sentidos,Sem marcas rodoviárias ou pouco visíveis,Inexistentes,Outros,Inexistentes,Betuminoso,Fora da intersecção,Bom tempo,Em pleno dia,Seco e limpo,0,0,1,Arruamento sem separador,Via Secundária,9,,Beco Beatas,Sem GPS - estimado,2019,8,20,18,Noite,Verão,1,0,3,1,0,0,0,0,0,0,0,0,0,0,0,0,0,0,0,1,0,0,0
1648,20191738168,2019-08-20 11:05:00,Terça-Feira,NÃO DEFINIDO,38.755135,-9.153832,Direita,Dentro das localidades,Alvalade,Lisboa,Colisão,Colisão com outras situações,Recta,Em patamar,Berma pavimentada,Em plena via,Em estado regular,Outra via,Sentido único,Com marcas,Inexistentes,NÃO DEFINIDO,Inexistentes,Betuminoso,Fora da intersecção,Bom tempo,Em pleno dia,Seco e limpo,0,0,1,Arruamento com separador,Via Secundária,183,,Campo Grande,Sem GPS - estimado,2019,8,20,11,Manhã,Verão,1,0,3,2,0,0,1,0,0,0,0,0,0,0,0,0,0,1,0,0,0,0,0
1649,20191738201,2019-08-15 07:50:00,Quinta-Feira,NÃO DEFINIDO,,,Direita,Dentro das localidades,São Domingos de Benfica,Lisboa,Colisão,Colisão lateral com outro veículo em movimento,Recta,Em patamar,Sem berma ou impraticável,Em plena via,Em estado regular,Estrada sem separador,Dois sentidos,Sem marcas rodoviárias ou pouco visíveis,Inexistentes,Outros,Inexistentes,Calçada,Em cruzamento,Bom tempo,Em pleno dia,Seco e limpo,0,0,1,Arruamento sem separador,Via Secundária,0,,Rua Professor Lima Basto,Sem GPS - não estimado,2019,8,15,7,Manhã,Verão,0,0,3,2,1,0,0,0,0,0,0,0,0,0,0,0,0,1,0,1,0,0,0
1650,20191738220,2019-08-19 12:30:00,Segunda-Feira,NÃO DEFINIDO,38.7550927,-9.1386067,Direita,Dentro das localidades,Alvalade,,Despiste,Despiste sem dispositivo de retenção,Curva,Em patamar,Sem berma ou impraticável,Em plena via,Em bom estado,Estrada sem separador,Sentido único,Sem marcas rodoviárias ou pouco visíveis,Inexistentes,Cedência de passagem,Inexistentes,Betuminoso,Em rotunda,Bom tempo,Em pleno dia,Seco e limpo,0,0,1,Arruamento sem separador,Via Secundária,23,,Largo Frei Heitor Pinto,Sem GPS - estimado,2019,8,19,12,Tarde,Verão,1,0,3,1,0,0,0,0,0,0,0,0,0,0,0,0,1,0,0,1,0,0,0