,IdAcidente,Datahora,Dia da Semana,Sentidos,Latitude GPS,Longitude GPS,Via Trânsito,Localizações,Freguesia,Pov. Proxima,Tipo Natureza,Natureza,Tipo de Traçado,Inclinação do Traçado,Berma do Traçado,Localização do Traçado,Estado Conservação,Características Tecnicas,Reg Circulação,Marca Via,Obstáculos,Sinais,Sinais Luminosos,Tipo Piso,Intersecção Vias,Factores Atmosféricos,Luminosidade,Cond Aderência,VM,FG,FL,Tipos Vias,Via,Num arruamento,Km,Nome arruamento,Localização 2,Ano,Mês,Dia,Hora,Periodo,Estação,Dia Util,Gravidade,Indicador de Gravidade,Veículos envolvidos,Passageiros envolvidos,Peões envolvidos,Inf/Ação: Abertura de porta,Inf/Ação: Desrespeito da sinalização semafórica,Inf/Ação: Desrespeito da sinalização vertical,Inf/Ação: Desrespeito das distâncias de segurança,Inf/Ação: Desrespeito das marcas rodoviárias,Inf/Ação: Encandeamento,Inf/Ação: Manobra irregular,Inf/Ação: Não sinalização da manobra,Inf/Ação: Obstáculo imprevisto na faixa de rodagem,Inf/Ação: Rebentamento de pneumático,Inf/Ação: Velocidade excessiva para as condições existentes,Automóvel ligeiro,Automóvel pesado,Motociclos/Ciclomotores,Outros Veículos,Velocípedes,Peões
1651,20191738278,2019-08-21 18:00:00,Quarta-Feira,NÃO DEFINIDO,38.715007,-9.170054,Direita,Dentro das localidades,Campo de Ourique,Lisboa,Despiste,Despiste sem dispositivo de retenção,Curva,Com inclinação,Berma pavimentada,Em plena via,Em estado regular,Outra via,Sentido único,Sem marcas rodoviárias ou pouco visíveis,Inexistentes,Outros,Inexistentes,Betuminoso,Fora da intersecção,Bom tempo,Em pleno dia,Seco e limpo,0,0,1,Arruamento com separador,Via Secundária,0,,Praça São João Bosco,Localização GPS,2019,8,21,18,Noite,Verão,1,0,3,1,0,0,0,0,0,0,0,0,0,0,0,0,0,0,0,1,0,0,0
1652,20191738279,2019-08-17 21:00:00,Sábado,NÃO DEFINIDO,38.722857,-9.139371,Direita,Dentro das localidades,Arroios,Lisboa,Despiste,Despiste sem dispositivo de retenção,Recta,Com inclinação,Berma pavimentada,Em plena via,Em estado regular,Estrada sem separador,Dois sentidos,Sem marcas rodoviárias ou pouco visíveis,Inexistentes,NÃO DEFINIDO,A funcionar normalmente,Betuminoso,Fora da intersecção,Bom tempo,"Noite, com iluminação",Seco e limpo,0,0,1,Arruamento sem separador,Via Secundária,106,,Campo Mártires da Pátria,Localização GPS,2019,8,17,21,Noite,Verão,0,0,3,1,0,0,0,0,0,0,0,0,0,0,0,0,0,0,0,1,0,0,0
1653,20191738284,2019-08-14 08:15:00,Quarta-Feira,No sentido decrescente da quilometragem,,,Direita,Dentro das localidades,Lumiar,Lisboa,Despiste,Despiste com dispositivo de retenção,Recta,Com inclinação,Berma pavimentada,Na berma,Em estado regular,Outra via,Sentido único,Com marcas,Inexistentes,Outros,Inexistentes,Betuminoso,Fora da intersecção,Bom tempo,Em pleno dia,Seco e limpo,0,0,1,Arruamento com separador,Via Secundária,0,,Avenida Santos e Castro,Sem GPS - não estimado,2019,8,14,8,Manhã,Verão,1,0,3,1,0,0,0,0,0,0,0,0,0,0,0,0,0,1,0,0,0,0,0
1654,20191738331,2019-08-21 06:30:00,Quarta-Feira,NÃO DEFINIDO,38.7501229,-9.1914335,Direita,Dentro das localidades,Benfica,,Colisão,Colisão lateral com outro veículo em movimento,Recta,Em patamar,Berma pavimentada,Em plena via,Em bom estado,Estrada sem separador,Dois sentidos,Com marcas,Inexistentes,Outros,Inexistentes,Betuminoso,Em entroncamento,Bom tempo,Aurora ou crepúsculo,Seco e limpo,0,0,1,Arruamento sem separador,Via Secundária,9,,Avenida Colégio Militar,Sem GPS - estimado,2019,8,21,6,Manhã,Verão,1,0,3,2,0,0,0,0,0,1,0,0,0,0,0,0,0,1,0,1,0,0,0
1655,20191738466,2019-08-20 07:15:00,Terça-Feira,No sentido decrescente da quilometragem,,,Direita,Dentro das localidades,Alvalade,,Colisão,Colisão traseira com outro veículo em movimento,Recta,Com inclinação,Sem berma ou impraticável,Em plena via,Em estado regular,Outra via,Sentido único,Com marcas,Inexistentes,Outros,Inexistentes,Betuminoso,Fora da intersecção,Bom tempo,Aurora ou crepúsculo,Seco e limpo,0,0,4,Arruamento com separador,2ª Circular,0,,Avenida General Norton de Matos,Sem GPS - não estimado,2019,8,20,7,Manhã,Verão,1,0,12,2,3,0,0,0,0,1,0,0,0,0,0,0,0,1,0,0,0,0,0
1656,20191738542,2019-08-17 22:45:00,Sábado,NÃO DEFINIDO,38.7072161,-9.1416735,Direita,Dentro das localidades,Santa Maria Maior,Lisboa,Colisão,Colisão frontal,Curva,Em patamar,Sem berma ou impraticável,Em plena via,Em estado regular,Estrada sem separador,Dois sentidos,Sem marcas rodoviárias ou pouco visíveis,Inexistentes,Cedência de passagem,Inexistentes,Calçada,Em entroncamento,Bom tempo,"Noite, com iluminação",Seco e limpo,0,0,1,Arruamento sem separador,Via Secundária,164,,Rua Arsenal,Sem GPS - estimado,2019,8,17,22,Noite,Verão,0,0,3,2,0,0,0,0,0,0,0,0,0,0,0,0,0,1,0,1,0,0,0
1657,20191738543,2019-08-17 20:00:00,Sábado,No sentido decrescente da quilometragem,,,Esquerda,Dentro das localidades,Lumiar,Lisboa,Despiste,Despiste com capotamento,Recta,Em patamar,Berma pavimentada,Em plena via,Em bom estado,Outra via,Sentido único,Sem marcas rodoviárias ou pouco visíveis,Inexistentes,Outros,Inexistentes,Betuminoso,Fora da intersecção,Bom tempo,Aurora ou crepúsculo,Seco e limpo,0,0,1,IP - Itinerário Principal,IP7,,4.1,,Sem GPS - não estimado,2019,8,17,20,Noite,Verão,0,0,3,1,0,0,0,0,0,0,0,0,0,0,0,0,0,1,0,0,0,0,0
1658,20191738561,2019-08-18 16:15:00,Domingo,NÃO DEFINIDO,,,Central,Dentro das localidades,Santa Maria dos Olivais,,Colisão,Colisão com outras situações,Recta,Em patamar,Sem berma ou impraticável,Em plena via,Em estado regular,Estrada sem separador,Sentido único,Com marcas,Inexistentes,NÃO DEFINIDO,Inexistentes,Betuminoso,Fora da intersecção,Bom tempo,Em pleno dia,Seco e limpo,0,0,1,Arruamento sem separador,Via Secundária,0,,Alameda Comunidades Portuguesas,Sem GPS - não estimado,2019,8,18,16,Tarde,Verão,0,0,3,2,0,0,0,0,0,0,0,0,0,0,0,0,0,1,0,0,0,0,0
1659,20191738582,2019-08-10 06:50:00,Sábado,No sentido crescente da quilometragem,,,Central,Dentro das localidades,Alvalade,,Colisão,Colisão traseira com outro veículo em movimento,Recta,Em patamar,Berma pavimentada,Em plena via,Em bom estado,Outra via,Sentido único,Com marcas,Inexistentes,Outros,Inexistentes,Betuminoso,Fora da intersecção,Bom tempo,Em pleno dia,Seco e limpo,0,0,2,Arruamento com separador,Via Secundária,0,,Avenida Cidade do Porto,Sem GPS - não estimado,2019,8,10,6,Manhã,Verão,0,0,6,2,1,0,0,0,0,0,0,0,0,0,0,0,1,1,0,0,0,0,0
1660,20191739750,2019-08-20 01:20:00,Terça-Feira,NÃO DEFINIDO,38.7779703,-9.1140458,Direita,Dentro das localidades,Santa Maria dos Olivais,Lisboa,Despiste,Despiste sem dispositivo de retenção,Curva,Em patamar,Berma pavimentada,Em plena via,Em estado regular,Outra via,Sentido único,Com marcas,Inexistentes,Outros,Inexistentes,Betuminoso,Fora da intersecção,Bom tempo,"Noite, com iluminação",Escorregadio por outros fatores,0,0,1,Arruamento com separador,Via Secundária,1,,Avenida Doutor Alfredo Bensaúde,Sem GPS - estimado,2019,8,20,1,Madrugada,Verão,1,0,3,1,0,0,0,0,0,0,0,0,0,0,0,0,0,0,0,1,0,0,0
1661,20191739761,2019-08-07 07:45:00,Quarta-Feira,NÃO DEFINIDO,38.7060439,-9.1815397,Direita,Dentro das localidades,Alcântara,,Despiste,Despiste sem dispositivo de retenção,Recta,Com inclinação,Berma pavimentada,Em plena via,Em estado regular,Estrada sem separador,Dois sentidos,Com marcas,Inexistentes,Outros,Inexistentes,Calçada,Fora da intersecção,Chuva,Em pleno dia,Seco e limpo,0,0,1,Arruamento sem separador,Via Secundária,87,,Calçada Tapada,Sem GPS - estimado,2019,8,7,7,Manhã,Verão,1,0,3,1,0,0,0,0,0,0,0,0,0,0,0,0,0,0,0,1,0,0,0
1662,20191739807,2019-08-23 16:40:00,Sexta-Feira,NÃO DEFINIDO,,,Central,Dentro das localidades,São Domingos de Benfica,,Colisão,Colisão lateral com outro veículo em movimento,Recta,Em patamar,Berma pavimentada,Em plena via,Em estado regular,Estrada sem separador,Sentido único,Com marcas,Inexistentes,Outros,A funcionar normalmente,Betuminoso,Em cruzamento,Bom tempo,Em pleno dia,Seco e limpo,0,0,2,Arruamento sem separador,Via Secundária,0,,Praça Marechal Humberto Delgado,Sem GPS - não estimado,2019,8,23,16,Tarde,Verão,1,0,6,2,2,0,0,0,0,0,0,0,0,0,0,0,0,1,0,0,0,0,0
1663,20191739840,2019-08-23 11:10:00,Sexta-Feira,NÃO DEFINIDO,38.7470958,-9.1049197,Direita,Dentro das localidades,Santa Maria Maior,,Despiste,Despiste sem dispositivo de retenção,Recta,Em patamar,Berma pavimentada,Em plena via,Em estado regular,Estrada sem separador,Dois sentidos,Com marcas,Inexistentes,NÃO DEFINIDO,A funcionar normalmente,Calçada,Fora da intersecção,Bom tempo,Em pleno dia,Seco e limpo,0,0,1,Arruamento sem separador,Via Secundária,1,,Avenida Infante Dom Henrique,Sem GPS - estimado,2019,8,23,11,Manhã,Verão,1,0,3,1,0,0,0,0,0,0,0,0,0,0,0,0,0,0,0,0,0,1,0
1664,20191739854,2019-08-21 00:15:00,Quarta-Feira,NÃO DEFINIDO,38.7680912,-9.1070376,Direita,Dentro das localidades,Santa Maria dos Olivais,Lisboa,Atropelamento,Atropelamento de peões,Curva,Em patamar,Berma pavimentada,Em plena via,Em estado regular,Estrada sem separador,Sentido único,Com marcas,Inexistentes,Cedência de passagem,Inexistentes,Betuminoso,Em ramo de ligação - entrada,Bom tempo,"Noite, com iluminação",Seco e limpo,0,0,1,Arruamento sem separador,Via Secundária,0,,Avenida Berlim,Sem GPS - estimado,2019,8,21,0,Madrugada,Verão,1,0,3,1,0,1,0,0,0,1,0,0,0,0,0,0,0,1,0,0,0,0,1
1665,20191739934,2019-08-25 20:30:00,Domingo,NÃO DEFINIDO,38.7242895,-9.1462094,Direita,Dentro das localidades,Santo António,,Colisão,Colisão lateral com outro veículo em movimento,Recta,Com inclinação,Berma pavimentada,Em plena via,Em bom estado,Estrada sem separador,Dois sentidos,Com marcas,Correctamente sinalizados,Outros,A funcionar normalmente,Betuminoso,Fora da intersecção,Bom tempo,Aurora ou crepúsculo,Molhado,0,0,1,Arruamento sem separador,Via Secundária,1,,Rua Alexandre Herculano,Sem GPS - estimado,2019,8,25,20,Noite,Verão,0,0,3,2,0,0,0,0,0,0,0,0,0,0,0,0,0,1,0,1,0,0,0
1666,20191739973,2019-08-20 12:00:00,Terça-Feira,NÃO DEFINIDO,38.7208121,-9.1618644,Esquerda,Dentro das localidades,Campo de Ourique,,Colisão,Colisão lateral com outro veículo em movimento,Recta,Em patamar,Sem berma ou impraticável,Em plena via,Em estado regular,Estrada sem separador,Dois sentidos,Com marcas,Inexistentes,Outros,Inexistentes,Betuminoso,Fora da intersecção,Bom tempo,Em pleno dia,Seco e limpo,0,0,1,Arruamento sem separador,Via Secundária,6,,Rua Joshua Benoliel,Sem GPS - estimado,2019,8,20,12,Tarde,Verão,1,0,3,2,0,0,0,0,0,0,0,0,0,0,0,0,0,1,0,0,0,0,0
1667,20191739981,2019-08-24 21:50:00,Sábado,NÃO DEFINIDO,38.757937,-9.1409847,Esquerda,Dentro das localidades,Alvalade,,Colisão,Colisão lateral com outro veículo em movimento,Recta,Em patamar,Berma pavimentada,Em plena via,Em estado regular,Estrada sem separador,Dois sentidos,Com marcas,Inexistentes,Outros,A funcionar normalmente,Betuminoso,Em entroncamento,Bom tempo,"Noite, com iluminação",Seco e limpo,0,0,2,Arruamento sem separador,Via Secundária,158,,Avenida Brasil,Sem GPS - estimado,2019,8,24,21,Noite,Verão,0,0,6,2,1,0,0,0,0,0,0,0,0,0,0,0,0,1,0,1,0,0,0
1668,20191740155,2019-08-21 18:56:00,Quarta-Feira,No sentido crescente da quilometragem,,,Direita,Dentro das localidades,Arroios,Lisboa,Colisão,Colisão com outras situações,Curva,Em patamar,Berma pavimentada,Em plena via,Em estado regular,Outra via,Sentido único,Com marcas,Inexistentes,NÃO DEFINIDO,A funcionar normalmente,Betuminoso,Em entroncamento,Bom tempo,Em pleno dia,Seco e limpo,0,0,1,Arruamento com separador,Via Secundária,0,,Avenida Almirante Reis,Sem GPS - não estimado,2019,8,21,18,Noite,Verão,1,0,3,2,0,0,0,0,0,0,0,0,0,0,0,0,0,1,0,0,0,0,0
1669,20191740161,2019-08-18 03:25:00,Domingo,No sentido crescente da quilometragem,38.7356303999999,-9.1448985,Central,Dentro das localidades,Avenidas Novas,Lisboa,Atropelamento,Atropelamento de peões,Recta,Em patamar,Sem berma ou impraticável,Em plena via,Em bom estado,Outra via,Sentido único,Com marcas,Inexistentes,Outros,Inexistentes,Betuminoso,Fora da intersecção,Bom tempo,"Noite, com iluminação",Seco e limpo,0,2,1,Arruamento com separador,Via Secundária,14,,Avenida República,Sem GPS - estimado,2019,8,18,3,Madrugada,Verão,0,1,23,1,1,1,0,0,0,0,0,0,0,0,0,0,0,0,0,1,0,0,1
1670,20191740166,2019-08-15 17:15:00,Quinta-Feira,NÃO DEFINIDO,,,Direita,Dentro das localidades,Ajuda,,Colisão,Colisão lateral com outro veículo em movimento,Recta,Com inclinação,Berma pavimentada,Em plena via,Em estado regular,Estrada sem separador,Dois sentidos,Com marcas,Inexistentes,Outros,Inexistentes,Betuminoso,Em entroncamento,Bom tempo,Em pleno dia,Seco e limpo,0,0,1,Arruamento sem separador,Via Secundária,0,,Estrada Pedro Teixeira,Sem GPS - não estimado,2019,8,15,17,Tarde,Verão,0,0,3,2,0,0,0,0,0,0,0,0,0,0,0,0,0,1,0,1,0,0,0
1671,20191740226,2019-08-26 11:00:00,Segunda-Feira,NÃO DEFINIDO,38.78839,-9.15713,Direita,Dentro das localidades,Santa Clara,Lisboa,Atropelamento,Atropelamento de peões,Curva,Com inclinação,Sem berma ou impraticável,Em plena via,Em estado regular,Estrada sem separador,Dois sentidos,Sem marcas rodoviárias ou pouco visíveis,Inexistentes,NÃO DEFINIDO,Inexistentes,Betuminoso,Em entroncamento,Bom tempo,Em pleno dia,Seco e limpo,0,0,1,Arruamento sem separador,Via Secundária,0,,Rua Vicente Lusitano,Sem GPS - estimado,2019,8,26,11,Manhã,Verão,1,0,3,1,0,1,0,0,0,0,0,0,0,0,0,0,0,1,0,0,0,0,1
1672,20191740352,2019-08-21 12:45:00,Quarta-Feira,NÃO DEFINIDO,,,Direita,Dentro das localidades,Alcântara,Lisboa,Despiste,Despiste com dispositivo de retenção,Recta,Com inclinação,Sem berma ou impraticável,Em plena via,Em estado regular,Estrada sem separador,Dois sentidos,Com marcas,Inexistentes,Outros,Inexistentes,Betuminoso,Em cruzamento,Bom tempo,Em pleno dia,Seco e limpo,0,0,1,Arruamento sem separador,Via Secundária,0,,Calçada Tapada,Sem GPS - não estimado,2019,8,21,12,Tarde,Verão,1,0,3,1,0,0,0,0,0,0,0,0,0,0,0,0,0,0,0,1,0,0,0
1673,20191740369,2019-08-13 19:35:00,Terça-Feira,NÃO DEFINIDO,,,Central,Dentro das localidades,Lumiar,,Colisão,Colisão com fuga,Recta,Com inclinação,Berma pavimentada,Em plena via,Em estado regular,Outra via,Sentido único,Com marcas,Inexistentes,Outros,Inexistentes,Betuminoso,Fora da intersecção,Bom tempo,Em pleno dia,Seco e limpo,0,0,1,Arruamento com separador,Via Secundária,0.0,,Avenida Padre Cruz,Sem GPS - não estimado,2019,8,13,19,Noite,Verão,1,0,3,1,0,0,0,0,0,0,0,0,0,0,0,0,0,0,0,1,0,0,0
1674,20191740371,2019-08-08 21:00:00,Quinta-Feira,NÃO DEFINIDO,38.7354333,-9.1655386,Direita,Dentro das localidades,Campolide,,Colisão,Colisão traseira com outro veículo em movimento,Recta,Em patamar,Berma pavimentada,Em plena via,Em bom estado,Estrada sem separador,Dois sentidos,Com marcas,Inexistentes,Outros,Inexistentes,Betuminoso,Fora da intersecção,Bom tempo,"Noite, com iluminação",Seco e limpo,0,0,1,Arruamento sem separador,Via Secundária,290,,Rua Campolide,Sem GPS - estimado,2019,8,8,21,Noite,Verão,1,0,3,2,0,0,0,0,0,0,0,0,0,0,0,0,1,1,0,1,0,0,0
1675,20191740372,2019-08-08 20:30:00,Quinta-Feira,NÃO DEFINIDO,,,Direita,Dentro das localidades,Arroios,,Despiste,Despiste sem dispositivo de retenção,Recta,Em patamar,Berma pavimentada,Em plena via,Em bom estado,Estrada sem separador,Dois sentidos,Com marcas,Inexistentes,Outros,Inexistentes,Betuminoso,Em cruzamento,Bom tempo,"Noite, com iluminação",Seco e limpo,0,0,1,Arruamento sem separador,Via Secundária,0,,Rua Pascoal de Melo,Sem GPS - não estimado,2019,8,8,20,Noite,Verão,1,0,3,1,0,0,0,0,0,0,0,0,0,0,0,0,0,0,0,1,0,0,0
1676,20191740382,2019-08-27 12:55:00,Terça-Feira,NÃO DEFINIDO,38.7570179,-9.140007,Esquerda,Dentro das localidades,Alvalade,Lisboa,Atropelamento,Atropelamento de peões,Recta,Em patamar,Berma pavimentada,Em plena via,Em bom estado,Estrada sem separador,Dois sentidos,Com marcas,Inexistentes,Passagem de peões,Inexistentes,Betuminoso,Fora da intersecção,Bom tempo,Em pleno dia,Seco e limpo,0,0,1,Arruamento sem separador,Via Secundária,56,,Avenida Rio de Janeiro,Sem GPS - estimado,2019,8,27,12,Tarde,Verão,1,0,3,1,0,1,0,0,0,0,0,0,0,0,0,0,0,1,0,0,0,0,1
1677,20191740385,2019-08-22 10:45:00,Quinta-Feira,NÃO DEFINIDO,,,Direita,Dentro das localidades,Avenidas Novas,,Colisão,Colisão lateral com outro veículo em movimento,Recta,Com inclinação,Berma pavimentada,Em plena via,Em estado regular,Estrada sem separador,Sentido único,Sem marcas rodoviárias ou pouco visíveis,Inexistentes,Outros,Inexistentes,Betuminoso,Em cruzamento,Bom tempo,Em pleno dia,Seco e limpo,0,0,2,Arruamento sem separador,Via Secundária,0,,Rua Jorge Afonso,Sem GPS - não estimado,2019,8,22,10,Manhã,Verão,1,0,6,2,1,0,0,0,0,0,0,0,0,0,0,0,0,1,0,0,0,0,0
1678,20191740392,2019-08-27 07:35:00,Terça-Feira,NÃO DEFINIDO,38.7736287999999,-9.16185349999999,Direita,Dentro das localidades,Lumiar,Lisboa,Atropelamento,Atropelamento de peões,Recta,Em patamar,Berma pavimentada,Em plena via,Em estado regular,Estrada sem separador,Dois sentidos,Com marcas,Inexistentes,NÃO DEFINIDO,A funcionar normalmente,Betuminoso,Fora da intersecção,Bom tempo,Em pleno dia,Seco e limpo,0,1,0,Arruamento sem separador,Via Secundária,275,,Alameda Linhas de Torres,Sem GPS - estimado,2019,8,27,7,Manhã,Verão,1,1,10,1,0,1,0,1,0,0,0,0,0,0,0,0,0,1,0,0,0,0,1
1679,20191740432,2019-08-25 08:00:00,Domingo,NÃO DEFINIDO,,,Central,Dentro das localidades,Benfica,Lisboa,Despiste,Despiste sem dispositivo de retenção,Curva,Em patamar,Sem berma ou impraticável,Em plena via,Em estado regular,Estrada sem separador,Sentido único,Com marcas,Inexistentes,Outros,Inexistentes,Betuminoso,Em rotunda,Bom tempo,Em pleno dia,Seco e limpo,0,0,1,Arruamento sem separador,Via Secundária,0,,Rotunda Pina Manique,Sem GPS - não estimado,2019,8,25,8,Manhã,Verão,0,0,3,1,0,0,0,0,0,0,0,0,0,0,0,0,0,0,0,1,0,0,0
1680,20191740454,2019-08-25 15:05:00,Domingo,NÃO DEFINIDO,38.6984749,-9.188823,Esquerda,Dentro das localidades,Alcântara,,Colisão,Colisão lateral com outro veículo em movimento,Recta,Em patamar,Berma pavimentada,Em plena via,Em estado regular,Estrada sem separador,Dois sentidos,Com marcas,Inexistentes,NÃO DEFINIDO,Intermitente,Betuminoso,Em entroncamento,Bom tempo,Em pleno dia,Seco e limpo,0,0,1,Arruamento sem separador,Via Secundária,136,,Rua Junqueira,Sem GPS - estimado,2019,8,25,15,Tarde,Verão,0,0,3,2,0,0,0,0,0,0,0,0,0,0,0,0,0,1,1,0,0,0,0
1681,20191740464,2019-08-27 08:35:00,Terça-Feira,No sentido crescente da quilometragem,,,Direita,Fora das localidades,Alcântara,,Colisão,Colisão com outras situações,Recta,Em patamar,Sem berma ou impraticável,Em plena via,Em estado regular,Auto-estrada,Sentido único,Com marcas,Inexistentes,Outros,Inexistentes,Betuminoso,Fora da intersecção,Bom tempo,Em pleno dia,Seco e limpo,0,0,1,A  - Auto-Estrada,A2-PNT25ABRIL,,2.3,,Sem GPS - não estimado,2019,8,27,8,Manhã,Verão,1,0,3,1,1,0,0,0,0,0,0,0,0,0,0,0,0,1,0,0,0,0,0
1682,20191740497,2019-08-12 15:30:00,Segunda-Feira,NÃO DEFINIDO,,,Direita,Dentro das localidades,Avenidas Novas,,Despiste,Despiste sem dispositivo de retenção,Recta,Com inclinação,Berma pavimentada,Em plena via,Em bom estado,Estrada sem separador,Dois sentidos,Com marcas,Inexistentes,Outros,A funcionar normalmente,Betuminoso,Em cruzamento,Bom tempo,Em pleno dia,Molhado,0,0,1,Arruamento sem separador,Via Secundária,0,,Alameda Cardeal Cerejeira,Sem GPS - não estimado,2019,8,12,15,Tarde,Verão,1,0,3,1,0,0,0,0,0,0,0,0,0,0,1,0,0,0,0,1,0,0,0
1683,20191740503,2019-08-21 15:00:00,Quarta-Feira,NÃO DEFINIDO,,,Central,Dentro das localidades,Campolide,,Colisão,Colisão com outras situações,Curva,Em patamar,Sem berma ou impraticável,Em plena via,Em estado regular,Outra via,Sentido único,Com marcas,Inexistentes,Stop,Inexistentes,Betuminoso,Em cruzamento,Bom tempo,Em pleno dia,Seco e limpo,0,0,1,Arruamento com separador,Via Secundária,0,,Avenida Ceuta,Sem GPS - não estimado,2019,8,21,15,Tarde,Verão,1,0,3,2,0,0,0,0,1,0,0,0,0,0,0,0,0,1,0,0,0,1,0
1684,20191740510,2019-08-23 16:30:00,Sexta-Feira,No sentido decrescente da quilometragem,,,Esquerda,Dentro das localidades,Santa Maria dos Olivais,Lisboa,Colisão,Colisão lateral com outro veículo em movimento,Recta,Com inclinação,Sem berma ou impraticável,Em plena via,Em estado regular,Outra via,Sentido único,Com marcas,Inexistentes,Outros,Inexistentes,Betuminoso,Fora da intersecção,Bom tempo,Em pleno dia,Seco e limpo,0,0,1,Arruamento com separador,2ª Circular,0,,Avenida Marechal Craveiro Lopes,Sem GPS - não estimado,2019,8,23,16,Tarde,Verão,1,0,3,2,0,0,0,0,0,0,0,0,0,0,0,0,0,1,0,0,0,0,0
1685,20191740537,2019-08-12 14:00:00,Segunda-Feira,No sentido decrescente da quilometragem,,,Direita,Dentro das localidades,São Domingos de Benfica,,Colisão,Colisão choque em cadeia,Recta,Em patamar,Berma pavimentada,Em plena via,Em estado regular,Outra via,Sentido único,Com marcas,Inexistentes,Outros,Inexistentes,Betuminoso,Em via de aceleração,Bom tempo,Em pleno dia,Seco e limpo,0,0,3,IP - Itinerário Principal,IP7,,6.5,,Sem GPS - não estimado,2019,8,12,14,Tarde,Verão,1,0,9,4,1,0,0,0,0,0,0,0,0,0,0,0,0,1,0,0,0,0,0
1686,20191740541,2019-02-10 19:45:00,Domingo,NÃO DEFINIDO,,,Direita,Dentro das localidades,Misericórdia,,Despiste,Despiste sem dispositivo de retenção,Recta,Com inclinação,Sem berma ou impraticável,Em plena via,Em bom estado,Estrada sem separador,Dois sentidos,Sem marcas rodoviárias ou pouco visíveis,Inexistentes,Outros,Inexistentes,Betuminoso,Em via de aceleração,Bom tempo,"Noite, com iluminação",Seco e limpo,0,0,1,Arruamento sem separador,Via Secundária,0,,Rua Prazeres,Sem GPS - não estimado,2019,2,10,19,Noite,Inverno,0,0,3,1,0,0,0,0,0,0,0,0,0,0,0,0,0,0,0,1,0,0,0
1687,20191740597,2019-08-27 17:10:00,Terça-Feira,NÃO DEFINIDO,,,Direita,Dentro das localidades,Santa Maria dos Olivais,,Colisão,Colisão traseira com outro veículo em movimento,Recta,Em patamar,Sem berma ou impraticável,Em plena via,Em estado regular,Estrada sem separador,Sentido único,Com marcas,Inexistentes,NÃO DEFINIDO,Inexistentes,Betuminoso,Em entroncamento,Bom tempo,Em pleno dia,Seco e limpo,0,0,2,Arruamento sem separador,Via Secundária,0,,Avenida Cidade do Porto,Sem GPS - não estimado,2019,8,27,17,Tarde,Verão,1,0,6,3,0,0,0,0,0,0,0,0,0,0,0,0,1,1,0,0,0,0,0
1688,20191740607,2019-08-25 19:00:00,Domingo,No sentido decrescente da quilometragem,38.7052301,-9.1442111,Direita,Dentro das localidades,Misericórdia,Lisboa,Atropelamento,Atropelamento de peões,Recta,Em patamar,Berma pavimentada,Em plena via,Em bom estado,Outra via,Sentido único,Com marcas,Inexistentes,Outros,A funcionar normalmente,Calçada,Fora da intersecção,Bom tempo,Em pleno dia,Seco e limpo,0,0,1,Arruamento com separador,Via Secundária,2,,Cais Sodré,Sem GPS - estimado,2019,8,25,19,Noite,Verão,0,0,3,1,0,1,0,1,0,0,0,0,0,0,0,0,0,1,0,0,0,0,1
1689,20191740624,2019-08-28 13:40:00,Quarta-Feira,No sentido crescente da quilometragem,,,Esquerda,Fora das localidades,Alcântara,Lisboa,Colisão,Colisão traseira com outro veículo em movimento,Recta,Com inclinação,Berma pavimentada,Em plena via,Em estado regular,Auto-estrada,Sentido único,Com marcas,Inexistentes,Outros,Inexistentes,Betuminoso,Fora da intersecção,Bom tempo,Em pleno dia,Seco e limpo,0,0,1,A  - Auto-Estrada,A2-PNT25ABRIL,,1.35,,Sem GPS - não estimado,2019,8,28,13,Tarde,Verão,1,0,3,3,1,0,0,0,0,1,0,0,0,0,0,0,0,1,0,0,0,0,0
1690,20191740632,2019-08-26 06:30:00,Segunda-Feira,NÃO DEFINIDO,,,Esquerda,Dentro das localidades,Santa Maria dos Olivais,Lisboa,Colisão,Colisão com outras situações,Recta,Em patamar,Sem berma ou impraticável,Em plena via,Em estado regular,Estrada sem separador,Sentido único,Sem marcas rodoviárias ou pouco visíveis,Inexistentes,Outros,A funcionar normalmente,Betuminoso,Em cruzamento,Bom tempo,"Noite, com iluminação",Seco e limpo,0,0,2,Arruamento sem separador,Via Secundária,0,,Avenida Cidade do Porto,Sem GPS - não estimado,2019,8,26,6,Manhã,Verão,1,0,6,2,0,0,0,0,0,0,0,0,0,0,0,0,0,1,0,0,0,0,0
1691,20191740639,2019-08-24 12:30:00,Sábado,NÃO DEFINIDO,38.7351671,-9.1405253,Direita,Dentro das localidades,Avenidas Novas,,Colisão,Colisão lateral com outro veículo em movimento,Curva,Em patamar,Berma pavimentada,Em plena via,Em bom estado,Estrada sem separador,Dois sentidos,Com marcas,Inexistentes,Outros,Inexistentes,Betuminoso,Em cruzamento,NÃO DEFINIDO,Em pleno dia,Seco e limpo,0,0,1,Arruamento sem separador,Via Secundária,1,,Avenida Duque Ávila,Sem GPS - estimado,2019,8,24,12,Tarde,Verão,0,0,3,2,0,0,0,0,0,0,0,0,0,0,0,0,0,1,0,1,0,0,0
1692,20191740659,2019-08-24 18:40:00,Sábado,NÃO DEFINIDO,,,Esquerda,Dentro das localidades,Alvalade,,Colisão,Colisão com outras situações,Curva,Em patamar,Sem berma ou impraticável,Em plena via,Em estado regular,Outra via,Sentido único,Com marcas,Inexistentes,NÃO DEFINIDO,A funcionar normalmente,Betuminoso,Em rotunda,Bom tempo,Em pleno dia,Seco e limpo,0,0,1,Arruamento com separador,Via Secundária,0,,Praça Aeroporto,Sem GPS - não estimado,2019,8,24,18,Noite,Verão,0,0,3,2,0,0,0,0,0,0,0,0,0,0,0,0,0,1,0,1,0,0,0