,IdAcidente,Datahora,Dia da Semana,Sentidos,Latitude GPS,Longitude GPS,Via Trânsito,Localizações,Freguesia,Pov. Proxima,Tipo Natureza,Natureza,Tipo de Traçado,Inclinação do Traçado,Berma do Traçado,Localização do Traçado,Estado Conservação,Características Tecnicas,Reg Circulação,Marca Via,Obstáculos,Sinais,Sinais Luminosos,Tipo Piso,Intersecção Vias,Factores Atmosféricos,Luminosidade,Cond Aderência,VM,FG,FL,Tipos Vias,Via,Num arruamento,Km,Nome arruamento,Localização 2,Ano,Mês,Dia,Hora,Periodo,Estação,Dia Util,Gravidade,Indicador de Gravidade,Veículos envolvidos,Passageiros envolvidos,Peões envolvidos,Inf/Ação: Abertura de porta,Inf/Ação: Desrespeito da sinalização semafórica,Inf/Ação: Desrespeito da sinalização vertical,Inf/Ação: Desrespeito das distâncias de segurança,Inf/Ação: Desrespeito das marcas rodoviárias,Inf/Ação: Encandeamento,Inf/Ação: Manobra irregular,Inf/Ação: Não sinalização da manobra,Inf/Ação: Obstáculo imprevisto na faixa de rodagem,Inf/Ação: Rebentamento de pneumático,Inf/Ação: Velocidade excessiva para as condições existentes,Automóvel ligeiro,Automóvel pesado,Motociclos/Ciclomotores,Outros Veículos,Velocípedes,Peões
1900,20191745766,2019-09-26 11:10:00,Quinta-Feira,NÃO DEFINIDO,38.7724588,-9.1042527,Direita,Dentro das localidades,Parque das Nações,,Atropelamento,Atropelamento de peões,Recta,Com inclinação,Berma pavimentada,Em plena via,Em bom estado,Estrada sem separador,Sentido único,Sem marcas rodoviárias ou pouco visíveis,Inexistentes,Outros,Inexistentes,Betuminoso,Em entroncamento,Bom tempo,Em pleno dia,Seco e limpo,0,0,1,Arruamento sem separador,Via Secundária,0,,Rua Padre Abel Varzim,Sem GPS - estimado,2019,9,26,11,Manhã,Outono,1,0,3,1,0,1,0,0,0,0,0,0,0,0,0,0,0,1,0,0,0,0,1
1901,20191745768,2019-09-18 05:20:00,Quarta-Feira,NÃO DEFINIDO,,,Direita,Dentro das localidades,Penha de França,,Colisão,Colisão com veiculo ou obstáculo na faixa de rodagem,Recta,Com inclinação,Berma pavimentada,Em plena via,Em estado regular,Estrada sem separador,Sentido único,Sem marcas rodoviárias ou pouco visíveis,Inexistentes,Outros,Inexistentes,Betuminoso,Fora da intersecção,Bom tempo,"Noite, com iluminação",Seco e limpo,0,0,1,Arruamento sem separador,Via Secundária,0.0,,Largo Mendonça e Costa,Sem GPS - não estimado,2019,9,18,5,Madrugada,Verão,1,0,3,4,0,0,0,0,0,0,0,0,0,0,0,0,0,1,0,0,0,0,0
1902,20191745781,2019-09-21 10:00:00,Sábado,NÃO DEFINIDO,,,Esquerda,Dentro das localidades,Lumiar,,Despiste,Despiste com dispositivo de retenção,Curva,Com inclinação,Berma pavimentada,Em plena via,Em estado regular,Estrada sem separador,Sentido único,Com marcas,Inexistentes,Outros,Inexistentes,Betuminoso,Fora da intersecção,Chuva,Em pleno dia,Molhado,0,0,1,Outra Via,Via Secundária,,0.0,,Sem GPS - não estimado,2019,9,21,10,Manhã,Verão,0,0,3,1,0,0,0,0,0,0,0,0,0,0,0,0,0,0,0,1,0,0,0
1903,20191745790,2019-09-26 12:00:00,Quinta-Feira,NÃO DEFINIDO,38.75374,-9.11703,Direita,Dentro das localidades,Parque das Nações,Lisboa,Atropelamento,Atropelamento de peões,Recta,Em patamar,Sem berma ou impraticável,Em plena via,Em bom estado,Outra via,Sentido único,Com marcas,Inexistentes,Passagem de peões,Inexistentes,Betuminoso,Fora da intersecção,Bom tempo,Em pleno dia,Seco e limpo,0,0,1,Arruamento com separador,Via Secundária,0,,Avenida Aquilino Ribeiro Machado,Sem GPS - estimado,2019,9,26,12,Tarde,Outono,1,0,3,1,0,1,0,0,0,0,0,0,0,0,0,0,0,1,0,0,0,0,1
1904,20191745838,2019-09-25 18:00:00,Quarta-Feira,No sentido decrescente da quilometragem,,,Esquerda,Dentro das localidades,Santa Maria dos Olivais,Lisboa,Colisão,Colisão traseira com outro veículo em movimento,Recta,Em patamar,Sem berma ou impraticável,Em plena via,Em estado regular,Outra via,Sentido único,Com marcas,Inexistentes,Outros,Inexistentes,Betuminoso,Fora da intersecção,Bom tempo,Em pleno dia,Seco e limpo,0,0,1,Arruamento com separador,Via Secundária,0.00,,Avenida Cidade do Porto de Lisboa,Sem GPS - não estimado,2019,9,25,18,Noite,Outono,1,0,3,2,1,0,0,0,0,0,0,0,0,1,0,0,1,1,0,0,0,0,0
1905,20191745864,2019-09-12 07:40:00,Quinta-Feira,No sentido decrescente da quilometragem,,,Direita,Fora das localidades,São Domingos de Benfica,Lisboa,Colisão,Colisão traseira com outro veículo em movimento,Recta,Em patamar,Berma pavimentada,Em plena via,Em estado regular,Outra via,Sentido único,Com marcas,Inexistentes,Outros,Inexistentes,Betuminoso,Fora da intersecção,Bom tempo,Em pleno dia,Seco e limpo,0,0,2,IC - Itinerário Complementar,IC19,,0.6,,Sem GPS - não estimado,2019,9,12,7,Manhã,Verão,1,0,6,4,0,0,0,0,0,0,0,0,0,0,0,0,0,1,1,0,0,0,0
1906,20191745881,2019-09-17 22:00:00,Terça-Feira,No sentido decrescente da quilometragem,38.732039,-9.152101,Esquerda,Dentro das localidades,Avenidas Novas,,Despiste,Despiste sem dispositivo de retenção,Recta,Em patamar,Berma pavimentada,Em plena via,Em estado regular,Outra via,Sentido único,Com marcas,Inexistentes,Outros,Inexistentes,Betuminoso,Fora da intersecção,Bom tempo,"Noite, com iluminação",Seco e limpo,0,0,1,Arruamento com separador,Via Secundária,183,,Avenida António Augusto de Aguiar,Sem GPS - estimado,2019,9,17,22,Noite,Verão,1,0,3,1,0,0,0,0,0,0,0,0,0,0,0,0,0,0,0,1,0,0,0
1907,20191745922,2019-09-27 12:20:00,Sexta-Feira,NÃO DEFINIDO,38.7596549,-9.1564908,Esquerda,Dentro das localidades,Lumiar,Lisboa,Atropelamento,Atropelamento de peões,Recta,Em patamar,Berma pavimentada,Em plena via,Em bom estado,Estrada sem separador,Sentido único,Com marcas,Inexistentes,Outros,A funcionar normalmente,Betuminoso,Fora da intersecção,Bom tempo,Em pleno dia,Seco e limpo,0,0,1,Arruamento sem separador,Via Secundária,410,,Campo Grande,Sem GPS - estimado,2019,9,27,12,Tarde,Outono,1,0,3,1,0,1,0,0,0,0,0,0,0,0,0,0,0,1,0,0,0,0,1
1908,20191745935,2019-09-22 11:50:00,Domingo,NÃO DEFINIDO,38.7170794,-9.1579561,Direita,Dentro das localidades,Estrela,,Colisão,Colisão com outras situações,Recta,Em patamar,Berma pavimentada,Em plena via,Em bom estado,Estrada sem separador,Dois sentidos,Com marcas,Inexistentes,Outros,Inexistentes,Betuminoso,Fora da intersecção,Bom tempo,Em pleno dia,Seco e limpo,0,0,1,Arruamento sem separador,Via Secundária,102,,Avenida Alvares Cabral,Sem GPS - estimado,2019,9,22,11,Manhã,Verão,0,0,3,3,0,0,0,0,0,0,0,0,0,0,0,0,0,1,1,1,0,0,0
1909,20191745947,2019-09-28 12:15:00,Sábado,NÃO DEFINIDO,,,Direita,Dentro das localidades,Marvila,Lisboa,Colisão,Colisão lateral com outro veículo em movimento,Recta,Com inclinação,Berma pavimentada,Em plena via,Em estado regular,Estrada sem separador,Dois sentidos,Sem marcas rodoviárias ou pouco visíveis,Inexistentes,Cedência de passagem,Inexistentes,Betuminoso,Fora da intersecção,Bom tempo,Em pleno dia,Seco e limpo,0,0,1,Arruamento sem separador,Via Secundária,0,,Rua Engenheiro Ferreira Dias,Sem GPS - não estimado,2019,9,28,12,Tarde,Outono,0,0,3,2,0,0,0,0,1,0,0,0,0,0,0,0,0,1,0,0,0,0,0
1910,20191745949,2019-09-28 08:20:00,Sábado,No sentido crescente da quilometragem,38.7765147,-9.1193184,Direita,Dentro das localidades,Santa Maria dos Olivais,,Colisão,Colisão lateral com outro veículo em movimento,Recta,Em patamar,Berma pavimentada,Em plena via,Em bom estado,Outra via,Sentido único,Com marcas,Inexistentes,Outros,Inexistentes,Betuminoso,Fora da intersecção,Bom tempo,"Noite, sem iluminação",Escorregadio por outros fatores,0,0,1,Arruamento com separador,Via Secundária,10,,Rua Circular Norte,Sem GPS - estimado,2019,9,28,8,Manhã,Outono,0,0,3,2,0,0,0,0,0,0,0,0,0,0,0,0,0,1,0,0,0,0,0
1911,20191745959,2019-09-27 08:00:00,Sexta-Feira,No sentido crescente da quilometragem,,,Direita,Dentro das localidades,Lumiar,,Colisão,Colisão traseira com outro veículo em movimento,Recta,Em patamar,Berma pavimentada,Em plena via,Em bom estado,Outra via,Sentido único,Com marcas,Inexistentes,Outros,Inexistentes,Betuminoso,Fora da intersecção,Bom tempo,Em pleno dia,Molhado,0,0,1,IP - Itinerário Principal,IP7,,4.8,,Sem GPS - não estimado,2019,9,27,8,Manhã,Outono,1,0,3,2,0,0,0,0,0,0,0,0,0,0,0,0,0,1,1,0,0,0,0
1912,20191745963,2019-09-24 21:40:00,Terça-Feira,NÃO DEFINIDO,,,Direita,Dentro das localidades,Parque das Nações,,Despiste,Despiste sem dispositivo de retenção,Curva,Em patamar,Berma pavimentada,Em plena via,Em estado regular,Estrada sem separador,Sentido único,Com marcas,Inexistentes,Cedência de passagem,Inexistentes,Betuminoso,Em rotunda,Bom tempo,"Noite, com iluminação",Seco e limpo,0,0,1,Arruamento sem separador,Via Secundária,0,,Praça Venturoso,Sem GPS - não estimado,2019,9,24,21,Noite,Outono,1,0,3,2,0,0,0,0,0,0,0,0,0,0,0,0,0,1,0,1,0,0,0
1913,20191745971,2019-09-23 16:20:00,Segunda-Feira,No sentido crescente da quilometragem,38.7580049,-9.1297703,Direita,Dentro das localidades,Alvalade,,Colisão,Colisão traseira com outro veículo em movimento,Recta,Em patamar,Berma pavimentada,Em plena via,Em estado regular,Outra via,Sentido único,Com marcas,Inexistentes,NÃO DEFINIDO,A funcionar normalmente,Betuminoso,Fora da intersecção,Bom tempo,Em pleno dia,Seco e limpo,0,0,1,Arruamento com separador,Via Secundária,140,,Avenida Almirante Gago Coutinho,Sem GPS - estimado,2019,9,23,16,Tarde,Outono,1,0,3,2,0,0,0,0,0,0,0,0,0,0,0,0,0,1,0,1,0,0,0
1914,20191745973,2019-09-24 22:30:00,Terça-Feira,NÃO DEFINIDO,,,Esquerda,Dentro das localidades,Lumiar,,Despiste,Despiste com capotamento,Recta,Com inclinação,Sem berma ou impraticável,Em plena via,Em bom estado,Estrada sem separador,Sentido único,Com marcas,Inexistentes,Outros,Inexistentes,Betuminoso,Fora da intersecção,Bom tempo,"Noite, com iluminação",Seco e limpo,0,0,1,Arruamento sem separador,2ª Circular,0,,Avenida Marechal Craveiro Lopes,Sem GPS - não estimado,2019,9,24,22,Noite,Outono,1,0,3,1,0,0,0,0,0,0,0,0,0,0,0,0,1,1,0,0,0,0,0
1915,20191746039,2019-09-23 17:30:00,Segunda-Feira,NÃO DEFINIDO,,,Esquerda,Dentro das localidades,Belém,Lisboa,Colisão,Colisão lateral com outro veículo em movimento,Curva,Com inclinação,Berma pavimentada,Em plena via,Em estado regular,Estrada sem separador,Sentido único,Com marcas,Inexistentes,Outros,Inexistentes,Betuminoso,Fora da intersecção,Bom tempo,Em pleno dia,Seco e limpo,0,0,1,Arruamento sem separador,Via Secundária,,,Avenida Descobertas,Sem GPS - não estimado,2019,9,23,17,Tarde,Outono,1,0,3,2,0,0,0,0,0,0,0,0,0,0,0,0,0,1,0,1,0,0,0
1916,20191746047,2019-09-29 21:10:00,Domingo,NÃO DEFINIDO,,,Direita,Dentro das localidades,Santa Maria dos Olivais,Lisboa,Colisão,Colisão com outras situações,Recta,Em patamar,Sem berma ou impraticável,Em plena via,Em estado regular,Estrada sem separador,Sentido único,Sem marcas rodoviárias ou pouco visíveis,Inexistentes,Outros,Inexistentes,Betuminoso,Em rotunda,Bom tempo,"Noite, com iluminação",Seco e limpo,0,0,1,Arruamento sem separador,Via Secundária,0,,Rotunda Matilde Bensaúde,Sem GPS - não estimado,2019,9,29,21,Noite,Outono,0,0,3,2,0,0,0,0,0,0,0,0,0,0,0,0,0,1,0,1,0,0,0
1917,20191746052,2019-09-29 22:50:00,Domingo,NÃO DEFINIDO,38.742468,-9.139466,Direita,Dentro das localidades,Areeiro,,Colisão,Colisão com veiculo ou obstáculo na faixa de rodagem,Recta,Em patamar,Berma pavimentada,Em plena via,Em estado regular,Estrada sem separador,Sentido único,Com marcas,Inexistentes,Outros,A funcionar normalmente,Betuminoso,Fora da intersecção,Bom tempo,"Noite, com iluminação",Seco e limpo,0,0,1,Arruamento sem separador,Via Secundária,0,,Avenida João XXI,Localização GPS,2019,9,29,22,Noite,Outono,0,0,3,2,0,0,0,0,0,0,0,0,0,0,0,0,0,1,0,1,0,0,0
1918,20191746088,2019-09-24 14:50:00,Terça-Feira,NÃO DEFINIDO,,,Direita,Dentro das localidades,Avenidas Novas,Lisboa,Colisão,Colisão choque em cadeia,Recta,Em patamar,Berma pavimentada,Em plena via,Em bom estado,Estrada sem separador,Sentido único,Com marcas,Inexistentes,Outros,A funcionar normalmente,Betuminoso,Em cruzamento,Bom tempo,Em pleno dia,Seco e limpo,0,0,2,Arruamento sem separador,Via Secundária,0,,Rua Tomás Ribeiro,Sem GPS - não estimado,2019,9,24,14,Tarde,Outono,1,0,6,3,1,0,0,0,0,0,0,0,0,0,0,0,1,1,0,0,0,0,0
1919,20191746115,2019-09-26 06:40:00,Quinta-Feira,NÃO DEFINIDO,38.7229000999999,-9.1488112,Esquerda,Dentro das localidades,Santo António,,Atropelamento,Atropelamento de peões,Recta,Com inclinação,Sem berma ou impraticável,Em plena via,Em bom estado,Estrada sem separador,Dois sentidos,Com marcas,Inexistentes,Outros,A funcionar normalmente,Betuminoso,Fora da intersecção,Bom tempo,Em pleno dia,Seco e limpo,0,0,1,Arruamento sem separador,Via Secundária,15,,Rua Alexandre Herculano,Sem GPS - estimado,2019,9,26,6,Manhã,Outono,1,0,3,1,0,1,0,0,0,0,0,0,0,0,0,0,0,1,0,0,0,0,1
1920,20191746117,2019-09-24 13:15:00,Terça-Feira,No sentido crescente da quilometragem,,,Esquerda,Dentro das localidades,Santa Maria dos Olivais,Lisboa,Colisão,Colisão lateral com outro veículo em movimento,Recta,Em patamar,Berma pavimentada,Em plena via,Em bom estado,Outra via,Sentido único,Com marcas,Inexistentes,Cedência de passagem,Inexistentes,Betuminoso,Em entroncamento,Bom tempo,Em pleno dia,Seco e limpo,0,0,2,Arruamento com separador,Via Secundária,0,,Avenida Cidade de Luanda,Sem GPS - não estimado,2019,9,24,13,Tarde,Outono,1,0,6,2,1,0,0,0,1,0,0,0,0,0,0,0,0,1,0,0,0,0,0
1921,20191746125,2019-09-28 12:15:00,Sábado,NÃO DEFINIDO,38.7145198,-9.1763083,Central,Dentro das localidades,Campo de Ourique,Lisboa,Colisão,Colisão com outras situações,Recta,Em patamar,Berma pavimentada,Em plena via,Em estado regular,Outra via,Sentido único,Com marcas,Inexistentes,Outros,Inexistentes,Betão de cimento,Fora da intersecção,Bom tempo,Em pleno dia,Seco e limpo,0,0,1,Arruamento com separador,Via Secundária,7,,Avenida Ceuta,Sem GPS - estimado,2019,9,28,12,Tarde,Outono,0,0,3,2,0,0,0,0,0,0,0,0,0,0,0,0,0,0,0,1,0,1,0
1922,20191746222,2019-09-21 02:30:00,Sábado,NÃO DEFINIDO,,,Direita,Dentro das localidades,Santa Maria Maior,,Despiste,Despiste sem dispositivo de retenção,Recta,Em patamar,Berma pavimentada,Em plena via,Em estado regular,Estrada sem separador,Sentido único,Com marcas,Inexistentes,NÃO DEFINIDO,Inexistentes,Betuminoso,Fora da intersecção,Bom tempo,"Noite, com iluminação",Seco e limpo,0,0,1,Arruamento sem separador,Via Secundária,,,Praça Martim Moniz,Sem GPS - não estimado,2019,9,21,2,Madrugada,Verão,0,0,3,1,0,0,0,0,0,0,0,0,0,0,0,0,0,0,0,0,0,1,0
1923,20191746226,2019-09-30 23:15:00,Segunda-Feira,No sentido decrescente da quilometragem,,,Esquerda,Dentro das localidades,Lumiar,Lisboa,Colisão,Colisão lateral com outro veículo em movimento,Recta,Em patamar,Berma pavimentada,Em plena via,Em estado regular,Outra via,Sentido único,Com marcas,Inexistentes,Outros,Inexistentes,Betuminoso,Fora da intersecção,Bom tempo,"Noite, com iluminação",Seco e limpo,1,1,1,IP - Itinerário Principal,IP7,,3.8,,Sem GPS - não estimado,2019,9,30,23,Noite,Outono,1,1,113,5,2,0,0,0,0,0,0,0,0,0,0,0,1,1,0,0,0,0,0
1924,20191746230,2019-09-26 02:00:00,Quinta-Feira,No sentido crescente da quilometragem,38.7640504,-9.1759843,Esquerda,Dentro das localidades,Lumiar,Lisboa,Despiste,Despiste com dispositivo de retenção,Recta,Em patamar,Sem berma ou impraticável,Em plena via,Em bom estado,Outra via,Sentido único,Com marcas,Inexistentes,Outros,Inexistentes,Betuminoso,Fora da intersecção,Bom tempo,"Noite, com iluminação",Seco e limpo,0,0,1,Arruamento com separador,Via Secundária,22,,Avenida Nações Unidas,Sem GPS - estimado,2019,9,26,2,Madrugada,Outono,1,0,3,1,0,0,0,0,0,0,0,0,0,0,0,0,0,1,0,0,0,0,0
1925,20191746234,2019-09-25 20:45:00,Quarta-Feira,No sentido crescente da quilometragem,,,Central,Dentro das localidades,Lumiar,Lisboa,Colisão,Colisão lateral com outro veículo em movimento,Recta,Com inclinação,Sem berma ou impraticável,Em plena via,Em estado regular,Outra via,Sentido único,Com marcas,Inexistentes,Outros,A funcionar normalmente,Betuminoso,Em cruzamento,Bom tempo,"Noite, com iluminação",Seco e limpo,0,0,1,Arruamento com separador,Via Secundária,0,,Calçada Carriche,Sem GPS - não estimado,2019,9,25,20,Noite,Outono,1,0,3,2,0,0,0,1,0,0,0,0,0,0,0,0,0,1,0,0,0,0,0
1926,20191746240,2019-09-24 17:30:00,Terça-Feira,NÃO DEFINIDO,,,Direita,Dentro das localidades,Benfica,Lisboa,Colisão,Colisão lateral com outro veículo em movimento,Recta,Com inclinação,Berma pavimentada,Em plena via,Em bom estado,Estrada sem separador,Sentido único,Com marcas,Inexistentes,Outros,Inexistentes,Betuminoso,Em cruzamento,Bom tempo,Em pleno dia,Seco e limpo,0,0,1,Arruamento sem separador,Via Secundária,0,,Rua Perez Fernandez,Sem GPS - não estimado,2019,9,24,17,Tarde,Outono,1,0,3,3,1,0,0,0,0,0,0,0,1,0,0,0,0,1,0,0,0,0,0
1927,20191746241,2019-09-20 18:40:00,Sexta-Feira,No sentido crescente da quilometragem,,,Direita,Dentro das localidades,Lumiar,,Colisão,Colisão lateral com outro veículo em movimento,Recta,Em patamar,Berma pavimentada,Em plena via,Em estado regular,Outra via,Sentido único,Com marcas,Inexistentes,NÃO DEFINIDO,A funcionar normalmente,Betuminoso,Em cruzamento,Bom tempo,Em pleno dia,Seco e limpo,0,0,2,Arruamento com separador,Via Secundária,0,,Avenida Carlos Paredes,Sem GPS - não estimado,2019,9,20,18,Noite,Verão,1,0,6,2,2,0,0,0,0,0,0,0,0,0,0,0,0,1,0,0,0,0,0
1928,20191746297,2019-09-26 17:50:00,Quinta-Feira,No sentido crescente da quilometragem,,,Esquerda,Dentro das localidades,Marvila,Lisboa,Colisão,Colisão com outras situações,Curva,Com inclinação,Berma pavimentada,Em plena via,Em bom estado,Outra via,Sentido único,Com marcas,Inexistentes,Outros,Inexistentes,Betuminoso,Fora da intersecção,Bom tempo,Em pleno dia,Seco e limpo,0,0,1,Arruamento com separador,Via Secundária,0,,Avenida Infante Dom Henrique,Sem GPS - não estimado,2019,9,26,17,Tarde,Outono,1,0,3,3,0,0,0,0,0,0,0,0,0,0,0,0,0,1,0,0,0,1,0
1929,20191746301,2019-09-20 16:15:00,Sexta-Feira,NÃO DEFINIDO,38.7263087,-9.1361083,Esquerda,Dentro das localidades,Arroios,Lisboa,Colisão,Colisão com outras situações,Recta,Em patamar,Berma pavimentada,Em plena via,Em estado regular,Estrada sem separador,Dois sentidos,Com marcas,Inexistentes,Outros,A funcionar normalmente,Betuminoso,Fora da intersecção,Bom tempo,Em pleno dia,Seco e limpo,0,0,1,Arruamento sem separador,Via Secundária,27,,Rua Febo Moniz,Sem GPS - estimado,2019,9,20,16,Tarde,Verão,1,0,3,2,1,0,1,0,0,0,0,0,0,0,0,0,0,1,0,1,0,0,0
1930,20191746311,2019-09-20 16:45:00,Sexta-Feira,NÃO DEFINIDO,,,Direita,Dentro das localidades,Arroios,,Despiste,Despiste com colisão com veículo imobil. ou obstáculo,Recta,Em patamar,Berma pavimentada,Em plena via,Em estado regular,Estrada sem separador,Sentido único,Com marcas,Inexistentes,Outros,Inexistentes,Betuminoso,Em entroncamento,Bom tempo,Em pleno dia,Seco e limpo,0,0,1,Arruamento sem separador,Via Secundária,0,,Rua Pascoal de Melo,Sem GPS - não estimado,2019,9,20,16,Tarde,Verão,1,0,3,3,0,0,0,0,0,0,0,0,0,0,0,0,0,1,0,1,0,0,0
1931,20191746319,2019-09-20 12:40:00,Sexta-Feira,NÃO DEFINIDO,38.7366171,-9.1325444,Direita,Dentro das localidades,Arroios,,Colisão,Colisão com outras situações,Recta,Em patamar,Berma pavimentada,Em plena via,Em estado regular,Estrada sem separador,Sentido único,Sem marcas rodoviárias ou pouco visíveis,Inexistentes,Outros,Inexistentes,Betuminoso,Fora da intersecção,Bom tempo,Em pleno dia,Seco e limpo,0,0,1,Arruamento sem separador,Via Secundária,27,,Alameda Dom Afonso Henriques,Sem GPS - estimado,2019,9,20,12,Tarde,Verão,1,0,3,2,0,0,0,0,0,0,0,0,0,0,0,0,0,1,0,1,0,0,0
1932,20191746345,2019-09-29 12:40:00,Domingo,NÃO DEFINIDO,38.709058,-9.13785,Direita,Dentro das localidades,Santa Maria Maior,,Atropelamento,Atropelamento de peões,Recta,Em patamar,Sem berma ou impraticável,Em plena via,Em bom estado,Estrada sem separador,Sentido único,Com marcas,Inexistentes,Passagem de peões,A funcionar normalmente,Betuminoso,Em cruzamento,Bom tempo,Em pleno dia,Seco e limpo,0,0,1,Arruamento sem separador,Via Secundária,0,,Rua São Julião,Localização GPS,2019,9,29,12,Tarde,Outono,0,0,3,1,0,1,0,1,0,0,0,0,0,0,0,0,0,1,0,0,0,0,1
1933,20191746372,2019-09-25 10:45:00,Quarta-Feira,No sentido decrescente da quilometragem,,,Direita,Dentro das localidades,Misericórdia,,Colisão,Colisão lateral com outro veículo em movimento,Recta,Em patamar,Berma pavimentada,Em plena via,Em bom estado,Outra via,Sentido único,Com marcas,Inexistentes,Outros,A funcionar normalmente,Betuminoso,Fora da intersecção,Bom tempo,Em pleno dia,Seco e limpo,0,0,1,Arruamento com separador,Via Secundária,0,,Avenida 24 de Julho,Sem GPS - não estimado,2019,9,25,10,Manhã,Outono,1,0,3,2,0,0,0,0,0,0,0,0,0,0,0,0,0,1,0,1,0,0,0
1934,20191746430,2019-09-20 07:50:00,Sexta-Feira,NÃO DEFINIDO,,,Direita,Dentro das localidades,Marvila,Lisboa,Despiste,Despiste com colisão com veículo imobil. ou obstáculo,Recta,Em patamar,Berma pavimentada,Em plena via,Em estado regular,Estrada sem separador,Dois sentidos,Com marcas,Inexistentes,Outros,Inexistentes,Betuminoso,Fora da intersecção,Bom tempo,Em pleno dia,Seco e limpo,0,0,1,Arruamento sem separador,Via Secundária,0,,Rua Doutor José Espírito Santo,Sem GPS - não estimado,2019,9,20,7,Manhã,Verão,1,0,3,2,0,0,0,0,0,0,0,0,0,0,0,0,0,1,0,0,0,0,0
1935,20191746439,2019-09-26 22:35:00,Quinta-Feira,NÃO DEFINIDO,,,Esquerda,Dentro das localidades,Alvalade,,Colisão,Colisão frontal,Recta,Em patamar,Berma pavimentada,Em plena via,Em bom estado,Estrada sem separador,Dois sentidos,Com marcas,Inexistentes,Outros,A funcionar normalmente,Betuminoso,Em cruzamento,Bom tempo,"Noite, com iluminação",Seco e limpo,0,0,2,Arruamento sem separador,Via Secundária,0,,Alameda Linhas de Torres,Sem GPS - não estimado,2019,9,26,22,Noite,Outono,1,0,6,2,1,0,0,1,0,0,0,0,0,0,0,0,0,1,0,0,0,0,0
1936,20191746442,2019-09-30 15:30:00,Segunda-Feira,NÃO DEFINIDO,,,Direita,Dentro das localidades,São Domingos de Benfica,,Despiste,Despiste sem dispositivo de retenção,Curva,Em patamar,Berma pavimentada,Em plena via,Em bom estado,Estrada sem separador,Sentido único,Com marcas,Inexistentes,Outros,Inexistentes,Betuminoso,Em rotunda,Bom tempo,Em pleno dia,Seco e limpo,0,0,1,Arruamento sem separador,Via Secundária,0,,Avenida General Correia Barreto,Sem GPS - não estimado,2019,9,30,15,Tarde,Outono,1,0,3,1,0,0,0,0,0,0,0,0,0,0,0,0,0,0,0,1,0,0,0
1937,20191746470,2019-09-26 13:10:00,Quinta-Feira,NÃO DEFINIDO,,,Direita,Dentro das localidades,Avenidas Novas,,Despiste,Despiste sem dispositivo de retenção,Recta,Com inclinação,Berma pavimentada,Em plena via,Em estado regular,Estrada sem separador,Dois sentidos,Com marcas,Inexistentes,Outros,A funcionar normalmente,Betuminoso,Em cruzamento,Bom tempo,Em pleno dia,Seco e limpo,0,0,1,Arruamento sem separador,Via Secundária,0.0,,Avenida Sidónio Pais,Sem GPS - não estimado,2019,9,26,13,Tarde,Outono,1,0,3,1,0,0,0,0,0,0,0,0,0,0,0,0,0,0,0,1,0,0,0
1938,20191746491,2019-09-16 13:00:00,Segunda-Feira,No sentido decrescente da quilometragem,,,Esquerda,Dentro das localidades,Benfica,Lisboa,Colisão,Colisão com outras situações,Recta,Em patamar,Sem berma ou impraticável,Em plena via,Em estado regular,Outra via,Sentido único,Sem marcas rodoviárias ou pouco visíveis,Inexistentes,Passagem de peões,Inexistentes,Betuminoso,Em entroncamento,Bom tempo,Em pleno dia,Seco e limpo,0,0,1,Arruamento com separador,Via Secundária,0.00,,Avenida Grão Vasco,Sem GPS - não estimado,2019,9,16,13,Tarde,Verão,1,0,3,4,0,0,0,0,0,0,0,0,0,0,0,0,1,1,0,1,0,0,0
1939,20191746529,2019-09-15 15:30:00,Domingo,NÃO DEFINIDO,,,Direita,Dentro das localidades,Alcântara,,Colisão,Colisão com outras situações,Recta,Em patamar,Berma pavimentada,Em plena via,Em bom estado,Estrada sem separador,Dois sentidos,Com marcas,Inexistentes,Outros,Inexistentes,Betuminoso,Fora da intersecção,Bom tempo,Em pleno dia,Seco e limpo,0,0,2,Arruamento sem separador,Via Secundária,0,,Avenida Brasília,Sem GPS - não estimado,2019,9,15,15,Tarde,Verão,0,0,6,2,1,0,0,0,0,0,0,0,0,0,0,0,0,0,0,1,0,1,0
1940,20191746601,2019-09-17 22:25:00,Terça-Feira,NÃO DEFINIDO,,,Esquerda,Dentro das localidades,Penha de França,,Colisão,Colisão com outras situações,Recta,Em patamar,Berma pavimentada,Em plena via,Em bom estado,Estrada sem separador,Sentido único,Com marcas,Inexistentes,Outros,Desligada,Betuminoso,Em entroncamento,Bom tempo,"Noite, com iluminação",Seco e limpo,0,0,3,Arruamento sem separador,Via Secundária,0,,Avenida Infante Dom Henrique,Sem GPS - não estimado,2019,9,17,22,Noite,Verão,1,0,9,3,1,0,0,0,0,0,0,0,0,0,0,0,0,1,0,1,0,0,0
1941,20191746610,2019-10-01 17:15:00,Terça-Feira,NÃO DEFINIDO,38.7263455,-9.14556329999999,Direita,Dentro das localidades,Santo António,Lisboa,Atropelamento,Atropelamento de peões,Recta,Com inclinação,Sem berma ou impraticável,Em plena via,Em bom estado,Estrada sem separador,Dois sentidos,Com marcas,Inexistentes,Outros,A funcionar normalmente,Betuminoso,Em cruzamento,Bom tempo,Em pleno dia,Seco e limpo,0,0,1,Arruamento sem separador,Via Secundária,56,,Rua Conde Redondo,Sem GPS - estimado,2019,10,1,17,Tarde,Outono,1,0,3,1,0,1,0,0,0,0,0,0,0,0,0,0,0,1,0,0,0,0,1