,IdAcidente,Datahora,Dia da Semana,Sentidos,Latitude GPS,Longitude GPS,Via Trânsito,Localizações,Freguesia,Pov. Proxima,Tipo Natureza,Natureza,Tipo de Traçado,Inclinação do Traçado,Berma do Traçado,Localização do Traçado,Estado Conservação,Características Tecnicas,Reg Circulação,Marca Via,Obstáculos,Sinais,Sinais Luminosos,Tipo Piso,Intersecção Vias,Factores Atmosféricos,Luminosidade,Cond Aderência,VM,FG,FL,Tipos Vias,Via,Num arruamento,Km,Nome arruamento,Localização 2,Ano,Mês,Dia,Hora,Periodo,Estação,Dia Util,Gravidade,Indicador de Gravidade,Veículos envolvidos,Passageiros envolvidos,Peões envolvidos,Inf/Ação: Abertura de porta,Inf/Ação: Desrespeito da sinalização semafórica,Inf/Ação: Desrespeito da sinalização vertical,Inf/Ação: Desrespeito das distâncias de segurança,Inf/Ação: Desrespeito das marcas rodoviárias,Inf/Ação: Encandeamento,Inf/Ação: Manobra irregular,Inf/Ação: Não sinalização da manobra,Inf/Ação: Obstáculo imprevisto na faixa de rodagem,Inf/Ação: Rebentamento de pneumático,Inf/Ação: Velocidade excessiva para as condições existentes,Automóvel ligeiro,Automóvel pesado,Motociclos/Ciclomotores,Outros Veículos,Velocípedes,Peões
1982,20191747454,2019-10-05 07:15:00,Sábado,No sentido crescente da quilometragem,38.7491151999999,-9.1328917,Central,Dentro das localidades,Alvalade,,Atropelamento,Atropelamento de peões,Recta,Com inclinação,Berma pavimentada,Em plena via,Em estado regular,Outra via,Sentido único,Com marcas,Inexistentes,NÃO DEFINIDO,A funcionar normalmente,Betuminoso,Em cruzamento,Bom tempo,Em pleno dia,Seco e limpo,0,1,0,Arruamento com separador,Via Secundária,10,,Avenida Estados Unidos da América,Sem GPS - estimado,2019,10,5,7,Manhã,Outono,0,1,10,1,0,1,0,0,0,0,0,0,0,0,0,0,0,1,0,0,0,0,1
1983,20191747457,2019-09-27 18:50:00,Sexta-Feira,No sentido crescente da quilometragem,38.7420132,-9.1471248,Esquerda,Dentro das localidades,Avenidas Novas,,Colisão,Colisão com outras situações,Recta,Em patamar,Berma pavimentada,Em plena via,Em bom estado,Outra via,Sentido único,Com marcas,Inexistentes,Outros,A funcionar normalmente,Betuminoso,Em cruzamento,Bom tempo,Aurora ou crepúsculo,Seco e limpo,0,0,1,Arruamento com separador,Via Secundária,81,,Avenida República,Sem GPS - estimado,2019,9,27,18,Noite,Outono,1,0,3,2,0,0,0,0,0,0,0,0,0,0,0,0,0,1,0,1,0,0,0
1984,20191747461,2019-10-03 02:30:00,Quinta-Feira,No sentido decrescente da quilometragem,38.725455,-9.173277,Central,Dentro das localidades,Campolide,Lisboa,Colisão,Colisão lateral com outro veículo em movimento,Curva,Com inclinação,Berma pavimentada,Em plena via,Em estado regular,Outra via,Sentido único,Com marcas,Inexistentes,Outros,Inexistentes,Betuminoso,Fora da intersecção,Bom tempo,"Noite, com iluminação",Seco e limpo,0,0,1,IP - Itinerário Principal,IP7,,8.7,,Localização GPS,2019,10,3,2,Madrugada,Outono,1,0,3,2,0,0,0,0,0,0,0,0,0,0,0,0,1,1,0,1,0,0,0
1985,20191747504,2019-10-02 18:50:00,Quarta-Feira,No sentido decrescente da quilometragem,38.746869,-9.156643,Central,Dentro das localidades,Avenidas Novas,Lisboa,Despiste,Despiste sem dispositivo de retenção,Recta,Em patamar,Berma pavimentada,Em plena via,Em estado regular,Outra via,Sentido único,Com marcas,Inexistentes,Outros,A funcionar normalmente,Betuminoso,Em cruzamento,Bom tempo,Em pleno dia,Seco e limpo,0,0,1,Arruamento com separador,Via Secundária,0.0,,Avenida Alvaro Pais,Localização GPS,2019,10,2,18,Noite,Outono,1,0,3,1,0,0,0,0,0,0,0,0,0,0,0,0,0,0,0,1,0,0,0
1986,20191747513,2019-10-01 13:25:00,Terça-Feira,NÃO DEFINIDO,,,Direita,Dentro das localidades,São Vicente,Lisboa,Colisão,Colisão lateral com outro veículo em movimento,Recta,Em patamar,Berma pavimentada,Em plena via,Em estado regular,Estrada sem separador,Dois sentidos,Com marcas,Inexistentes,Outros,Inexistentes,Calçada,Fora da intersecção,Bom tempo,Em pleno dia,Seco e limpo,0,0,1,Arruamento sem separador,Via Secundária,0,,Avenida Infante Dom Henrique,Sem GPS - não estimado,2019,10,1,13,Tarde,Outono,1,0,3,2,0,0,0,0,0,0,0,0,0,0,0,0,0,0,0,1,1,0,0
1987,20191747517,2019-09-30 08:30:00,Segunda-Feira,No sentido decrescente da quilometragem,,,Central,Dentro das localidades,Alvalade,Lisboa,Colisão,Colisão traseira com outro veículo em movimento,Recta,Com inclinação,Sem berma ou impraticável,Em plena via,Em estado regular,Outra via,Sentido único,Sem marcas rodoviárias ou pouco visíveis,Inexistentes,Outros,Inexistentes,Betuminoso,Fora da intersecção,Bom tempo,Em pleno dia,Seco e limpo,0,0,1,Arruamento com separador,2ª Circular,0,,Avenida Marechal Craveiro Lopes,Sem GPS - não estimado,2019,9,30,8,Manhã,Outono,1,0,3,2,0,0,0,0,0,0,0,0,0,0,0,0,0,1,0,0,0,0,0
1988,20191747533,2019-09-27 19:15:00,Sexta-Feira,No sentido crescente da quilometragem,,,Direita,Dentro das localidades,Campolide,,Despiste,Despiste sem dispositivo de retenção,Recta,Com inclinação,Berma pavimentada,Na berma,Em estado regular,Outra via,Sentido único,Com marcas,Inexistentes,Outros,Inexistentes,Betuminoso,Fora da intersecção,Bom tempo,"Noite, com iluminação",Seco e limpo,0,0,1,IP - Itinerário Principal,IP7,,9.5,,Sem GPS - não estimado,2019,9,27,19,Noite,Outono,1,0,3,1,0,0,0,0,0,0,0,0,0,0,0,0,0,0,0,1,0,0,0
1989,20191747812,2019-07-31 18:50:00,Quarta-Feira,No sentido decrescente da quilometragem,38.72377,-9.178369,Esquerda,Fora das localidades,Alcântara,Ajuda,Colisão,Colisão traseira com outro veículo em movimento,Recta,Com inclinação,Berma pavimentada,Em plena via,Em estado regular,Auto-estrada,Sentido único,Com marcas,Inexistentes,NÃO DEFINIDO,Inexistentes,Betuminoso,Fora da intersecção,Bom tempo,Em pleno dia,Seco e limpo,0,0,1,A  - Auto-Estrada,A5,,0.5,,Localização GPS,2019,7,31,18,Noite,Verão,1,0,3,2,0,0,0,0,0,0,0,0,0,0,0,0,0,1,0,0,0,0,0
1990,20191753072,2019-09-14 23:00:00,Sábado,No sentido decrescente da quilometragem,,,Direita,Fora das localidades,Ajuda,Ajuda,Colisão,Colisão traseira com outro veículo em movimento,Recta,Com inclinação,Sem berma ou impraticável,Em plena via,Em bom estado,Auto-estrada,Sentido único,Com marcas,Inexistentes,NÃO DEFINIDO,Inexistentes,Betuminoso,Fora da intersecção,Bom tempo,"Noite, com iluminação",Seco e limpo,0,0,1,A  - Auto-Estrada,A5,,0.8,,Localização GPS,2019,9,14,23,Noite,Verão,0,0,3,2,0,0,0,0,0,0,0,0,0,0,0,0,0,1,0,1,0,0,0
1991,20191758098,2019-10-07 18:35:00,Segunda-Feira,No sentido decrescente da quilometragem,38.740592,-9.137216,Central,Dentro das localidades,Alvalade,Lisboa,Atropelamento,Atropelamento de peões,Recta,Em patamar,Sem berma ou impraticável,Em plena via,Em bom estado,Outra via,Sentido único,Sem marcas rodoviárias ou pouco visíveis,Inexistentes,Outros,A funcionar normalmente,Betuminoso,Em entroncamento,Bom tempo,Em pleno dia,Seco e limpo,0,0,1,Arruamento com separador,Via Secundária,45,,Avenida Roma,Localização GPS,2019,10,7,18,Noite,Outono,1,0,3,1,0,1,0,0,0,0,0,0,0,0,0,0,0,1,0,0,0,0,1
1992,20191758117,2019-10-02 19:50:00,Quarta-Feira,NÃO DEFINIDO,38.745803,-9.199348,Direita,Dentro das localidades,Benfica,Lisboa,Atropelamento,Atropelamento de peões,Recta,Com inclinação,Berma pavimentada,Em plena via,Em bom estado,Estrada sem separador,Dois sentidos,Com marcas,Inexistentes,Passagem de peões,Inexistentes,Betuminoso,Em entroncamento,Bom tempo,"Noite, com iluminação",Seco e limpo,0,0,1,Arruamento sem separador,Via Secundária,0,,Rua André Resende,Localização GPS,2019,10,2,19,Noite,Outono,1,0,3,1,0,1,0,0,0,0,0,0,1,0,0,0,0,1,0,0,0,0,1
1993,20191758124,2019-10-06 18:00:00,Domingo,NÃO DEFINIDO,38.742061,-9.118072,Central,Dentro das localidades,Marvila,,Colisão,Colisão com outras situações,Recta,Com inclinação,Berma pavimentada,Em plena via,Em bom estado,Outra via,Dois sentidos,Com marcas,Inexistentes,NÃO DEFINIDO,A funcionar normalmente,Betuminoso,Fora da intersecção,Bom tempo,Aurora ou crepúsculo,Seco e limpo,0,0,1,Arruamento com separador,Via Secundária,0,,Avenida Carlos Pinhão,Localização GPS,2019,10,6,18,Noite,Outono,0,0,3,2,0,0,0,0,0,0,0,0,1,0,0,0,0,1,0,0,0,1,0
1994,20191758126,2019-10-01 17:30:00,Terça-Feira,NÃO DEFINIDO,38.745799,-9.146146,Direita,Dentro das localidades,Alvalade,Lisboa,Atropelamento,Atropelamento de peões,Recta,Com inclinação,Berma pavimentada,Em plena via,Em bom estado,Estrada sem separador,Dois sentidos,Com marcas,Inexistentes,Passagem de peões,Inexistentes,Betuminoso,Em entroncamento,Bom tempo,Em pleno dia,Seco e limpo,0,0,1,Arruamento sem separador,Via Secundária,0,,Rua Alfredo Cortês,Localização GPS,2019,10,1,17,Tarde,Outono,1,0,3,1,0,1,0,0,0,0,0,0,1,0,0,0,0,1,0,0,0,0,1
1995,20191758128,2019-10-02 22:15:00,Quarta-Feira,No sentido crescente da quilometragem,38.723163,-9.166013,Direita,Dentro das localidades,Campo de Ourique,,Colisão,Colisão lateral com outro veículo em movimento,Recta,Com inclinação,Sem berma ou impraticável,Em plena via,Em estado regular,Outra via,Sentido único,Com marcas,Inexistentes,Outros,A funcionar normalmente,Betuminoso,Fora da intersecção,Bom tempo,"Noite, com iluminação",Seco e limpo,0,0,1,Arruamento com separador,Via Secundária,0,,Avenida Engenheiro Duarte Pacheco,Localização GPS,2019,10,2,22,Noite,Outono,1,0,3,2,0,0,0,0,0,0,0,0,0,0,0,0,0,1,0,1,0,0,0
1996,20191758145,2019-10-07 10:15:00,Segunda-Feira,NÃO DEFINIDO,38.741421,-9.118938,Direita,Dentro das localidades,Marvila,,Despiste,Despiste sem dispositivo de retenção,Recta,Com inclinação,Berma pavimentada,Em plena via,Em estado regular,Estrada sem separador,Sentido único,Com marcas,Inexistentes,Cedência de passagem,A funcionar normalmente,Betuminoso,Em entroncamento,Bom tempo,Em pleno dia,Seco e limpo,0,0,1,Arruamento sem separador,Via Secundária,0,,Avenida Carlos Pinhão,Localização GPS,2019,10,7,10,Manhã,Outono,1,0,3,1,0,0,0,0,0,0,0,0,0,0,0,0,0,0,0,1,0,0,0
1997,20191758147,2019-10-03 18:45:00,Quinta-Feira,NÃO DEFINIDO,38.720643,-9.140511,Direita,Dentro das localidades,Arroios,,Colisão,Colisão com veiculo ou obstáculo na faixa de rodagem,Recta,Com inclinação,Sem berma ou impraticável,Em plena via,Em estado regular,Estrada sem separador,Dois sentidos,Com marcas,Inexistentes,NÃO DEFINIDO,Inexistentes,Calçada,Fora da intersecção,Bom tempo,Em pleno dia,Seco e limpo,0,0,1,Arruamento sem separador,Via Secundária,117,,Campo Mártires da Pátria,Localização GPS,2019,10,3,18,Noite,Outono,1,0,3,2,0,0,0,0,0,0,0,0,0,0,0,0,0,1,0,1,0,0,0
1998,20191758153,2019-10-07 07:15:00,Segunda-Feira,NÃO DEFINIDO,38.753963,-9.097165,Esquerda,Dentro das localidades,Marvila,,Colisão,Colisão traseira com outro veículo em movimento,Recta,Com inclinação,Berma pavimentada,Em plena via,Em estado regular,Estrada sem separador,Sentido único,Com marcas,Inexistentes,NÃO DEFINIDO,Intermitente,Betuminoso,Em entroncamento,Bom tempo,Aurora ou crepúsculo,Seco e limpo,0,0,1,Arruamento sem separador,Via Secundária,0,,Avenida Marechal Gomes da Costa,Localização GPS,2019,10,7,7,Manhã,Outono,1,0,3,2,0,0,0,0,0,0,0,0,0,0,0,0,1,1,0,0,0,0,0
1999,20191758155,2019-09-26 13:30:00,Quinta-Feira,NÃO DEFINIDO,38.741818,-9.143495,Direita,Dentro das localidades,Areeiro,,Colisão,Colisão com fuga,Recta,Em patamar,Sem berma ou impraticável,Em plena via,Em estado regular,Outra via,Sentido único,Com marcas,Inexistentes,Outros,A funcionar normalmente,Betuminoso,Em cruzamento,Bom tempo,Em pleno dia,Seco e limpo,0,0,1,Arruamento com separador,Via Secundária,57,,Campo Pequeno,Localização GPS,2019,9,26,13,Tarde,Outono,1,0,3,1,0,0,0,0,0,0,0,0,0,0,0,0,0,0,0,1,0,0,0
2000,20191758163,2019-10-07 12:05:00,Segunda-Feira,NÃO DEFINIDO,38.748312,-9.181332,Direita,Dentro das localidades,São Domingos de Benfica,,Atropelamento,Atropelamento de peões,Recta,Com inclinação,Berma pavimentada,Em plena via,Em bom estado,Estrada sem separador,Dois sentidos,Com marcas,Inexistentes,Cedência de passagem,A funcionar normalmente,Betuminoso,Fora da intersecção,Bom tempo,Em pleno dia,Seco e limpo,0,0,1,Arruamento sem separador,Via Secundária,7,,Rua Maestro Frederico de Freitas,Localização GPS,2019,10,7,12,Tarde,Outono,1,0,3,1,0,1,0,0,0,0,0,0,0,0,0,0,0,1,0,0,0,0,1
2001,20191758179,2019-10-04 00:15:00,Sexta-Feira,NÃO DEFINIDO,,,Direita,Dentro das localidades,São Domingos de Benfica,,Despiste,Despiste com dispositivo de retenção,Curva,Com inclinação,Berma pavimentada,Em plena via,Em estado regular,Outra via,Sentido único,Com marcas,Inexistentes,NÃO DEFINIDO,Inexistentes,Betuminoso,Em via de desaceleração,Bom tempo,"Noite, com iluminação",Seco e limpo,0,0,1,Arruamento com separador,Via Secundária,0,,Avenida General Correia Barreto,Sem GPS - não estimado,2019,10,4,0,Madrugada,Outono,1,0,3,1,0,0,0,0,0,0,0,0,0,0,0,0,0,0,0,1,0,0,0
2002,20191758204,2019-09-29 01:00:00,Domingo,NÃO DEFINIDO,,,Direita,Dentro das localidades,Avenidas Novas,,Colisão,Colisão lateral com outro veículo em movimento,Recta,Em patamar,Berma pavimentada,Em plena via,Em estado regular,Estrada sem separador,Sentido único,Com marcas,Inexistentes,Outros,A funcionar normalmente,Betuminoso,Em rotunda,Bom tempo,"Noite, com iluminação",Seco e limpo,0,0,1,Arruamento sem separador,Via Secundária,0,,Praça Espanha,Sem GPS - não estimado,2019,9,29,1,Madrugada,Outono,0,0,3,2,0,0,0,0,0,0,0,0,0,0,0,0,0,1,0,1,0,0,0
2003,20191758224,2019-10-06 16:00:00,Domingo,No sentido decrescente da quilometragem,38.774647,-9.148599,Central,Dentro das localidades,Lumiar,,Colisão,Colisão com fuga,Recta,Em patamar,Sem berma ou impraticável,Em plena via,Em estado regular,Outra via,Sentido único,Com marcas,Inexistentes,Outros,A funcionar normalmente,Betuminoso,Em entroncamento,Bom tempo,Em pleno dia,Seco e limpo,0,0,1,Arruamento com separador,Via Secundária,0,,Avenida Carlos Paredes,Localização GPS,2019,10,6,16,Tarde,Outono,0,0,3,2,0,0,0,0,0,0,0,0,0,0,0,0,0,1,0,0,0,0,0
2004,20191758231,2019-10-06 12:28:00,Domingo,No sentido decrescente da quilometragem,,,Central,Dentro das localidades,Areeiro,Lisboa,Colisão,Colisão lateral com outro veículo em movimento,Recta,Em patamar,Berma pavimentada,Em plena via,Em estado regular,Outra via,Sentido único,Com marcas,Inexistentes,Outros,A funcionar normalmente,Betuminoso,Em entroncamento,Bom tempo,Em pleno dia,Seco e limpo,0,0,2,Arruamento com separador,Via Secundária,0.0,,Avenida Afonso Costa,Sem GPS - não estimado,2019,10,6,12,Tarde,Outono,0,0,6,2,1,0,0,0,0,0,0,0,0,0,0,0,0,1,0,0,0,0,0
2005,20191758269,2019-09-29 03:50:00,Domingo,NÃO DEFINIDO,,,Direita,Dentro das localidades,Misericórdia,,Colisão,Colisão com outras situações,Recta,Em patamar,Berma pavimentada,Em plena via,Em estado regular,Estrada sem separador,Dois sentidos,Sem marcas rodoviárias ou pouco visíveis,Inexistentes,Outros,Inexistentes,Betuminoso,Em cruzamento,Bom tempo,"Noite, com iluminação",Seco e limpo,0,0,1,Arruamento sem separador,Via Secundária,0,,Calçada Estrela,Sem GPS - não estimado,2019,9,29,3,Madrugada,Outono,0,0,3,2,1,0,0,0,0,0,0,0,0,0,0,0,0,1,0,0,0,0,0
2006,20191762762,2019-10-07 14:45:00,Segunda-Feira,No sentido crescente da quilometragem,38.706612,-9.152125,Direita,Dentro das localidades,Estrela,Lisboa,Colisão,Colisão lateral com outro veículo em movimento,Recta,Em patamar,Berma pavimentada,Em plena via,Em bom estado,Outra via,Sentido único,Com marcas,Inexistentes,NÃO DEFINIDO,Inexistentes,Betuminoso,Fora da intersecção,Bom tempo,Em pleno dia,Seco e limpo,0,0,1,Arruamento com separador,Via Secundária,0,,Avenida 24 de Julho,Localização GPS,2019,10,7,14,Tarde,Outono,1,0,3,2,0,0,0,0,0,0,0,0,0,0,0,0,0,1,0,1,0,0,0
2007,20191762781,2019-10-03 22:50:00,Quinta-Feira,No sentido decrescente da quilometragem,38.749374,-9.189116,Esquerda,Dentro das localidades,São Domingos de Benfica,,Colisão,Colisão choque em cadeia,Recta,Em patamar,Berma pavimentada,Em plena via,Em estado regular,Outra via,Sentido único,Com marcas,Inexistentes,Outros,Inexistentes,Betuminoso,Fora da intersecção,Bom tempo,"Noite, com iluminação",Seco e limpo,0,0,1,Arruamento com separador,2ª Circular,0,,Avenida General Norton de Matos,Localização GPS,2019,10,3,22,Noite,Outono,1,0,3,6,0,0,0,0,0,0,0,0,0,0,0,0,0,1,0,0,0,0,0
2008,20191762789,2019-10-08 09:00:00,Terça-Feira,NÃO DEFINIDO,38.711357,-9.204019,Central,Dentro das localidades,Ajuda,,Atropelamento,Atropelamento de peões,Recta,Em patamar,NÃO DEFINIDO,NÃO DEFINIDO,Em estado regular,Estrada sem separador,Sentido único,Com marcas,Inexistentes,NÃO DEFINIDO,Inexistentes,Betuminoso,Fora da intersecção,Bom tempo,Em pleno dia,Seco e limpo,0,0,1,Arruamento sem separador,Via Secundária,0,,Estrada Pedro Teixeira,Localização GPS,2019,10,8,9,Manhã,Outono,1,0,3,1,0,1,0,0,0,0,0,0,0,0,0,0,0,1,0,0,0,0,1
2009,20191762792,2019-09-25 16:00:00,Quarta-Feira,NÃO DEFINIDO,38.733917,-9.135303,Direita,Dentro das localidades,Arroios,,Atropelamento,Atropelamento com fuga,Recta,Em patamar,Berma pavimentada,Em plena via,Em estado regular,Estrada sem separador,Dois sentidos,Sem marcas rodoviárias ou pouco visíveis,Inexistentes,Outros,A funcionar normalmente,Betuminoso,Em cruzamento,Bom tempo,Em pleno dia,Seco e limpo,0,0,1,Arruamento sem separador,Via Secundária,0,,Rua Antonio Pereira Carrilho,Localização GPS,2019,9,25,16,Tarde,Outono,1,0,3,1,0,1,0,0,0,0,0,0,0,0,0,0,0,1,0,0,0,0,1
2010,20191762831,2019-10-03 08:20:00,Quinta-Feira,No sentido decrescente da quilometragem,38.760403,-9.193661,Esquerda,Dentro das localidades,Carnide,,Colisão,Colisão choque em cadeia,Recta,Em patamar,Berma pavimentada,Em plena via,Em estado regular,Outra via,Sentido único,Com marcas,Inexistentes,NÃO DEFINIDO,Inexistentes,Betuminoso,Fora da intersecção,Bom tempo,Em pleno dia,Seco e limpo,0,0,1,Arruamento com separador,Via Secundária,59,,Estrada Correia,Localização GPS,2019,10,3,8,Manhã,Outono,1,0,3,3,1,0,0,0,0,0,0,0,0,0,0,0,0,1,0,0,0,0,0
2011,20191762841,2019-10-03 10:50:00,Quinta-Feira,NÃO DEFINIDO,38.774095,-9.160324,Esquerda,Dentro das localidades,Lumiar,,Colisão,Colisão lateral com outro veículo em movimento,Recta,Em patamar,Berma pavimentada,Em plena via,Em estado regular,Estrada sem separador,Dois sentidos,Com marcas,Inexistentes,Cedência de passagem,Inexistentes,Betuminoso,Em entroncamento,Bom tempo,Em pleno dia,Seco e limpo,0,0,1,Arruamento sem separador,Via Secundária,0,,Estrada Torre,Localização GPS,2019,10,3,10,Manhã,Outono,1,0,3,2,0,0,0,0,0,0,0,0,0,0,0,0,0,1,0,1,0,0,0
2012,20191762906,2019-10-03 13:40:00,Quinta-Feira,NÃO DEFINIDO,38.7132932999999,-9.1592023,Direita,Dentro das localidades,Estrela,,Atropelamento,Atropelamento de peões,Recta,Em patamar,Sem berma ou impraticável,Em plena via,Em bom estado,Estrada sem separador,Dois sentidos,Sem marcas rodoviárias ou pouco visíveis,Inexistentes,Outros,A funcionar normalmente,Calçada,Fora da intersecção,Bom tempo,Em pleno dia,Seco e limpo,0,0,2,Arruamento sem separador,Via Secundária,255,,Calçada Estrela,Sem GPS - estimado,2019,10,3,13,Tarde,Outono,1,0,6,2,0,1,0,0,0,0,0,0,0,0,0,0,0,1,0,1,0,0,1
2013,20191763587,2019-10-09 18:15:00,Quarta-Feira,No sentido crescente da quilometragem,38.722743,-9.173546,Esquerda,Dentro das localidades,Campolide,Lisboa,Despiste,Despiste sem dispositivo de retenção,Recta,Em patamar,Berma pavimentada,Em plena via,Em estado regular,Outra via,Sentido único,Com marcas,Inexistentes,Outros,Inexistentes,Betuminoso,Fora da intersecção,Bom tempo,Em pleno dia,Seco e limpo,0,0,1,Arruamento com separador,Via Secundária,0,,Avenida Engenheiro Duarte Pacheco,Localização GPS,2019,10,9,18,Noite,Outono,1,0,3,2,0,0,0,0,0,0,0,0,0,0,0,0,1,1,0,1,0,0,0
2014,20191763595,2019-10-08 18:20:00,Terça-Feira,NÃO DEFINIDO,38.739145,-9.146238,Direita,Dentro das localidades,Avenidas Novas,Lisboa,Atropelamento,Atropelamento com fuga,Recta,Em patamar,Berma pavimentada,No passeio,Em estado regular,Outra via,Dois sentidos,Com marcas,Inexistentes,Outros,A funcionar normalmente,Betão de cimento,Fora da intersecção,Bom tempo,Aurora ou crepúsculo,Seco e limpo,0,0,1,Arruamento com separador,Via Secundária,44,,Avenida República,Localização GPS,2019,10,8,18,Noite,Outono,1,0,3,1,0,1,0,0,0,0,0,0,0,0,0,0,0,0,0,0,0,1,1
2015,20191763610,2019-10-04 23:50:00,Sexta-Feira,No sentido decrescente da quilometragem,38.704377,-9.174538,Direita,Dentro das localidades,Alcântara,,Despiste,Despiste sem dispositivo de retenção,Recta,Em patamar,Berma pavimentada,Em plena via,Em estado regular,Outra via,Sentido único,Com marcas,Inexistentes,Outros,A funcionar normalmente,Betuminoso,Em cruzamento,Bom tempo,"Noite, com iluminação",Seco e limpo,0,0,1,Arruamento com separador,Via Secundária,0,,Rua João Oliveira Miguens,Localização GPS,2019,10,4,23,Noite,Outono,1,0,3,1,0,0,0,0,0,0,0,0,0,0,0,0,0,0,0,1,0,0,0
2016,20191763614,2019-10-08 16:40:00,Terça-Feira,NÃO DEFINIDO,38.741508,-9.159753,Direita,Dentro das localidades,Avenidas Novas,Lisboa,Atropelamento,Atropelamento de peões,Recta,Em patamar,Sem berma ou impraticável,Em plena via,Em estado regular,Estrada sem separador,Dois sentidos,Sem marcas rodoviárias ou pouco visíveis,Inexistentes,Outros,Inexistentes,Betuminoso,Fora da intersecção,Bom tempo,Em pleno dia,Seco e limpo,0,0,1,Arruamento sem separador,Via Secundária,1,,Rua Cardeal Mercier,Localização GPS,2019,10,8,16,Tarde,Outono,1,0,3,1,0,1,0,0,0,0,0,0,0,0,0,0,0,1,0,0,0,0,1
2017,20191763615,2019-10-04 22:10:00,Sexta-Feira,No sentido decrescente da quilometragem,38.734593,-9.143407,Direita,Dentro das localidades,Arroios,Lisboa,Colisão,Colisão lateral com outro veículo em movimento,Recta,Em patamar,Berma pavimentada,Em plena via,Em bom estado,Outra via,Sentido único,Sem marcas rodoviárias ou pouco visíveis,Inexistentes,Outros,Inexistentes,Betuminoso,Fora da intersecção,Bom tempo,"Noite, com iluminação",Seco e limpo,0,0,1,Arruamento com separador,Via Secundária,23,,Avenida Defensores de Chaves,Localização GPS,2019,10,4,22,Noite,Outono,1,0,3,2,0,0,0,0,0,0,0,0,0,0,0,0,0,1,0,1,0,0,0
2018,20191763631,2019-10-04 19:15:00,Sexta-Feira,NÃO DEFINIDO,38.770381,-9.110221,Direita,Dentro das localidades,Santa Maria dos Olivais,Lisboa,Colisão,Colisão com outras situações,Recta,Em patamar,Sem berma ou impraticável,Em plena via,Em estado regular,Estrada sem separador,Sentido único,Com marcas,Inexistentes,Outros,Inexistentes,Betuminoso,Fora da intersecção,Bom tempo,Em pleno dia,Seco e limpo,0,0,1,Arruamento sem separador,Via Secundária,0,,Avenida Doutor Francisco Luis Gomes,Localização GPS,2019,10,4,19,Noite,Outono,1,0,3,2,0,0,0,0,0,0,0,0,0,0,0,0,0,1,0,1,0,0,0
2019,20191763641,2019-09-24 14:00:00,Terça-Feira,NÃO DEFINIDO,38.782615,-9.165711,Direita,Dentro das localidades,Lumiar,Lisboa,Colisão,Colisão com veiculo ou obstáculo na faixa de rodagem,Recta,Com inclinação,Berma pavimentada,Em plena via,Em estado regular,Outra via,Sentido único,Com marcas,Correctamente sinalizados,NÃO DEFINIDO,A funcionar normalmente,Betuminoso,Fora da intersecção,Bom tempo,Em pleno dia,Seco e limpo,0,0,1,Arruamento com separador,Via Secundária,0,,Calçada Carriche,Localização GPS,2019,9,24,14,Tarde,Outono,1,0,3,3,0,0,0,0,0,0,0,0,0,0,0,0,0,1,0,0,0,0,0
2020,20191763645,2019-10-09 13:40:00,Quarta-Feira,NÃO DEFINIDO,38.752609,-9.138382,Direita,Dentro das localidades,Alvalade,Lisboa,Atropelamento,Atropelamento de peões,Curva,Em patamar,Sem berma ou impraticável,Em plena via,Em bom estado,Estrada sem separador,Dois sentidos,Com marcas,Inexistentes,Outros,Inexistentes,Betuminoso,Fora da intersecção,Bom tempo,Em pleno dia,Seco e limpo,0,0,2,Arruamento sem separador,Via Secundária,4,,Rua Maria Amália Vaz de Carvalho,Localização GPS,2019,10,9,13,Tarde,Outono,1,0,6,1,0,1,0,0,0,0,0,0,0,0,0,0,0,0,0,1,0,0,1
2021,20191763666,2019-10-03 16:15:00,Quinta-Feira,NÃO DEFINIDO,38.705487,-9.178877,Direita,Dentro das localidades,Alcântara,Lisboa,Atropelamento,Atropelamento de peões,Recta,Em patamar,Sem berma ou impraticável,Em parque de estacionamento,Em bom estado,Estrada sem separador,Sentido único,Sem marcas rodoviárias ou pouco visíveis,Inexistentes,Outros,Inexistentes,Calçada,Fora da intersecção,Bom tempo,Em pleno dia,Seco e limpo,0,0,1,Arruamento sem separador,Via Secundária,0,,Rua Leão de Oliveira,Localização GPS,2019,10,3,16,Tarde,Outono,1,0,3,1,0,1,0,0,0,0,0,0,0,0,0,0,0,1,0,0,0,0,1
2022,20191763731,2019-09-24 15:52:00,Terça-Feira,NÃO DEFINIDO,38.750068,-9.109691,Direita,Dentro das localidades,Marvila,,Colisão,Colisão com veiculo ou obstáculo na faixa de rodagem,Recta,Em patamar,Berma pavimentada,Em plena via,Em estado regular,Outra via,Sentido único,Com marcas,Inexistentes,Outros,Inexistentes,Betuminoso,Fora da intersecção,Bom tempo,Em pleno dia,Seco e limpo,0,0,3,Arruamento com separador,Via Secundária,0,,Avenida Marechal António de Spínola,Localização GPS,2019,9,24,15,Tarde,Outono,1,0,9,2,2,0,0,0,0,0,0,0,0,0,0,0,1,1,0,1,0,0,0
2023,20191763739,2019-10-10 21:15:00,Quinta-Feira,No sentido decrescente da quilometragem,38.708652,-9.137773,Direita,Dentro das localidades,Santa Maria Maior,Lisboa,Colisão,Colisão lateral com outro veículo em movimento,Recta,Em patamar,Sem berma ou impraticável,Em plena via,Em estado regular,Outra via,Sentido único,Com marcas,Inexistentes,Outros,A funcionar normalmente,Betuminoso,Em cruzamento,Bom tempo,"Noite, com iluminação",Seco e limpo,0,0,1,Arruamento com separador,Via Secundária,0,,Rua Comércio,Localização GPS,2019,10,10,21,Noite,Outono,1,0,3,2,0,0,0,0,0,0,0,0,0,0,0,0,0,1,1,0,0,0,0