,IdAcidente,Datahora,Dia da Semana,Sentidos,Latitude GPS,Longitude GPS,Via Trânsito,Localizações,Freguesia,Pov. Proxima,Tipo Natureza,Natureza,Tipo de Traçado,Inclinação do Traçado,Berma do Traçado,Localização do Traçado,Estado Conservação,Características Tecnicas,Reg Circulação,Marca Via,Obstáculos,Sinais,Sinais Luminosos,Tipo Piso,Intersecção Vias,Factores Atmosféricos,Luminosidade,Cond Aderência,VM,FG,FL,Tipos Vias,Via,Num arruamento,Km,Nome arruamento,Localização 2,Ano,Mês,Dia,Hora,Periodo,Estação,Dia Util,Gravidade,Indicador de Gravidade,Veículos envolvidos,Passageiros envolvidos,Peões envolvidos,Inf/Ação: Abertura de porta,Inf/Ação: Desrespeito da sinalização semafórica,Inf/Ação: Desrespeito da sinalização vertical,Inf/Ação: Desrespeito das distâncias de segurança,Inf/Ação: Desrespeito das marcas rodoviárias,Inf/Ação: Encandeamento,Inf/Ação: Manobra irregular,Inf/Ação: Não sinalização da manobra,Inf/Ação: Obstáculo imprevisto na faixa de rodagem,Inf/Ação: Rebentamento de pneumático,Inf/Ação: Velocidade excessiva para as condições existentes,Automóvel ligeiro,Automóvel pesado,Motociclos/Ciclomotores,Outros Veículos,Velocípedes,Peões
2065,20191770282,2019-10-14 08:45:00,Segunda-Feira,No sentido decrescente da quilometragem,38.780515,-9.155991,Central,Fora das localidades,Lumiar,,Colisão,Colisão traseira com outro veículo em movimento,Recta,Em patamar,Berma pavimentada,Em plena via,Em bom estado,Outra via,Sentido único,Com marcas,Inexistentes,Outros,Inexistentes,Betuminoso,Fora da intersecção,Chuva,Em pleno dia,Molhado,0,0,1,IP - Itinerário Principal,IP7,,2.7,,Localização GPS,2019,10,14,8,Manhã,Outono,1,0,3,4,0,0,0,0,0,0,0,0,0,0,0,0,1,1,0,0,0,0,0
2066,20191770293,2019-10-11 19:20:00,Sexta-Feira,No sentido crescente da quilometragem,38.747979,-9.150387,Central,Dentro das localidades,Avenidas Novas,Lisboa,Colisão,Colisão lateral com outro veículo em movimento,Recta,Em patamar,Sem berma ou impraticável,Em plena via,Em estado regular,Outra via,Sentido único,Sem marcas rodoviárias ou pouco visíveis,Inexistentes,Outros,A funcionar normalmente,Betuminoso,Em cruzamento,Bom tempo,"Noite, com iluminação",Seco e limpo,0,0,1,Arruamento com separador,Via Secundária,0,,Avenida 5 de Outubro,Localização GPS,2019,10,11,19,Noite,Outono,1,0,3,2,0,0,0,0,0,0,0,0,0,0,0,0,0,1,0,0,0,0,0
2067,20191770306,2019-10-01 19:00:00,Terça-Feira,NÃO DEFINIDO,38.743369,-9.166977,Direita,Dentro das localidades,São Domingos de Benfica,,Colisão,Colisão com outras situações,Recta,Em patamar,Berma pavimentada,Em plena via,Em bom estado,Estrada sem separador,Dois sentidos,Com marcas,Inexistentes,Outros,Inexistentes,Betuminoso,Em entroncamento,Bom tempo,Em pleno dia,Seco e limpo,0,0,1,Arruamento sem separador,Via Secundária,0,,Estrada Laranjeiras,Localização GPS,2019,10,1,19,Noite,Outono,1,0,3,2,0,0,0,0,0,0,0,0,0,0,0,0,0,1,0,1,0,0,0
2068,20191770313,2019-10-09 10:00:00,Quarta-Feira,NÃO DEFINIDO,38.777626,-9.163427,Central,Dentro das localidades,Santa Clara,Lisboa,Colisão,Colisão frontal,Curva,Em patamar,Sem berma ou impraticável,Em plena via,Em estado regular,Estrada sem separador,Sentido único,Sem marcas rodoviárias ou pouco visíveis,Inexistentes,Outros,Inexistentes,Betuminoso,Em entroncamento,Bom tempo,Em pleno dia,Seco e limpo,0,0,1,Arruamento sem separador,Via Secundária,0,,Estrada Desvio,Localização GPS,2019,10,9,10,Manhã,Outono,1,0,3,2,0,0,0,0,0,0,0,0,0,0,0,0,0,1,0,0,0,0,0
2069,20191770433,2019-10-10 16:00:00,Quinta-Feira,NÃO DEFINIDO,38.77706,-9.119938,Direita,Dentro das localidades,Santa Maria dos Olivais,Lisboa,Colisão,Colisão lateral com outro veículo em movimento,Recta,Com inclinação,Berma pavimentada,Em plena via,Em estado regular,Outra via,Sentido único,Com marcas,Inexistentes,Outros,Inexistentes,Betuminoso,Em cruzamento,Bom tempo,Em pleno dia,Seco e limpo,0,0,2,Arruamento com separador,Via Secundária,0,,Rua Quinta de Santa Maria,Localização GPS,2019,10,10,16,Tarde,Outono,1,0,6,3,1,0,0,0,1,0,0,0,0,0,0,0,1,1,0,0,0,0,0
2070,20191770439,2019-10-15 10:15:00,Terça-Feira,NÃO DEFINIDO,38.715404,-9.137022,Esquerda,Dentro das localidades,Santa Maria Maior,Lisboa,Atropelamento,Atropelamento de peões,Recta,Em patamar,Sem berma ou impraticável,Em plena via,Em bom estado,Outra via,Sentido único,Com marcas,Inexistentes,Outros,Inexistentes,Betuminoso,Fora da intersecção,Bom tempo,Em pleno dia,Seco e limpo,0,0,1,Arruamento com separador,Via Secundária,37,,Rua Palma,Localização GPS,2019,10,15,10,Manhã,Outono,1,0,3,1,0,1,0,0,0,0,0,0,0,0,0,0,0,1,0,0,0,0,1
2071,20191770454,2019-10-15 06:30:00,Terça-Feira,No sentido decrescente da quilometragem,38.749028,-9.138161,Direita,Dentro das localidades,Alvalade,Lisboa,Atropelamento,Atropelamento de peões,Recta,Com inclinação,Berma pavimentada,Em plena via,Em bom estado,Outra via,Sentido único,Com marcas,Inexistentes,NÃO DEFINIDO,Inexistentes,Betuminoso,Fora da intersecção,Bom tempo,Aurora ou crepúsculo,Seco e limpo,0,0,1,Arruamento com separador,Via Secundária,69,,Avenida Estados Unidos da América,Localização GPS,2019,10,15,6,Manhã,Outono,1,0,3,1,0,1,0,0,0,0,0,0,0,0,0,0,0,1,0,0,0,0,1
2072,20191770488,2019-10-16 12:55:00,Quarta-Feira,NÃO DEFINIDO,38.736926,-9.147835,Direita,Dentro das localidades,Avenidas Novas,Lisboa,Colisão,Colisão com fuga,Recta,Em patamar,Sem berma ou impraticável,Em plena via,Em bom estado,Estrada sem separador,Dois sentidos,Com marcas,Inexistentes,NÃO DEFINIDO,A funcionar normalmente,Betuminoso,Em cruzamento,Bom tempo,Em pleno dia,Seco e limpo,0,0,1,Arruamento sem separador,Via Secundária,0,,Avenida 5 de Outubro,Localização GPS,2019,10,16,12,Tarde,Outono,1,0,3,2,0,0,0,0,0,0,0,0,0,0,0,0,0,1,0,1,0,0,0
2073,20191770492,2019-10-11 14:40:00,Sexta-Feira,NÃO DEFINIDO,38.737885,-9.14127,Central,Dentro das localidades,Areeiro,Lisboa,Atropelamento,Atropelamento de peões,Curva,Com inclinação,Berma pavimentada,Em plena via,Em estado regular,Estrada sem separador,Sentido único,Sem marcas rodoviárias ou pouco visíveis,Inexistentes,Passagem de peões,Inexistentes,Calçada,Fora da intersecção,Bom tempo,Em pleno dia,Seco e limpo,0,0,2,Arruamento sem separador,Via Secundária,5,,Avenida António José de Almeida,Localização GPS,2019,10,11,14,Tarde,Outono,1,0,6,1,0,1,0,0,0,0,0,0,1,0,0,0,0,0,0,1,0,0,1
2074,20191770497,2019-10-15 14:40:00,Terça-Feira,NÃO DEFINIDO,38.706263,-9.143929,Direita,Dentro das localidades,Misericórdia,Lisboa,Atropelamento,Atropelamento de peões,Recta,Em patamar,Berma pavimentada,Em plena via,Em bom estado,Estrada sem separador,Dois sentidos,Com marcas,Inexistentes,NÃO DEFINIDO,A funcionar normalmente,Betuminoso,Em cruzamento,Bom tempo,Em pleno dia,Seco e limpo,0,0,1,Arruamento sem separador,Via Secundária,0,,Praça Duque Terceira,Localização GPS,2019,10,15,14,Tarde,Outono,1,0,3,1,0,1,0,0,0,0,0,0,0,0,0,0,0,0,1,0,0,0,1
2075,20191770515,2019-10-13 03:05:00,Domingo,NÃO DEFINIDO,38.743813,-9.11098,Direita,Dentro das localidades,Marvila,,Despiste,Despiste sem dispositivo de retenção,Recta,Em patamar,Berma pavimentada,Em plena via,Em estado regular,Estrada sem separador,Dois sentidos,Com marcas,Inexistentes,Outros,Inexistentes,Betuminoso,Fora da intersecção,Bom tempo,"Noite, com iluminação",Seco e limpo,0,0,1,Arruamento sem separador,Via Secundária,30,,Avenida Paulo VI,Localização GPS,2019,10,13,3,Madrugada,Outono,0,0,3,1,0,0,0,0,0,0,0,0,0,0,0,0,0,0,0,1,0,0,0
2076,20191770547,2019-10-14 18:20:00,Segunda-Feira,No sentido crescente da quilometragem,38.763141,-9.140784,Esquerda,Dentro das localidades,Alvalade,Lisboa,Colisão,Colisão traseira com outro veículo em movimento,Recta,Em patamar,Berma pavimentada,Em plena via,Em mau estado,Outra via,Sentido único,Sem marcas rodoviárias ou pouco visíveis,Inexistentes,Outros,Inexistentes,Betuminoso,Fora da intersecção,Bom tempo,Em pleno dia,Seco e limpo,0,0,1,Arruamento com separador,2ª Circular,0,,Avenida Marechal Craveiro Lopes,Localização GPS,2019,10,14,18,Noite,Outono,1,0,3,2,0,0,0,0,0,0,0,0,0,0,0,0,0,1,0,1,0,0,0
2077,20191770571,2019-10-12 14:50:00,Sábado,NÃO DEFINIDO,38.747003,-9.11555,Direita,Dentro das localidades,Marvila,Lisboa,Despiste,Despiste sem dispositivo de retenção,Recta,Com inclinação,Berma pavimentada,Em plena via,Em bom estado,Estrada sem separador,Sentido único,Com marcas,Inexistentes,NÃO DEFINIDO,Inexistentes,Betuminoso,Em rotunda,Bom tempo,Em pleno dia,Seco e limpo,0,0,1,Arruamento sem separador,Via Secundária,0,,Rua Salgueiro Maia,Localização GPS,2019,10,12,14,Tarde,Outono,0,0,3,2,0,0,0,0,0,0,0,0,0,0,0,0,0,1,0,1,0,0,0
2078,20191770590,2019-10-04 14:15:00,Sexta-Feira,NÃO DEFINIDO,38.754916,-9.110529,Direita,Dentro das localidades,Marvila,Lisboa,Colisão,Colisão traseira com outro veículo em movimento,Recta,Em patamar,Berma pavimentada,Em plena via,Em estado regular,Estrada sem separador,Dois sentidos,Com marcas,Inexistentes,Outros,Inexistentes,Betuminoso,Fora da intersecção,Bom tempo,Em pleno dia,Seco e limpo,0,0,1,Arruamento sem separador,Via Secundária,0,,Rua Doutor José Espírito Santo,Localização GPS,2019,10,4,14,Tarde,Outono,1,0,3,2,1,0,0,0,0,0,0,0,0,0,0,0,1,1,0,1,0,0,0
2079,20191770592,2019-10-04 18:10:00,Sexta-Feira,NÃO DEFINIDO,38.727077,-9.137022,Esquerda,Dentro das localidades,Arroios,,Colisão,Colisão lateral com outro veículo em movimento,Recta,Com inclinação,Berma pavimentada,Em plena via,Em estado regular,Estrada sem separador,Dois sentidos,Com marcas,Inexistentes,Outros,A funcionar normalmente,Betuminoso,Fora da intersecção,Bom tempo,Em pleno dia,Seco e limpo,0,0,1,Arruamento sem separador,Via Secundária,0,,Rua Jacinta Marto,Localização GPS,2019,10,4,18,Noite,Outono,1,0,3,2,0,0,0,0,0,0,0,0,0,0,0,0,0,1,0,1,0,0,0
2080,20191770601,2019-10-06 15:00:00,Domingo,NÃO DEFINIDO,38.713327,-9.155747,Direita,Dentro das localidades,Estrela,,Colisão,Colisão com veiculo ou obstáculo na faixa de rodagem,Curva,Em patamar,Berma pavimentada,Em plena via,Em bom estado,Estrada sem separador,Sentido único,Sem marcas rodoviárias ou pouco visíveis,Inexistentes,Outros,Inexistentes,Betuminoso,Fora da intersecção,Bom tempo,Em pleno dia,Seco e limpo,0,0,1,Arruamento sem separador,Via Secundária,13,,Rua Imprensa à Estrela,Localização GPS,2019,10,6,15,Tarde,Outono,0,0,3,3,0,0,0,0,0,0,0,0,0,0,0,0,1,1,0,1,0,0,0
2081,20191770636,2019-10-12 21:00:00,Sábado,NÃO DEFINIDO,38.715191,-9.15422,Direita,Dentro das localidades,Estrela,Lisboa,Despiste,Despiste sem dispositivo de retenção,Recta,Com inclinação,Sem berma ou impraticável,Em plena via,Em estado regular,Estrada sem separador,Dois sentidos,Sem marcas rodoviárias ou pouco visíveis,Inexistentes,Outros,Inexistentes,Betuminoso,Em entroncamento,Bom tempo,"Noite, com iluminação",Seco e limpo,0,0,1,Arruamento sem separador,Via Secundária,396,,Rua São Bento,Localização GPS,2019,10,12,21,Noite,Outono,0,0,3,2,0,0,0,0,0,0,0,0,0,0,0,0,0,1,0,1,0,0,0
2082,20191770661,2019-10-16 08:40:00,Quarta-Feira,NÃO DEFINIDO,38.715033,-9.166057,Direita,Dentro das localidades,Campo de Ourique,Lisboa,Colisão,Colisão lateral com outro veículo em movimento,Recta,Com inclinação,Sem berma ou impraticável,Em plena via,Em estado regular,Estrada sem separador,Dois sentidos,Com marcas,Inexistentes,Outros,Inexistentes,Calçada,Em entroncamento,Bom tempo,Em pleno dia,Seco e limpo,0,0,1,Arruamento sem separador,Via Secundária,215,,Rua Saraiva de Carvalho,Localização GPS,2019,10,16,8,Manhã,Outono,1,0,3,2,0,0,0,0,0,0,0,0,0,0,0,0,0,1,0,1,0,0,0
2083,20191770714,2019-10-13 21:40:00,Domingo,NÃO DEFINIDO,38.764243,-9.103936,Esquerda,Dentro das localidades,Parque das Nações,,Despiste,Despiste com dispositivo de retenção,Recta,Com inclinação,Berma não pavimentada,Em plena via,Em mau estado,Outra via,Sentido único,Sem marcas rodoviárias ou pouco visíveis,Correctamente sinalizados,Outros,Inexistentes,Betuminoso,Fora da intersecção,Chuva,"Noite, com iluminação",Molhado,0,0,1,Arruamento com separador,Via Secundária,0,,Avenida Infante Dom Henrique,Localização GPS,2019,10,13,21,Noite,Outono,0,0,3,1,0,0,0,0,0,0,0,0,0,0,0,0,0,0,0,1,0,0,0
2084,20191770779,2019-10-11 18:00:00,Sexta-Feira,No sentido crescente da quilometragem,38.736224,-9.145311,Direita,Dentro das localidades,Avenidas Novas,Lisboa,Colisão,Colisão com outras situações,Recta,Em patamar,Sem berma ou impraticável,Em plena via,Em estado regular,Outra via,Sentido único,Com marcas,Inexistentes,Outros,A funcionar normalmente,Betuminoso,Em cruzamento,Bom tempo,Em pleno dia,Seco e limpo,0,0,1,Arruamento com separador,Via Secundária,20,,Avenida República,Localização GPS,2019,10,11,18,Noite,Outono,1,0,3,2,0,0,0,0,0,0,0,0,0,0,0,0,1,1,0,1,0,0,0
2085,20191770780,2019-10-11 14:49:00,Sexta-Feira,NÃO DEFINIDO,38.757628,-9.185516,Direita,Dentro das localidades,Carnide,Lisboa,Colisão,Colisão lateral com outro veículo em movimento,Recta,Com inclinação,Sem berma ou impraticável,Em plena via,Em estado regular,Estrada sem separador,Dois sentidos,Com marcas,Inexistentes,Passagem de peões,Inexistentes,Betuminoso,Em entroncamento,Bom tempo,Em pleno dia,Seco e limpo,0,0,2,Arruamento sem separador,Via Secundária,3,,Avenida do Colégio Militar,Localização GPS,2019,10,11,14,Tarde,Outono,1,0,6,2,1,0,0,0,0,1,0,0,0,0,0,0,0,1,0,1,0,0,0
2086,20191770787,2019-10-10 06:45:00,Quinta-Feira,No sentido decrescente da quilometragem,38.779208,-9.156786,Direita,Dentro das localidades,Lumiar,,Colisão,Colisão traseira com outro veículo em movimento,Recta,Em patamar,Berma pavimentada,Em plena via,Em bom estado,Outra via,Sentido único,Com marcas,Inexistentes,Outros,Inexistentes,Betuminoso,Fora da intersecção,Bom tempo,Em pleno dia,Seco e limpo,0,0,2,IP - Itinerário Principal,IP7,,5.8,,Localização GPS,2019,10,10,6,Manhã,Outono,1,0,6,3,0,0,0,0,0,0,0,0,0,0,0,0,1,1,0,0,0,0,0
2087,20191770817,2019-10-17 10:00:00,Quinta-Feira,NÃO DEFINIDO,38.726878,-9.114458,Direita,Dentro das localidades,Beato,Lisboa,Despiste,Despiste sem dispositivo de retenção,Recta,Em patamar,Sem berma ou impraticável,Em plena via,Em bom estado,Estrada sem separador,Dois sentidos,Sem marcas rodoviárias ou pouco visíveis,Inexistentes,NÃO DEFINIDO,Inexistentes,Betuminoso,Fora da intersecção,Chuva,Em pleno dia,Molhado,0,0,1,Arruamento sem separador,Via Secundária,9,,Rua Gualdim Pais,Localização GPS,2019,10,17,10,Manhã,Outono,1,0,3,1,0,0,0,0,0,0,0,0,0,0,0,0,1,0,0,1,0,0,0
2088,20191770842,2019-10-17 11:15:00,Quinta-Feira,NÃO DEFINIDO,38.714444,-9.139748,Direita,Dentro das localidades,Santa Maria Maior,,Colisão,Colisão lateral com outro veículo em movimento,Recta,Em patamar,Berma pavimentada,Em plena via,Em estado regular,Estrada sem separador,Sentido único,Com marcas,Inexistentes,Outros,A funcionar normalmente,Calçada,Em entroncamento,Chuva,Em pleno dia,Molhado,0,0,1,Arruamento sem separador,Via Secundária,0,,Praça Dom Pedro IV,Localização GPS,2019,10,17,11,Manhã,Outono,1,0,3,2,0,0,0,0,0,0,0,0,0,0,0,0,0,1,0,1,0,0,0
2089,20191770864,2019-10-17 09:10:00,Quinta-Feira,No sentido crescente da quilometragem,38.743334,-9.132634,Central,Dentro das localidades,Areeiro,,Colisão,Colisão traseira com outro veículo em movimento,Recta,Com inclinação,Berma pavimentada,Em plena via,Em estado regular,Outra via,Sentido único,Com marcas,Inexistentes,NÃO DEFINIDO,Inexistentes,Betuminoso,Fora da intersecção,Chuva,Em pleno dia,Molhado,0,0,1,Arruamento com separador,Via Secundária,6,,Avenida Almirante Gago Coutinho,Localização GPS,2019,10,17,9,Manhã,Outono,1,0,3,2,0,0,0,0,0,0,0,0,0,0,0,0,1,1,0,0,0,0,0
2090,20191770866,2019-10-17 15:50:00,Quinta-Feira,NÃO DEFINIDO,38.726121,-9.150952,Direita,Dentro das localidades,Avenidas Novas,,Atropelamento,Atropelamento de peões,Recta,Em patamar,Berma pavimentada,Em parque de estacionamento,Em estado regular,Estrada sem separador,Dois sentidos,Sem marcas rodoviárias ou pouco visíveis,Inexistentes,Outros,Inexistentes,Betuminoso,Fora da intersecção,Bom tempo,Em pleno dia,Seco e limpo,0,0,1,Arruamento sem separador,Via Secundária,0,,Parque Eduardo VII,Localização GPS,2019,10,17,15,Tarde,Outono,1,0,3,1,0,1,0,0,0,0,0,0,0,0,0,0,0,0,1,0,0,0,1
2091,20191770870,2019-10-18 10:45:00,Sexta-Feira,NÃO DEFINIDO,,,Direita,Dentro das localidades,Lumiar,Lisboa,Atropelamento,Atropelamento de peões,Recta,Com inclinação,Sem berma ou impraticável,Em plena via,Em estado regular,Estrada sem separador,Sentido único,Com marcas,Inexistentes,Passagem de peões,Inexistentes,Betuminoso,Fora da intersecção,Bom tempo,Em pleno dia,Seco e limpo,0,0,1,Arruamento sem separador,Via Secundária,14,,Estrada Desvio,Localização GPS,2019,10,18,10,Manhã,Outono,1,0,3,1,0,1,0,0,0,0,0,0,0,0,0,0,0,1,0,0,0,0,1
2092,20191770937,2019-10-13 18:00:00,Domingo,No sentido decrescente da quilometragem,38.775622,-9.156267,Direita,Dentro das localidades,Lumiar,Lisboa,Colisão,Colisão com fuga,Recta,Em patamar,Berma pavimentada,Em plena via,Em bom estado,Outra via,Sentido único,Sem marcas rodoviárias ou pouco visíveis,Inexistentes,Outros,Inexistentes,Betuminoso,Fora da intersecção,Bom tempo,Em pleno dia,Seco e limpo,0,0,1,Arruamento com separador,Via Secundária,0,,Rua 10,Localização GPS,2019,10,13,18,Noite,Outono,0,0,3,2,0,0,0,0,0,0,0,0,0,0,0,0,0,1,0,0,0,1,0
2093,20191770980,2019-10-19 00:15:00,Sábado,NÃO DEFINIDO,38.719104,-9.146024,Direita,Dentro das localidades,Santo António,Lisboa,Atropelamento,Atropelamento de peões,Recta,Em patamar,Berma pavimentada,Em parque de estacionamento,Em bom estado,Estrada sem separador,Dois sentidos,NÃO DEFINIDO,Inexistentes,NÃO DEFINIDO,Inexistentes,Betuminoso,Fora da intersecção,Bom tempo,"Noite, com iluminação",Seco e limpo,0,1,0,Arruamento sem separador,Via Secundária,0,,Parque Mayer (parque de estacionamento),Localização GPS,2019,10,19,0,Madrugada,Outono,0,1,10,1,0,1,0,0,0,0,0,0,0,0,0,0,0,1,0,0,0,0,1
2094,20191770981,2019-10-18 08:30:00,Sexta-Feira,NÃO DEFINIDO,38.763544,-9.171632,Direita,Dentro das localidades,Lumiar,,Despiste,Despiste sem dispositivo de retenção,Recta,Em patamar,Berma pavimentada,Em plena via,Em estado regular,Estrada sem separador,Dois sentidos,Sem marcas rodoviárias ou pouco visíveis,Inexistentes,Outros,Inexistentes,Betuminoso,Fora da intersecção,Chuva,Em pleno dia,Molhado,0,0,1,Arruamento sem separador,Via Secundária,2,,Rua Professor Prado Coelho,Localização GPS,2019,10,18,8,Manhã,Outono,1,0,3,2,0,0,0,0,0,0,0,0,0,0,0,0,0,1,0,0,0,1,0
2095,20191770999,2019-10-18 14:08:00,Sexta-Feira,NÃO DEFINIDO,38.707446,-9.208847,Direita,Dentro das localidades,Belém,,Colisão,Colisão com outras situações,Curva,Com inclinação,Sem berma ou impraticável,Em plena via,Em bom estado,Estrada sem separador,Dois sentidos,Sem marcas rodoviárias ou pouco visíveis,Inexistentes,Cedência de passagem,Inexistentes,Betuminoso,Fora da intersecção,Bom tempo,Em pleno dia,Seco e limpo,0,0,1,Arruamento sem separador,Via Secundária,0,,Avenida Ilha da Madeira,Localização GPS,2019,10,18,14,Tarde,Outono,1,0,3,2,0,0,0,0,0,0,0,0,1,0,0,0,0,1,0,1,0,0,0
2096,20191771005,2019-10-18 14:30:00,Sexta-Feira,NÃO DEFINIDO,38.753799,-9.156466,Esquerda,Dentro das localidades,Alvalade,Lisboa,Colisão,Colisão traseira com outro veículo em movimento,Recta,Com inclinação,Sem berma ou impraticável,Em plena via,Em estado regular,Estrada sem separador,Sentido único,Com marcas,Inexistentes,Outros,Inexistentes,Betuminoso,Fora da intersecção,Bom tempo,Em pleno dia,Seco e limpo,0,0,1,Arruamento sem separador,Via Secundária,0,,Alameda Universidade,Localização GPS,2019,10,18,14,Tarde,Outono,1,0,3,2,0,0,0,0,0,1,0,0,0,0,0,0,0,1,0,1,0,0,0
2097,20191771013,2019-10-18 12:50:00,Sexta-Feira,NÃO DEFINIDO,38.731547,-9.140905,Direita,Dentro das localidades,Arroios,,Colisão,Colisão lateral com outro veículo em movimento,Curva,Em patamar,Berma pavimentada,Em plena via,Em bom estado,Estrada sem separador,Sentido único,Com marcas,Inexistentes,Outros,Inexistentes,Betuminoso,Fora da intersecção,Bom tempo,Em pleno dia,Molhado,0,0,1,Arruamento sem separador,Via Secundária,14,,Largo Dona Estefânia,Localização GPS,2019,10,18,12,Tarde,Outono,1,0,3,2,0,0,0,0,0,0,0,0,0,0,0,0,0,1,0,1,0,0,0
2098,20191771017,2019-10-14 17:04:00,Segunda-Feira,NÃO DEFINIDO,38.706046,-9.150865,Direita,Dentro das localidades,Alcântara,,Atropelamento,Atropelamento de peões,Recta,Em patamar,Sem berma ou impraticável,Em plena via,Em estado regular,Estrada sem separador,Dois sentidos,Sem marcas rodoviárias ou pouco visíveis,Inexistentes,Outros,Inexistentes,Betuminoso,Fora da intersecção,Bom tempo,Em pleno dia,Seco e limpo,0,0,2,Arruamento sem separador,Via Secundária,0,,Sem nome,Localização GPS,2019,10,14,17,Tarde,Outono,1,0,6,1,0,1,0,0,0,0,0,0,0,0,0,0,0,0,0,1,0,0,1
2099,20191771023,2019-10-14 16:30:00,Segunda-Feira,No sentido decrescente da quilometragem,38.737691,-9.12628,Direita,Dentro das localidades,Penha de França,,Colisão,Colisão com fuga,Curva,Com inclinação,Berma pavimentada,Em plena via,Em estado regular,Outra via,Sentido único,Com marcas,Inexistentes,Outros,Inexistentes,Betuminoso,Em rotunda,Bom tempo,Em pleno dia,Seco e limpo,0,0,1,Arruamento com separador,Via Secundária,0,,Rotunda Olaias,Localização GPS,2019,10,14,16,Tarde,Outono,1,0,3,2,0,0,0,0,0,0,0,0,0,0,0,0,0,1,0,1,0,0,0
2100,20191771040,2019-10-09 12:15:00,Quarta-Feira,NÃO DEFINIDO,38.769011,-9.173475,Direita,Dentro das localidades,Lumiar,Lisboa,Colisão,Colisão lateral com outro veículo em movimento,Recta,NÃO DEFINIDO,Berma pavimentada,Em plena via,Em estado regular,Estrada sem separador,Dois sentidos,Com marcas,Inexistentes,NÃO DEFINIDO,Inexistentes,Betuminoso,Fora da intersecção,Bom tempo,Em pleno dia,Seco e limpo,0,0,1,Arruamento sem separador,Via Secundária,0,,Azinhaga Ulmeiros,Localização GPS,2019,10,9,12,Tarde,Outono,1,0,3,2,0,0,0,0,0,0,0,0,0,0,0,0,0,1,0,1,0,0,0
2101,20191771061,2019-10-14 15:50:00,Segunda-Feira,NÃO DEFINIDO,38.739037,-9.135746,Direita,Dentro das localidades,Areeiro,,Atropelamento,Atropelamento de peões,Recta,Em patamar,Sem berma ou impraticável,Em plena via,Em bom estado,Estrada sem separador,Sentido único,Com marcas,Inexistentes,Passagem de peões,Inexistentes,Betuminoso,Fora da intersecção,Bom tempo,Em pleno dia,Seco e limpo,0,0,1,Arruamento sem separador,Via Secundária,14,,Avenida Guerra Junqueiro,Localização GPS,2019,10,14,15,Tarde,Outono,1,0,3,1,0,1,0,0,0,0,0,0,0,0,0,0,0,0,0,0,0,1,1
2102,20191771065,2019-10-15 20:30:00,Terça-Feira,No sentido crescente da quilometragem,38.745481,-9.193862,Esquerda,Dentro das localidades,São Domingos de Benfica,,Colisão,Colisão choque em cadeia,Recta,Em patamar,Berma pavimentada,Em plena via,Em estado regular,Outra via,Sentido único,Com marcas,Inexistentes,Outros,Inexistentes,Betuminoso,Fora da intersecção,Bom tempo,"Noite, com iluminação",Seco e limpo,0,0,1,Arruamento com separador,2ª Circular,0,,Avenida Eusébio da Silva Ferreira,Localização GPS,2019,10,15,20,Noite,Outono,1,0,3,4,0,0,0,0,0,0,0,0,0,0,0,0,1,1,0,0,0,0,0
2103,20191771070,2019-10-06 01:25:00,Domingo,No sentido crescente da quilometragem,38.721409,-9.151878,Direita,Dentro das localidades,Santo António,Lisboa,Colisão,Colisão com outras situações,Recta,Em patamar,Berma pavimentada,Em plena via,Em estado regular,Outra via,Dois sentidos,Com marcas,Inexistentes,NÃO DEFINIDO,A funcionar normalmente,Betuminoso,Em cruzamento,Bom tempo,"Noite, com iluminação",Seco e limpo,0,0,1,Arruamento com separador,Via Secundária,0,,Rua Alexandre Herculano,Localização GPS,2019,10,6,1,Madrugada,Outono,0,0,3,2,0,0,0,0,0,0,0,0,0,0,0,0,0,1,0,0,0,0,0
2104,20191771168,2019-10-14 17:25:00,Segunda-Feira,No sentido decrescente da quilometragem,38.743946,-9.147438,Direita,Dentro das localidades,Avenidas Novas,Lisboa,Colisão,Colisão lateral com outro veículo em movimento,Recta,Em patamar,Sem berma ou impraticável,Em plena via,Em bom estado,Outra via,Dois sentidos,Com marcas,Inexistentes,Outros,Inexistentes,Betuminoso,Fora da intersecção,Bom tempo,Em pleno dia,Seco e limpo,0,0,1,Arruamento com separador,Via Secundária,99,,Avenida República,Localização GPS,2019,10,14,17,Tarde,Outono,1,0,3,2,0,0,0,0,0,0,0,0,0,0,0,0,0,0,0,0,0,1,0
2105,20191771182,2019-10-14 13:36:00,Segunda-Feira,No sentido crescente da quilometragem,38.782087,-9.125204,Direita,Dentro das localidades,Santa Maria dos Olivais,Lisboa,Colisão,Colisão lateral com outro veículo em movimento,Curva,Em patamar,Berma pavimentada,Em plena via,Em estado regular,Outra via,Dois sentidos,Com marcas,Inexistentes,Outros,Inexistentes,Betuminoso,Fora da intersecção,Bom tempo,Em pleno dia,Seco e limpo,0,0,1,Arruamento com separador,Via Secundária,0,,Rua C do Aeroporto de Lisboa,Localização GPS,2019,10,14,13,Tarde,Outono,1,0,3,2,0,0,0,0,0,0,0,0,0,0,0,0,0,1,0,0,0,0,0