,IdAcidente,Datahora,Dia da Semana,Sentidos,Latitude GPS,Longitude GPS,Via Trânsito,Localizações,Freguesia,Pov. Proxima,Tipo Natureza,Natureza,Tipo de Traçado,Inclinação do Traçado,Berma do Traçado,Localização do Traçado,Estado Conservação,Características Tecnicas,Reg Circulação,Marca Via,Obstáculos,Sinais,Sinais Luminosos,Tipo Piso,Intersecção Vias,Factores Atmosféricos,Luminosidade,Cond Aderência,VM,FG,FL,Tipos Vias,Via,Num arruamento,Km,Nome arruamento,Localização 2,Ano,Mês,Dia,Hora,Periodo,Estação,Dia Util,Gravidade,Indicador de Gravidade,Veículos envolvidos,Passageiros envolvidos,Peões envolvidos,Inf/Ação: Abertura de porta,Inf/Ação: Desrespeito da sinalização semafórica,Inf/Ação: Desrespeito da sinalização vertical,Inf/Ação: Desrespeito das distâncias de segurança,Inf/Ação: Desrespeito das marcas rodoviárias,Inf/Ação: Encandeamento,Inf/Ação: Manobra irregular,Inf/Ação: Não sinalização da manobra,Inf/Ação: Obstáculo imprevisto na faixa de rodagem,Inf/Ação: Rebentamento de pneumático,Inf/Ação: Velocidade excessiva para as condições existentes,Automóvel ligeiro,Automóvel pesado,Motociclos/Ciclomotores,Outros Veículos,Velocípedes,Peões
2602,20191809669,2019-12-16 11:25:00,Segunda-Feira,No sentido decrescente da quilometragem,38.743083,-9.160564,Direita,Dentro das localidades,São Domingos de Benfica,,Colisão,Colisão traseira com outro veículo em movimento,Recta,Em patamar,Berma pavimentada,Em plena via,Em estado regular,Outra via,Sentido único,Com marcas,Inexistentes,NÃO DEFINIDO,Inexistentes,Betuminoso,Em entroncamento,Chuva,Em pleno dia,Molhado,0,0,1,Arruamento com separador,Via Secundária,0,,Avenida Combatentes,Localização GPS,2019,12,16,11,Manhã,Outono,1,0,3,2,0,0,0,0,0,0,0,0,0,0,0,0,1,1,0,1,0,0,0
2603,20191809679,2019-12-12 19:20:00,Quinta-Feira,No sentido decrescente da quilometragem,38.778704,-9.115481,Central,Dentro das localidades,Santa Maria dos Olivais,Lisboa,Colisão,Colisão traseira com outro veículo em movimento,Recta,Em patamar,Berma pavimentada,Em plena via,Em estado regular,Outra via,Sentido único,Com marcas,Inexistentes,Outros,A funcionar normalmente,Betuminoso,Fora da intersecção,Chuva,"Noite, com iluminação",Molhado,0,0,2,Arruamento com separador,Via Secundária,0,,Avenida Doutor Alfredo Bensaúde,Localização GPS,2019,12,12,19,Noite,Outono,1,0,6,2,1,0,0,0,0,0,0,0,0,0,0,0,1,1,0,0,0,0,0
2604,20191809711,2019-12-07 15:00:00,Sábado,No sentido crescente da quilometragem,38.760573,-9.172451,Central,Dentro das localidades,Benfica,,Colisão,Colisão traseira com outro veículo em movimento,Recta,Em patamar,Berma pavimentada,Em plena via,Em bom estado,Outra via,Sentido único,Com marcas,Inexistentes,Outros,Inexistentes,Betuminoso,Fora da intersecção,Bom tempo,Em pleno dia,Seco e limpo,0,0,4,IP - Itinerário Principal,IP7,,5.6,,Localização GPS,2019,12,7,15,Tarde,Outono,0,0,12,2,2,0,0,0,0,0,0,0,0,0,0,0,0,1,0,0,0,0,0
2605,20191809719,2019-12-12 12:45:00,Quinta-Feira,NÃO DEFINIDO,38.722422,-9.128761,Direita,Dentro das localidades,Penha de França,Lisboa,Atropelamento,Atropelamento de peões,Recta,Em patamar,Sem berma ou impraticável,Em plena via,Em estado regular,Estrada sem separador,Dois sentidos,Com marcas,Inexistentes,Passagem de peões,Inexistentes,Betuminoso,Fora da intersecção,Chuva,Em pleno dia,Molhado,0,0,1,Arruamento sem separador,Via Secundária,66,,Avenida General Roçadas,Localização GPS,2019,12,12,12,Tarde,Outono,1,0,3,1,0,1,0,0,0,0,0,0,0,0,0,0,0,1,0,0,0,0,1
2606,20191809736,2019-12-12 18:20:00,Quinta-Feira,NÃO DEFINIDO,38.769514,-9.123307,Direita,Dentro das localidades,Santa Maria dos Olivais,,Despiste,Despiste com dispositivo de retenção,Curva,Com inclinação,Berma pavimentada,Em plena via,Em bom estado,Estrada sem separador,Sentido único,Sem marcas rodoviárias ou pouco visíveis,Inexistentes,Outros,Inexistentes,Betuminoso,Fora da intersecção,Chuva,"Noite, com iluminação",Molhado,0,0,1,Arruamento sem separador,Via Secundária,0,,Avenida Berlim,Localização GPS,2019,12,12,18,Noite,Outono,1,0,3,1,0,0,0,0,0,0,0,0,0,0,0,0,0,0,0,1,0,0,0
2607,20191809775,2019-12-07 19:00:00,Sábado,NÃO DEFINIDO,38.719169,-9.171054,Direita,Dentro das localidades,Campo de Ourique,,Colisão,Colisão com outras situações,Recta,Em patamar,Berma pavimentada,Em plena via,Em estado regular,Estrada sem separador,Sentido único,Com marcas,Inexistentes,Outros,Inexistentes,Betuminoso,Em cruzamento,Bom tempo,"Noite, com iluminação",Molhado,0,0,2,Arruamento sem separador,Via Secundária,0,,Rua Correia Teles,Localização GPS,2019,12,7,19,Noite,Outono,0,0,6,3,2,0,0,0,0,0,0,0,0,0,0,0,0,1,0,0,0,0,0
2608,20191809885,2019-12-17 09:50:00,Terça-Feira,NÃO DEFINIDO,38.735399,-9.155467,Direita,Dentro das localidades,Avenidas Novas,Lisboa,Colisão,Colisão lateral com outro veículo em movimento,Recta,Com inclinação,Sem berma ou impraticável,Em plena via,Em estado regular,Estrada sem separador,Dois sentidos,Sem marcas rodoviárias ou pouco visíveis,Inexistentes,Outros,Inexistentes,Betuminoso,Fora da intersecção,Bom tempo,Em pleno dia,Seco e limpo,0,0,1,Arruamento sem separador,Via Secundária,6,,Rua Ramalho Ortigão,Localização GPS,2019,12,17,9,Manhã,Outono,1,0,3,2,0,0,0,0,0,0,0,0,0,0,0,0,0,1,0,1,0,0,0
2609,20191809891,2019-12-04 01:00:00,Quarta-Feira,NÃO DEFINIDO,38.75699,-9.204825,Direita,Dentro das localidades,Benfica,Lisboa,Despiste,Despiste sem dispositivo de retenção,Curva,Em patamar,Berma pavimentada,Em plena via,Em estado regular,Estrada sem separador,Dois sentidos,Com marcas,Inexistentes,NÃO DEFINIDO,Inexistentes,Betuminoso,Fora da intersecção,Bom tempo,"Noite, com iluminação",Seco e limpo,0,0,1,Arruamento sem separador,Via Secundária,0,,Calçada Tojal,Localização GPS,2019,12,4,1,Madrugada,Outono,1,0,3,1,0,0,0,0,0,0,0,0,0,0,0,0,0,0,0,1,0,0,0
2610,20191809894,2019-12-01 14:05:00,Domingo,NÃO DEFINIDO,38.757065,-9.171049,Direita,Dentro das localidades,São Domingos de Benfica,Lisboa,Despiste,Despiste com dispositivo de retenção,Curva,Em patamar,Berma pavimentada,Em plena via,Em estado regular,Outra via,Sentido único,Com marcas,Inexistentes,NÃO DEFINIDO,Inexistentes,Betuminoso,Fora da intersecção,Chuva,Em pleno dia,Molhado,0,0,2,Arruamento com separador,2ª Circular,0,,Avenida Eusébio da Silva Ferreira,Localização GPS,2019,12,1,14,Tarde,Outono,0,0,6,1,1,0,0,0,0,0,0,0,0,0,0,0,0,0,0,1,0,0,0
2611,20191809895,2019-12-18 18:50:00,Quarta-Feira,NÃO DEFINIDO,38.737603,-9.132093,Direita,Dentro das localidades,Arroios,,Colisão,Colisão lateral com outro veículo em movimento,Recta,Com inclinação,Berma pavimentada,Em plena via,Em bom estado,Estrada sem separador,Sentido único,Sem marcas rodoviárias ou pouco visíveis,Inexistentes,Outros,A funcionar normalmente,Betuminoso,Fora da intersecção,Chuva,"Noite, com iluminação",Molhado,0,0,1,Arruamento sem separador,Via Secundária,1,,Alameda Dom Afonso Henriques,Localização GPS,2019,12,18,18,Noite,Outono,1,0,3,2,0,0,0,0,0,0,0,0,0,0,0,0,0,1,0,1,0,0,0
2612,20191809905,2019-12-12 06:30:00,Quinta-Feira,NÃO DEFINIDO,38.774351,-9.162228,Direita,Dentro das localidades,Lumiar,Lisboa,Colisão,Colisão com outras situações,Recta,Em patamar,Sem berma ou impraticável,Em plena via,Em estado regular,Estrada sem separador,Sentido único,Sem marcas rodoviárias ou pouco visíveis,Inexistentes,Outros,Inexistentes,Betuminoso,Fora da intersecção,Chuva,Aurora ou crepúsculo,Seco e limpo,0,0,1,Arruamento sem separador,Via Secundária,0,,Rua Lumiar,Localização GPS,2019,12,12,6,Manhã,Outono,1,0,3,2,1,0,0,0,0,0,0,0,0,0,0,0,0,1,1,0,0,0,0
2613,20191809921,2019-12-17 17:42:00,Terça-Feira,No sentido decrescente da quilometragem,38.714636,-9.152137,Direita,Dentro das localidades,Misericórdia,Lisboa,Atropelamento,Atropelamento de peões,Recta,Com inclinação,Berma pavimentada,Na berma,Em estado regular,Outra via,Dois sentidos,Sem marcas rodoviárias ou pouco visíveis,Inexistentes,Outros,Inexistentes,Calçada,Em entroncamento,Chuva,"Noite, com iluminação",Molhado,0,0,1,Arruamento com separador,Via Secundária,20,,Rua Nova da Piedade,Localização GPS,2019,12,17,17,Tarde,Outono,1,0,3,1,0,1,0,0,0,0,0,0,0,0,0,0,0,1,0,0,0,0,1
2614,20191809948,2019-12-13 08:20:00,Sexta-Feira,NÃO DEFINIDO,38.718287,-9.15682,Esquerda,Dentro das localidades,Campo de Ourique,Lisboa,Atropelamento,Atropelamento de peões,Recta,Com inclinação,Sem berma ou impraticável,Em plena via,Em bom estado,Estrada sem separador,Dois sentidos,Com marcas,Inexistentes,Passagem de peões,Inexistentes,Betuminoso,Fora da intersecção,Bom tempo,Em pleno dia,Seco e limpo,0,0,1,Arruamento sem separador,Via Secundária,46,,Avenida Álvares Cabral,Localização GPS,2019,12,13,8,Manhã,Outono,1,0,3,1,0,1,0,0,0,0,0,0,0,0,0,0,0,1,0,0,0,0,1
2615,20191809985,2019-12-17 17:45:00,Terça-Feira,NÃO DEFINIDO,38.749692,-9.191544,Direita,Dentro das localidades,Benfica,Lisboa,Atropelamento,Atropelamento de peões,Recta,Em patamar,Sem berma ou impraticável,Em parque de estacionamento,Em bom estado,Estrada sem separador,Sentido único,Sem marcas rodoviárias ou pouco visíveis,Inexistentes,Outros,Inexistentes,Betuminoso,Fora da intersecção,Bom tempo,"Noite, com iluminação",Seco e limpo,0,0,1,Arruamento sem separador,Via Secundária,0,,Largo Mário Cura Mariano,Localização GPS,2019,12,17,17,Tarde,Outono,1,0,3,1,0,1,0,0,0,0,0,0,0,0,0,0,0,1,0,0,0,0,1
2616,20191809991,2019-11-30 03:40:00,Sábado,NÃO DEFINIDO,38.751328,-9.149398,Direita,Dentro das localidades,Alvalade,Lisboa,Despiste,Despiste com dispositivo de retenção,Recta,Em patamar,Berma pavimentada,Em plena via,Em estado regular,Outra via,Sentido único,Com marcas,Inexistentes,NÃO DEFINIDO,A funcionar normalmente,Betuminoso,Em entroncamento,Bom tempo,"Noite, com iluminação",Seco e limpo,0,0,1,Arruamento com separador,Via Secundária,0,,Campo Grande,Localização GPS,2019,11,30,3,Madrugada,Outono,0,0,3,1,0,0,0,0,0,0,0,0,0,0,0,0,0,1,0,0,0,0,0
2617,20191810030,2019-12-16 14:15:00,Segunda-Feira,No sentido crescente da quilometragem,38.731628,-9.169169,Direita,Fora das localidades,Campolide,,Colisão,Colisão com outras situações,Recta,Em patamar,Berma pavimentada,Em plena via,Em bom estado,Outra via,Sentido único,Com marcas,Inexistentes,Outros,Inexistentes,Betuminoso,Fora da intersecção,Chuva,Em pleno dia,Molhado,0,0,1,IP - Itinerário Principal,IP7,,9.7,,Localização GPS,2019,12,16,14,Tarde,Outono,1,0,3,2,0,0,0,0,0,0,0,0,0,0,0,0,1,1,0,0,0,0,0
2618,20191810058,2019-12-13 18:30:00,Sexta-Feira,NÃO DEFINIDO,38.7491,-9.14969,Direita,Dentro das localidades,Alvalade,Lisboa,Colisão,Colisão com outras situações,Recta,Em patamar,Sem berma ou impraticável,Em plena via,Em bom estado,Estrada sem separador,Sentido único,Com marcas,Inexistentes,Outros,Inexistentes,Betuminoso,Fora da intersecção,Bom tempo,"Noite, com iluminação",Seco e limpo,0,0,1,Arruamento sem separador,Via Secundária,382,,Campo Grande,Localização GPS,2019,12,13,18,Noite,Outono,1,0,3,2,0,0,0,0,0,1,0,0,0,0,0,0,0,0,1,1,0,0,0
2619,20191811038,2019-12-04 18:10:00,Quarta-Feira,No sentido crescente da quilometragem,38.72229,-9.201179,Esquerda,Fora das localidades,Alcântara,MONSANTO,Colisão,Colisão com outras situações,Recta,Com inclinação,Sem berma ou impraticável,Em plena via,Em bom estado,Auto-estrada,Sentido único,Com marcas,Inexistentes,NÃO DEFINIDO,Inexistentes,Betuminoso,Fora da intersecção,Bom tempo,Em pleno dia,Seco e limpo,0,0,1,A  - Auto-Estrada,A5,,1.9,,Localização GPS,2019,12,4,18,Noite,Outono,1,0,3,2,0,0,0,0,0,0,0,0,0,0,0,0,1,1,0,1,0,0,0
2620,20191814132,2019-12-15 02:45:00,Domingo,NÃO DEFINIDO,38.719386,-9.116363,Central,Dentro das localidades,Penha de França,,Colisão,Colisão lateral com outro veículo em movimento,Recta,Em patamar,Sem berma ou impraticável,Em plena via,Em estado regular,Outra via,Sentido único,Com marcas,Inexistentes,Outros,A funcionar normalmente,Betuminoso,Fora da intersecção,Bom tempo,"Noite, com iluminação",Húmido,0,1,0,Arruamento com separador,Via Secundária,0,,Avenida Infante Dom Henrique,Localização GPS,2019,12,15,2,Madrugada,Outono,0,1,10,2,0,0,0,0,0,0,0,0,1,0,0,0,0,1,0,0,0,1,0
2621,20191814154,2019-12-14 21:00:00,Sábado,No sentido crescente da quilometragem,38.757129,-9.103284,Direita,Dentro das localidades,Santa Maria dos Olivais,,Despiste,Despiste com dispositivo de retenção,Recta,Em patamar,Berma pavimentada,Em plena via,Em estado regular,Outra via,Sentido único,Com marcas,Inexistentes,Outros,Inexistentes,Betuminoso,Fora da intersecção,Chuva,"Noite, com iluminação",Molhado,0,1,0,Arruamento com separador,Via Secundária,362,,Avenida Infante Dom Henrique,Localização GPS,2019,12,14,21,Noite,Outono,0,1,10,1,0,0,0,0,0,0,0,0,0,0,0,0,1,1,0,0,0,0,0
2622,20191814172,2019-12-13 10:20:00,Sexta-Feira,No sentido decrescente da quilometragem,38.782301,-9.165361,Direita,Dentro das localidades,Lumiar,Lisboa,Colisão,Colisão traseira com outro veículo em movimento,Recta,Com inclinação,Berma pavimentada,Em plena via,Em estado regular,Outra via,Sentido único,Com marcas,Inexistentes,Passagem de peões,A funcionar normalmente,Betuminoso,Fora da intersecção,Bom tempo,Em pleno dia,Seco e limpo,0,0,1,Arruamento com separador,Via Secundária,0,,Calçada Carriche,Localização GPS,2019,12,13,10,Manhã,Outono,1,0,3,2,1,0,0,0,0,0,0,0,0,0,0,0,1,1,0,0,0,0,0
2623,20191814183,2019-12-12 17:00:00,Quinta-Feira,No sentido decrescente da quilometragem,38.723232,-9.17577,Direita,Fora das localidades,Campolide,,Despiste,Despiste sem dispositivo de retenção,Recta,Em patamar,Berma pavimentada,Em plena via,Em estado regular,Outra via,Sentido único,Com marcas,Inexistentes,Outros,Inexistentes,Betuminoso,Fora da intersecção,Chuva,Em pleno dia,Húmido,0,0,1,IP - Itinerário Principal,IP7,,9.5,,Localização GPS,2019,12,12,17,Tarde,Outono,1,0,3,1,0,0,0,0,0,0,0,0,0,0,0,0,0,0,0,1,0,0,0
2624,20191814223,2019-12-14 12:00:00,Sábado,NÃO DEFINIDO,38.760302,-9.149225,Direita,Dentro das localidades,Alvalade,Lisboa,Despiste,Despiste sem dispositivo de retenção,Recta,Em patamar,Berma pavimentada,Em plena via,Em estado regular,Estrada sem separador,Sentido único,NÃO DEFINIDO,Inexistentes,NÃO DEFINIDO,Inexistentes,Betuminoso,Fora da intersecção,Bom tempo,Em pleno dia,NÃO DEFINIDO,0,0,1,Arruamento sem separador,Via Secundária,53,,Rua Murtas,Localização GPS,2019,12,14,12,Tarde,Outono,0,0,3,1,0,0,0,0,0,0,0,0,0,0,0,0,0,0,0,1,0,0,0
2625,20191814227,2019-12-15 16:00:00,Domingo,NÃO DEFINIDO,38.709959,-9.153459,Direita,Dentro das localidades,Estrela,Lisboa,Despiste,Despiste sem dispositivo de retenção,Recta,Com inclinação,Berma pavimentada,Em plena via,Em bom estado,Estrada sem separador,Dois sentidos,Sem marcas rodoviárias ou pouco visíveis,Inexistentes,Outros,Inexistentes,Calçada,Fora da intersecção,Chuva,Em pleno dia,Molhado,0,0,1,Arruamento sem separador,Via Secundária,126,,Avenida Dom Carlos I,Localização GPS,2019,12,15,16,Tarde,Outono,0,0,3,1,0,0,0,0,0,0,0,0,0,0,0,0,0,0,0,1,0,0,0
2626,20191814266,2019-12-15 18:35:00,Domingo,NÃO DEFINIDO,38.709218,-9.153122,Direita,Dentro das localidades,Estrela,Lisboa,Colisão,Colisão traseira com outro veículo em movimento,Recta,Com inclinação,Sem berma ou impraticável,Em plena via,Em mau estado,Estrada sem separador,Dois sentidos,Sem marcas rodoviárias ou pouco visíveis,Inexistentes,Outros,A funcionar normalmente,Calçada,Fora da intersecção,Chuva,"Noite, com iluminação",Molhado,0,0,1,Arruamento sem separador,Via Secundária,122,,Avenida Dom Carlos I,Localização GPS,2019,12,15,18,Noite,Outono,0,0,3,2,0,0,0,0,0,0,0,0,0,0,0,0,0,1,1,0,0,0,0
2627,20191814461,2019-12-20 20:20:00,Sexta-Feira,No sentido crescente da quilometragem,38.729955,-9.150099,Esquerda,Dentro das localidades,Avenidas Novas,Lisboa,Atropelamento,Atropelamento de peões,Recta,Com inclinação,Sem berma ou impraticável,Em plena via,Em estado regular,Outra via,Sentido único,Com marcas,Inexistentes,Passagem de peões,Inexistentes,Betuminoso,Fora da intersecção,Chuva,"Noite, com iluminação",Molhado,0,0,1,Arruamento com separador,Via Secundária,42,,Avenida António Augusto de Aguiar,Localização GPS,2019,12,20,20,Noite,Outono,1,0,3,1,0,1,0,0,0,0,0,0,0,0,0,0,1,1,0,0,0,0,1
2628,20191814491,2019-12-16 02:50:00,Segunda-Feira,No sentido decrescente da quilometragem,38.745481,-9.193862,Esquerda,Dentro das localidades,São Domingos de Benfica,,Despiste,Despiste com colisão com veículo imobil. ou obstáculo,Recta,Em patamar,Berma pavimentada,Em plena via,Em estado regular,Outra via,Sentido único,Com marcas,Inexistentes,Outros,Inexistentes,Betuminoso,Fora da intersecção,Chuva,"Noite, sem iluminação",Molhado,0,0,1,Arruamento com separador,2ª Circular,0,,Avenida Eusébio da Silva Ferreira,Localização GPS,2019,12,16,2,Madrugada,Outono,1,0,3,1,1,0,0,0,0,0,0,0,0,0,0,0,0,1,0,0,0,0,0
2629,20191814497,2019-12-19 17:10:00,Quinta-Feira,No sentido crescente da quilometragem,38.744962,-9.199445,Esquerda,Dentro das localidades,Benfica,Lisboa,Atropelamento,Atropelamento de peões,Recta,Em patamar,Berma pavimentada,Em plena via,Em bom estado,Outra via,Sentido único,Com marcas,Inexistentes,NÃO DEFINIDO,A funcionar normalmente,Betuminoso,Em entroncamento,Chuva,Em pleno dia,Molhado,0,0,1,Arruamento com separador,Via Secundária,0,,Rua Venezuela,Localização GPS,2019,12,19,17,Tarde,Outono,1,0,3,1,0,1,0,0,0,0,0,0,0,0,0,0,0,1,0,0,0,0,1
2630,20191814500,2019-12-19 17:05:00,Quinta-Feira,No sentido decrescente da quilometragem,38.764177,-9.177065,Esquerda,Dentro das localidades,Carnide,Lisboa,Atropelamento,Atropelamento de peões,Curva,Com inclinação,Berma pavimentada,Em plena via,Em estado regular,Outra via,Sentido único,Com marcas,Inexistentes,Passagem de peões,A funcionar normalmente,Betuminoso,Em cruzamento,Chuva,"Noite, com iluminação",Molhado,0,0,1,Arruamento com separador,Via Secundária,19,,Avenida Nações Unidas,Localização GPS,2019,12,19,17,Tarde,Outono,1,0,3,1,0,1,0,0,0,0,0,0,0,0,0,0,0,1,0,0,0,0,1
2631,20191814501,2019-12-19 18:23:00,Quinta-Feira,NÃO DEFINIDO,38.752136,-9.095679,Central,Dentro das localidades,Marvila,Lisboa,Colisão,Colisão traseira com outro veículo em movimento,Recta,Em patamar,Sem berma ou impraticável,Em plena via,Em mau estado,Estrada sem separador,Dois sentidos,Sem marcas rodoviárias ou pouco visíveis,Inexistentes,Outros,Inexistentes,Betuminoso,Fora da intersecção,Chuva,"Noite, com iluminação",Escorregadio por outros fatores,0,0,1,Arruamento sem separador,Via Secundária,0,,Rua Cintura do Porto,Localização GPS,2019,12,19,18,Noite,Outono,1,0,3,2,1,0,0,0,0,0,0,0,0,0,0,0,0,1,0,0,0,0,0
2632,20191814508,2019-12-19 08:55:00,Quinta-Feira,No sentido crescente da quilometragem,38.776982,-9.146057,Central,Dentro das localidades,Santa Clara,Lisboa,Colisão,Colisão lateral com outro veículo em movimento,Recta,Em patamar,Sem berma ou impraticável,Em plena via,Em estado regular,Outra via,Sentido único,Sem marcas rodoviárias ou pouco visíveis,Inexistentes,Stop,Inexistentes,Betuminoso,Em entroncamento,Chuva,Em pleno dia,Molhado,0,0,2,Arruamento com separador,Via Secundária,0,,Avenida Nuno Krus Abecassis,Localização GPS,2019,12,19,8,Manhã,Outono,1,0,6,2,0,0,0,0,0,0,0,0,0,0,0,0,0,1,0,0,0,0,0
2633,20191814547,2019-12-14 15:50:00,Sábado,NÃO DEFINIDO,38.750226,-9.187099,Direita,Dentro das localidades,São Domingos de Benfica,,Atropelamento,Atropelamento de peões,Curva,Em patamar,Sem berma ou impraticável,Em plena via,Em estado regular,Estrada sem separador,Dois sentidos,Sem marcas rodoviárias ou pouco visíveis,Inexistentes,Outros,Inexistentes,Betuminoso,Fora da intersecção,Bom tempo,Em pleno dia,Seco e limpo,0,0,1,Arruamento sem separador,Via Secundária,3,,Largo Carlos Selvagem,Localização GPS,2019,12,14,15,Tarde,Outono,0,0,3,1,0,1,0,0,0,0,0,0,0,0,0,0,0,1,0,0,0,0,1
2634,20191814559,2019-11-30 08:40:00,Sábado,NÃO DEFINIDO,38.737304,-9.157838,Direita,Dentro das localidades,Avenidas Novas,Lisboa,Colisão,Colisão traseira com outro veículo em movimento,Curva,Em patamar,Sem berma ou impraticável,Em plena via,Em estado regular,Estrada sem separador,Sentido único,Com marcas,Inexistentes,Outros,A funcionar normalmente,Betuminoso,Fora da intersecção,Bom tempo,Em pleno dia,Seco e limpo,0,0,1,Arruamento sem separador,Via Secundária,0.00,,Praça Espanha,Localização GPS,2019,11,30,8,Manhã,Outono,0,0,3,2,0,0,0,0,0,0,0,0,0,0,0,0,1,1,0,0,0,0,0
2635,20191814576,2019-12-13 14:15:00,Sexta-Feira,NÃO DEFINIDO,38.78637,-9.144014,Esquerda,Dentro das localidades,Santa Clara,Lisboa,Atropelamento,Atropelamento de peões,NÃO DEFINIDO,NÃO DEFINIDO,NÃO DEFINIDO,NÃO DEFINIDO,NÃO DEFINIDO,Estrada sem separador,Dois sentidos,NÃO DEFINIDO,Inexistentes,NÃO DEFINIDO,Inexistentes,NÃO DEFINIDO,Fora da intersecção,NÃO DEFINIDO,NÃO DEFINIDO,NÃO DEFINIDO,0,0,1,Arruamento sem separador,Via Secundária,0,,Campo Amoreiras,Localização GPS,2019,12,13,14,Tarde,Outono,1,0,3,1,0,1,0,0,0,0,0,0,0,0,0,0,0,1,0,0,0,0,1
2636,20191814610,2019-12-05 15:30:00,Quinta-Feira,NÃO DEFINIDO,38.757655,-9.193335,Central,Dentro das localidades,Carnide,,Colisão,Colisão traseira com outro veículo em movimento,Recta,Em patamar,Berma pavimentada,Em plena via,Em estado regular,Outra via,Sentido único,Com marcas,Inexistentes,Outros,A funcionar normalmente,Betuminoso,Fora da intersecção,Bom tempo,Em pleno dia,Seco e limpo,0,0,1,Arruamento com separador,Via Secundária,0,,Avenida Condes de Carnide,Localização GPS,2019,12,5,15,Tarde,Outono,1,0,3,2,0,0,0,0,0,0,0,0,0,0,0,0,0,1,0,0,0,0,0
2637,20191814612,2019-12-05 08:05:00,Quinta-Feira,NÃO DEFINIDO,38.758614,-9.1124,Central,Dentro das localidades,Santa Maria dos Olivais,,Colisão,Colisão lateral com outro veículo em movimento,Recta,Com inclinação,Berma pavimentada,Em plena via,Em estado regular,Outra via,Sentido único,Com marcas,Inexistentes,Outros,A funcionar normalmente,Betuminoso,Em cruzamento,Bom tempo,Em pleno dia,Seco e limpo,0,0,4,Arruamento com separador,Via Secundária,0.0,,Avenida Marechal Gomes da Costa,Localização GPS,2019,12,5,8,Manhã,Outono,1,0,12,3,2,0,0,0,0,0,0,0,0,0,0,0,0,1,0,0,0,0,0
2638,20191814646,2019-12-04 08:05:00,Quarta-Feira,No sentido crescente da quilometragem,38.767892,-9.171455,Direita,Dentro das localidades,Lumiar,,Colisão,Colisão traseira com outro veículo em movimento,Recta,Em patamar,Berma pavimentada,Em plena via,Em estado regular,Outra via,Sentido único,Com marcas,Inexistentes,Outros,Inexistentes,Betuminoso,Fora da intersecção,Bom tempo,Em pleno dia,Seco e limpo,0,0,1,IP - Itinerário Principal,IP7,,4.8,,Localização GPS,2019,12,4,8,Manhã,Outono,1,0,3,2,0,0,0,0,0,0,0,0,0,0,0,0,0,1,0,1,0,0,0
2639,20191814647,2019-12-20 15:15:00,Sexta-Feira,NÃO DEFINIDO,38.723101,-9.195745,Direita,Dentro das localidades,Benfica,Lisboa,Colisão,Colisão frontal,Curva,Em patamar,Sem berma ou impraticável,Em plena via,Em estado regular,Estrada sem separador,Dois sentidos,Sem marcas rodoviárias ou pouco visíveis,Inexistentes,Outros,Desligada,Betuminoso,Em entroncamento,Chuva,Em pleno dia,Molhado,0,1,0,Arruamento sem separador,Via Secundária,0.00,,Estrada do Penedo,Localização GPS,2019,12,20,15,Tarde,Outono,1,1,10,2,0,0,0,0,0,0,0,0,0,0,0,0,1,1,1,0,0,0,0
2640,20191814648,2019-12-13 01:30:00,Sexta-Feira,NÃO DEFINIDO,38.745481,-9.193862,Direita,Dentro das localidades,São Domingos de Benfica,,Despiste,Despiste com dispositivo de retenção,Curva,Com inclinação,Berma pavimentada,Em plena via,Em estado regular,Outra via,Sentido único,Com marcas,Inexistentes,Outros,Inexistentes,Betuminoso,Fora da intersecção,Chuva,"Noite, com iluminação",Molhado,0,0,2,Arruamento com separador,2ª Circular,0,,Avenida Eusébio da Silva Ferreira,Localização GPS,2019,12,13,1,Madrugada,Outono,1,0,6,2,1,0,0,0,0,0,0,0,0,0,0,0,1,1,0,0,0,0,0
2641,20191814657,2019-12-12 05:50:00,Quinta-Feira,No sentido decrescente da quilometragem,38.75141,-9.185584,Direita,Dentro das localidades,Carnide,Lisboa,Despiste,Despiste com capotamento,Recta,Com inclinação,Sem berma ou impraticável,Em plena via,Em estado regular,Outra via,Sentido único,Com marcas,Inexistentes,Outros,Inexistentes,Betuminoso,Fora da intersecção,Chuva,"Noite, com iluminação",Molhado,0,0,3,Arruamento com separador,Via Secundária,0.00,,Avenida Lusíada,Localização GPS,2019,12,12,5,Madrugada,Outono,1,0,9,1,2,0,0,0,0,0,0,0,0,0,0,0,1,1,0,0,0,0,0
2642,20191814670,2019-12-16 20:15:00,Segunda-Feira,NÃO DEFINIDO,38.708853,-9.180684,Direita,Dentro das localidades,Alcântara,,Atropelamento,Atropelamento de peões,Recta,Em patamar,Berma pavimentada,Em plena via,Em bom estado,Estrada sem separador,Dois sentidos,Com marcas,Inexistentes,Passagem de peões,Inexistentes,Betuminoso,Fora da intersecção,Chuva,"Noite, com iluminação",Húmido,0,0,1,Arruamento sem separador,Via Secundária,41,,Rua Professor Vieira Natividade,Localização GPS,2019,12,16,20,Noite,Outono,1,0,3,1,0,1,0,0,0,0,0,0,0,0,0,0,1,1,0,0,0,0,1
2643,20191814671,2019-12-20 13:23:00,Sexta-Feira,No sentido decrescente da quilometragem,38.72784,-9.173094,Esquerda,Dentro das localidades,Campolide,,Colisão,Colisão traseira com outro veículo em movimento,Recta,Em patamar,Berma pavimentada,Em plena via,Em estado regular,Outra via,Sentido único,Com marcas,Inexistentes,Outros,A funcionar normalmente,Betuminoso,Em entroncamento,Chuva,Em pleno dia,Molhado,0,0,1,Arruamento com separador,Via Secundária,0,,Avenida Calouste Gulbenkian,Localização GPS,2019,12,20,13,Tarde,Outono,1,0,3,2,0,0,0,0,0,0,0,0,0,0,0,0,0,1,1,0,0,0,0