,IdAcidente,Datahora,Dia da Semana,Sentidos,Latitude GPS,Longitude GPS,Via Trânsito,Localizações,Freguesia,Pov. Proxima,Tipo Natureza,Natureza,Tipo de Traçado,Inclinação do Traçado,Berma do Traçado,Localização do Traçado,Estado Conservação,Características Tecnicas,Reg Circulação,Marca Via,Obstáculos,Sinais,Sinais Luminosos,Tipo Piso,Intersecção Vias,Factores Atmosféricos,Luminosidade,Cond Aderência,VM,FG,FL,Tipos Vias,Via,Num arruamento,Km,Nome arruamento,Localização 2,Ano,Mês,Dia,Hora,Periodo,Estação,Dia Util,Gravidade,Indicador de Gravidade,Veículos envolvidos,Passageiros envolvidos,Peões envolvidos,Inf/Ação: Abertura de porta,Inf/Ação: Desrespeito da sinalização semafórica,Inf/Ação: Desrespeito da sinalização vertical,Inf/Ação: Desrespeito das distâncias de segurança,Inf/Ação: Desrespeito das marcas rodoviárias,Inf/Ação: Encandeamento,Inf/Ação: Manobra irregular,Inf/Ação: Não sinalização da manobra,Inf/Ação: Obstáculo imprevisto na faixa de rodagem,Inf/Ação: Rebentamento de pneumático,Inf/Ação: Velocidade excessiva para as condições existentes,Automóvel ligeiro,Automóvel pesado,Motociclos/Ciclomotores,Outros Veículos,Velocípedes,Peões
2685,20191816967,2019-12-23 12:30:00,Segunda-Feira,NÃO DEFINIDO,38.721481,-9.130091,Direita,Dentro das localidades,Penha de França,Lisboa,Atropelamento,Atropelamento de peões,Curva,Com inclinação,Sem berma ou impraticável,Em plena via,Em estado regular,Estrada sem separador,Dois sentidos,Sem marcas rodoviárias ou pouco visíveis,Inexistentes,Passagem de peões,Inexistentes,Betuminoso,Em entroncamento,Bom tempo,Em pleno dia,Seco e limpo,0,0,1,Arruamento sem separador,Via Secundária,12,,Rua Angelina Vidal,Localização GPS,2019,12,23,12,Tarde,Inverno,1,0,3,1,0,1,0,0,0,0,0,0,0,0,0,0,0,1,0,0,0,0,1
2686,20191817022,2019-12-11 20:45:00,Quarta-Feira,No sentido decrescente da quilometragem,38.72981,-9.147281,Direita,Dentro das localidades,Santo António,,Colisão,Colisão com outras situações,Recta,Em patamar,Berma pavimentada,Em plena via,Em bom estado,Outra via,Sentido único,Com marcas,Inexistentes,Outros,A funcionar normalmente,Betuminoso,Fora da intersecção,Bom tempo,"Noite, com iluminação",Seco e limpo,0,0,1,Arruamento com separador,Via Secundária,15,,Avenida Fontes Pereira de Melo,Localização GPS,2019,12,11,20,Noite,Outono,1,0,3,2,0,0,0,0,0,0,0,0,0,0,0,0,0,1,0,0,0,1,0
2687,20191817023,2019-12-09 17:00:00,Segunda-Feira,No sentido crescente da quilometragem,38.729845,-9.170794,Direita,Dentro das localidades,Campolide,,Colisão,Colisão lateral com outro veículo em movimento,Recta,Em patamar,Berma pavimentada,Em plena via,Em bom estado,Outra via,Sentido único,Com marcas,Inexistentes,Outros,Inexistentes,Betuminoso,Fora da intersecção,Bom tempo,Em pleno dia,Seco e limpo,0,0,1,IP - Itinerário Principal,IP7,,9.85,,Localização GPS,2019,12,9,17,Tarde,Outono,1,0,3,2,0,0,0,0,0,0,0,0,0,0,0,0,0,1,0,1,0,0,0
2688,20191817605,2019-12-24 16:30:00,Terça-Feira,No sentido decrescente da quilometragem,38.758155,-9.123015,Direita,Dentro das localidades,Marvila,Lisboa,Colisão,Colisão traseira com outro veículo em movimento,Recta,Em patamar,Sem berma ou impraticável,Em plena via,Em estado regular,Outra via,Dois sentidos,Com marcas,Inexistentes,Outros,Inexistentes,Betuminoso,Fora da intersecção,Bom tempo,Em pleno dia,Seco e limpo,0,0,3,Arruamento com separador,Via Secundária,239,,Rua Luís Cristino da Silva,Localização GPS,2019,12,24,16,Tarde,Inverno,1,0,9,2,2,0,0,0,0,0,0,0,0,0,0,0,0,1,0,0,0,0,0
2689,20191817607,2019-12-26 20:05:00,Quinta-Feira,NÃO DEFINIDO,38.706621,-9.145675,Direita,Dentro das localidades,Misericórdia,Lisboa,Colisão,Colisão lateral com outro veículo em movimento,Recta,Em patamar,Sem berma ou impraticável,Em via ou pista reservada,Em bom estado,Estrada sem separador,Dois sentidos,Com marcas,Inexistentes,Outros,Inexistentes,Betão de cimento,Fora da intersecção,Bom tempo,"Noite, com iluminação",Seco e limpo,0,0,1,Arruamento sem separador,Via Secundária,4,,Avenida 24 de Julho,Localização GPS,2019,12,26,20,Noite,Inverno,1,0,3,2,0,0,0,0,0,0,0,0,0,0,0,0,0,1,0,0,0,1,0
2690,20191817640,2019-12-20 00:05:00,Sexta-Feira,NÃO DEFINIDO,38.754045,-9.141059,Direita,Dentro das localidades,Alvalade,,Colisão,Colisão com veiculo ou obstáculo na faixa de rodagem,Recta,Em patamar,Berma pavimentada,Em plena via,Em estado regular,Estrada sem separador,Sentido único,Com marcas,Inexistentes,Passagem de peões,Desligada,Betuminoso,Em cruzamento,Chuva,"Noite, com iluminação",Escorregadio por outros fatores,0,0,1,Arruamento sem separador,Via Secundária,0,,Avenida Igreja,Localização GPS,2019,12,20,0,Madrugada,Outono,1,0,3,2,1,0,0,0,1,0,0,0,0,0,0,0,0,1,0,0,0,0,0
2691,20191817686,2019-12-03 13:20:00,Terça-Feira,NÃO DEFINIDO,38.753246,-9.168227,Direita,Dentro das localidades,São Domingos de Benfica,Lisboa,Colisão,Colisão lateral com outro veículo em movimento,Recta,Em patamar,Berma pavimentada,Em plena via,Em bom estado,Estrada sem separador,Dois sentidos,Com marcas,Inexistentes,Outros,Inexistentes,Betuminoso,Fora da intersecção,Bom tempo,Em pleno dia,Seco e limpo,0,0,1,Arruamento sem separador,Via Secundária,24,,Rua António Albino Machado,Localização GPS,2019,12,3,13,Tarde,Outono,1,0,3,2,0,0,0,0,0,0,0,0,1,0,0,0,0,1,0,1,0,0,0
2692,20191817691,2019-12-24 06:45:00,Terça-Feira,NÃO DEFINIDO,38.710383,-9.161996,Direita,Dentro das localidades,Estrela,,Colisão,Colisão frontal,Recta,Em patamar,Berma pavimentada,Em plena via,Em estado regular,Estrada sem separador,Dois sentidos,Com marcas,Inexistentes,Cedência de passagem,Inexistentes,Betuminoso,Em cruzamento,Bom tempo,"Noite, com iluminação",Húmido,0,0,2,Arruamento sem separador,Via Secundária,22,,Rua Buenos Aires,Localização GPS,2019,12,24,6,Manhã,Inverno,1,0,6,2,1,0,0,0,1,0,0,0,0,0,0,0,0,1,0,0,0,0,0
2693,20191817692,2019-12-26 07:25:00,Quinta-Feira,No sentido decrescente da quilometragem,38.744891,-9.147799,Direita,Dentro das localidades,Avenidas Novas,,Atropelamento,Atropelamento de peões,Recta,Em patamar,Berma pavimentada,Em plena via,Em estado regular,Outra via,Sentido único,Com marcas,Inexistentes,Passagem de peões,Inexistentes,Betuminoso,Fora da intersecção,Bom tempo,Em pleno dia,Seco e limpo,0,0,1,Arruamento com separador,Via Secundária,101,,Avenida República,Localização GPS,2019,12,26,7,Manhã,Inverno,1,0,3,1,0,1,0,0,0,0,0,0,0,0,0,0,0,1,0,0,0,0,1
2694,20191817751,2019-12-15 13:40:00,Domingo,NÃO DEFINIDO,38.755886,-9.185389,Direita,Dentro das localidades,São Domingos de Benfica,Lisboa,Despiste,Despiste com capotamento,Curva,Com inclinação,Sem berma ou impraticável,Em plena via,Em bom estado,Estrada sem separador,Sentido único,Com marcas,Inexistentes,Outros,Inexistentes,Betuminoso,Em via de aceleração,Chuva,Em pleno dia,Molhado,0,0,2,Arruamento sem separador,2ª Circular,0.00,,Avenida Eusébio da Silva Ferreira,Localização GPS,2019,12,15,13,Tarde,Outono,0,0,6,1,1,0,0,0,0,0,0,0,0,0,0,0,0,1,0,0,0,0,0
2695,20191817785,2019-12-11 09:00:00,Quarta-Feira,NÃO DEFINIDO,38.747054,-9.118168,Direita,Dentro das localidades,Marvila,,Colisão,Colisão com outras situações,Recta,Em patamar,Sem berma ou impraticável,Em plena via,Em bom estado,Outra via,Sentido único,Com marcas,Inexistentes,Outros,A funcionar normalmente,Betuminoso,Em cruzamento,Bom tempo,Em pleno dia,Húmido,0,0,1,Arruamento com separador,Via Secundária,0.00,,Avenida Francisco Salgado Zenha,Localização GPS,2019,12,11,9,Manhã,Outono,1,0,3,2,0,0,0,0,0,0,0,0,0,0,0,0,0,1,0,1,0,0,0
2696,20191817927,2019-12-11 18:20:00,Quarta-Feira,No sentido crescente da quilometragem,38.72118,-9.2048,Direita,Fora das localidades,Ajuda,Ajuda,Colisão,Colisão lateral com outro veículo em movimento,Recta,Com inclinação,Sem berma ou impraticável,Em plena via,Em bom estado,Auto-estrada,Sentido único,Com marcas,Inexistentes,NÃO DEFINIDO,Inexistentes,Betuminoso,Em via de desaceleração,Bom tempo,"Noite, com iluminação",Seco e limpo,0,0,1,A  - Auto-Estrada,A5,,2.6,,Localização GPS,2019,12,11,18,Noite,Outono,1,0,3,2,0,0,0,0,0,0,0,0,1,0,0,0,0,1,0,1,0,0,0
2697,20191818440,2019-12-24 22:00:00,Terça-Feira,NÃO DEFINIDO,38.746691,-9.11287,Direita,Dentro das localidades,Marvila,,Atropelamento,Atropelamento de peões,Recta,Com inclinação,Berma pavimentada,Em plena via,Em bom estado,Estrada sem separador,Dois sentidos,Com marcas,Inexistentes,Outros,Inexistentes,Betuminoso,Em entroncamento,Bom tempo,"Noite, com iluminação",Seco e limpo,0,0,1,Arruamento sem separador,Via Secundária,0.00,,Avenida João Paulo II,Localização GPS,2019,12,24,22,Noite,Inverno,1,0,3,1,0,1,0,0,0,0,0,0,0,0,0,0,0,1,0,0,0,0,1
2698,20191818449,2019-12-24 18:20:00,Terça-Feira,NÃO DEFINIDO,38.750013,-9.168856,Direita,Dentro das localidades,São Domingos de Benfica,Lisboa,Colisão,Colisão traseira com outro veículo em movimento,Recta,Com inclinação,Berma pavimentada,Em plena via,Em bom estado,Outra via,Sentido único,Com marcas,Inexistentes,NÃO DEFINIDO,A funcionar normalmente,Betuminoso,Fora da intersecção,Bom tempo,"Noite, com iluminação",Seco e limpo,0,0,4,Arruamento com separador,Via Secundária,0,,Avenida Lusíada,Localização GPS,2019,12,24,18,Noite,Inverno,1,0,12,3,3,0,0,0,0,0,0,0,0,0,0,0,0,1,0,0,0,0,0
2699,20191818461,2019-12-20 11:00:00,Sexta-Feira,No sentido crescente da quilometragem,38.732441,-9.168733,Direita,Fora das localidades,Campolide,,Colisão,Colisão com outras situações,Recta,Em patamar,Berma pavimentada,Em plena via,Em bom estado,Outra via,Sentido único,Com marcas,Inexistentes,Outros,Inexistentes,Betuminoso,Em via de aceleração,Chuva,Em pleno dia,Molhado,0,0,1,IP - Itinerário Principal,IP7,,9.3,,Localização GPS,2019,12,20,11,Manhã,Outono,1,0,3,2,1,0,0,0,0,0,0,0,0,0,0,0,0,1,0,0,0,0,0
2700,20191818579,2019-12-13 15:45:00,Sexta-Feira,No sentido decrescente da quilometragem,38.758954,-9.157512,Esquerda,Dentro das localidades,Alvalade,Lisboa,Colisão,Colisão traseira com outro veículo em movimento,Recta,Em patamar,Sem berma ou impraticável,Em plena via,Em estado regular,Outra via,Sentido único,Sem marcas rodoviárias ou pouco visíveis,Inexistentes,Outros,Inexistentes,Betuminoso,Fora da intersecção,Chuva,Em pleno dia,Molhado,0,0,2,Arruamento com separador,2ª Circular,0,,Avenida General Norton de Matos,Localização GPS,2019,12,13,15,Tarde,Outono,1,0,6,2,1,0,0,0,0,0,0,0,0,0,0,0,0,1,0,0,0,0,0
2701,20191818693,2019-12-23 03:30:00,Segunda-Feira,NÃO DEFINIDO,38.705381,-9.157324,Direita,Dentro das localidades,Estrela,Lisboa,Colisão,Colisão com outras situações,Recta,Em patamar,Sem berma ou impraticável,Em plena via,Em estado regular,Estrada sem separador,Dois sentidos,Com marcas,Inexistentes,NÃO DEFINIDO,Inexistentes,Betuminoso,Fora da intersecção,Bom tempo,"Noite, com iluminação",Molhado,0,0,1,Arruamento sem separador,Via Secundária,0,,Rua Cintura do Porto de Lisboa,Localização GPS,2019,12,23,3,Madrugada,Inverno,1,0,3,2,0,0,0,0,0,0,0,0,0,0,0,0,0,1,0,0,0,0,0
2702,20191818700,2019-12-18 08:45:00,Quarta-Feira,No sentido decrescente da quilometragem,38.72072,-9.176665,Direita,Dentro das localidades,Alcântara,Lisboa,Despiste,Despiste com dispositivo de retenção,NÃO DEFINIDO,NÃO DEFINIDO,NÃO DEFINIDO,NÃO DEFINIDO,NÃO DEFINIDO,Outra via,Sentido único,NÃO DEFINIDO,Inexistentes,NÃO DEFINIDO,Inexistentes,Betuminoso,Fora da intersecção,Chuva,Em pleno dia,NÃO DEFINIDO,0,0,2,IP - Itinerário Principal,IP7,,11.0,,Localização GPS,2019,12,18,8,Manhã,Outono,1,0,6,1,1,0,0,0,0,0,0,0,0,0,0,0,0,0,0,1,0,0,0
2703,20191818713,2019-12-27 04:00:00,Sexta-Feira,NÃO DEFINIDO,38.72449,-9.149702,Direita,Dentro das localidades,Santo António,Lisboa,Colisão,Colisão com veiculo ou obstáculo na faixa de rodagem,Recta,Com inclinação,Berma pavimentada,Em plena via,Em estado regular,Estrada sem separador,Dois sentidos,Com marcas,Inexistentes,Passagem de peões,A funcionar normalmente,Betuminoso,Em cruzamento,Bom tempo,"Noite, com iluminação",Seco e limpo,0,0,3,Arruamento sem separador,Via Secundária,0,,Avenida Liberdade,Localização GPS,2019,12,27,4,Madrugada,Inverno,1,0,9,2,1,0,0,0,0,0,0,0,0,0,0,0,0,1,0,0,0,0,0
2704,20191818754,2019-12-14 23:00:00,Sábado,NÃO DEFINIDO,38.744564,-9.179549,Direita,Dentro das localidades,São Domingos de Benfica,Lisboa,Colisão,Colisão com outras situações,Recta,Em patamar,Berma pavimentada,Em plena via,Em estado regular,Estrada sem separador,Dois sentidos,Com marcas,Inexistentes,NÃO DEFINIDO,Inexistentes,Betuminoso,Fora da intersecção,Chuva,"Noite, com iluminação",Molhado,0,0,1,Arruamento sem separador,Via Secundária,403,,Estrada Benfica,Localização GPS,2019,12,14,23,Noite,Outono,0,0,3,2,0,0,0,0,0,0,0,0,0,0,0,0,0,1,0,1,0,0,0
2705,20191818764,2019-12-04 19:30:00,Quarta-Feira,NÃO DEFINIDO,38.77435,-9.162214,Direita,Dentro das localidades,Lumiar,Lisboa,Colisão,Colisão lateral com outro veículo em movimento,Recta,Em patamar,Berma pavimentada,Em plena via,Em bom estado,Outra via,Dois sentidos,Com marcas,Inexistentes,Outros,A funcionar normalmente,Betuminoso,Em cruzamento,Bom tempo,"Noite, com iluminação",Seco e limpo,0,0,1,Arruamento com separador,Via Secundária,0,,Rua Alexandre Ferreira,Localização GPS,2019,12,4,19,Noite,Outono,1,0,3,2,0,0,0,0,0,0,0,0,0,0,0,0,0,1,0,1,0,0,0
2706,20191818782,2019-12-03 13:15:00,Terça-Feira,NÃO DEFINIDO,38.752516,-9.169045,Direita,Dentro das localidades,São Domingos de Benfica,,Colisão,Colisão com outras situações,Recta,Com inclinação,Berma pavimentada,Em plena via,Em estado regular,Estrada sem separador,Dois sentidos,Com marcas,Inexistentes,NÃO DEFINIDO,Inexistentes,Betuminoso,Em ramo de ligação - entrada,Bom tempo,Em pleno dia,Seco e limpo,0,0,1,Arruamento sem separador,Via Secundária,0,,Rua São Tomás de Aquino,Localização GPS,2019,12,3,13,Tarde,Outono,1,0,3,2,0,0,0,0,0,0,0,0,0,0,0,0,0,1,0,1,0,0,0
2707,20191818810,2019-12-03 09:50:00,Terça-Feira,NÃO DEFINIDO,38.756593,-9.145931,Direita,Dentro das localidades,Alvalade,Lisboa,Colisão,Colisão lateral com outro veículo em movimento,Recta,Em patamar,Berma pavimentada,Em plena via,Em estado regular,Estrada sem separador,Dois sentidos,Sem marcas rodoviárias ou pouco visíveis,Inexistentes,NÃO DEFINIDO,A funcionar normalmente,Betuminoso,Em entroncamento,Bom tempo,Em pleno dia,Seco e limpo,0,0,2,Arruamento sem separador,Via Secundária,0,,Avenida Brasil,Localização GPS,2019,12,3,9,Manhã,Outono,1,0,6,2,0,0,0,0,0,0,0,0,0,0,0,0,0,1,0,1,0,0,0
2708,20191818880,2019-12-09 15:15:00,Segunda-Feira,No sentido crescente da quilometragem,38.777813,-9.113934,Direita,Dentro das localidades,Santa Maria dos Olivais,Lisboa,Colisão,Colisão com fuga,Recta,Em patamar,Berma pavimentada,Em plena via,Em estado regular,Outra via,Sentido único,Com marcas,Inexistentes,Outros,A funcionar normalmente,Betuminoso,Fora da intersecção,Bom tempo,Em pleno dia,Seco e limpo,0,0,3,Arruamento com separador,Via Secundária,0,,Avenida Doutor Alfredo Bensaúde,Localização GPS,2019,12,9,15,Tarde,Outono,1,0,9,4,1,0,0,0,0,0,0,0,0,0,0,0,0,1,0,0,0,0,0
2709,20191819052,2019-12-21 21:45:00,Sábado,NÃO DEFINIDO,38.744694,-9.163266,Direita,Dentro das localidades,São Domingos de Benfica,,Despiste,Despiste sem dispositivo de retenção,Recta,Em patamar,Sem berma ou impraticável,Em plena via,Em mau estado,Estrada sem separador,Sentido único,Sem marcas rodoviárias ou pouco visíveis,Inexistentes,Outros,Inexistentes,Betuminoso,Fora da intersecção,Chuva,"Noite, com iluminação",Molhado,0,0,1,Arruamento sem separador,Via Secundária,0,,Avenida das Forças Armadas,Localização GPS,2019,12,21,21,Noite,Outono,0,0,3,1,0,0,0,0,0,0,0,0,0,0,0,0,0,0,0,1,0,0,0
2710,20191819095,2019-12-28 14:30:00,Sábado,NÃO DEFINIDO,38.702717,-9.178541,Direita,Dentro das localidades,Alcântara,Lisboa,Atropelamento,Atropelamento de peões,Recta,Em patamar,Berma pavimentada,Em plena via,Em estado regular,Estrada sem separador,Sentido único,Sem marcas rodoviárias ou pouco visíveis,Inexistentes,Outros,Inexistentes,Calçada,Fora da intersecção,Bom tempo,Em pleno dia,Seco e limpo,0,0,1,Arruamento sem separador,Via Secundária,0,,Rua Rodrigues de Faria,Localização GPS,2019,12,28,14,Tarde,Inverno,0,0,3,1,0,1,0,0,0,0,0,0,0,0,0,0,0,1,0,0,0,0,1
2711,20191819109,2019-12-22 14:08:00,Domingo,NÃO DEFINIDO,38.710109,-9.128923,Esquerda,Dentro das localidades,Santa Maria Maior,Lisboa,Colisão,Colisão traseira com outro veículo em movimento,Curva,Em patamar,Berma pavimentada,Em plena via,Em estado regular,Estrada sem separador,Sentido único,Sem marcas rodoviárias ou pouco visíveis,Inexistentes,Passagem de peões,Inexistentes,Betuminoso,Em entroncamento,Bom tempo,Em pleno dia,Seco e limpo,0,0,1,Arruamento sem separador,Via Secundária,20,,Largo Terreiro do Trigo,Localização GPS,2019,12,22,14,Tarde,Inverno,0,0,3,2,0,0,0,0,0,0,0,0,0,0,0,0,1,1,0,0,0,0,0
2712,20191819167,2019-12-20 16:00:00,Sexta-Feira,NÃO DEFINIDO,38.700589,-9.182412,Direita,Dentro das localidades,Alcântara,,Colisão,Colisão lateral com outro veículo em movimento,Recta,Em patamar,Berma pavimentada,Em plena via,Em estado regular,Estrada sem separador,Dois sentidos,Com marcas,Inexistentes,Outros,Inexistentes,Betuminoso,Em entroncamento,Chuva,Em pleno dia,Molhado,0,0,1,Arruamento sem separador,Via Secundária,40,,Rua Junqueira,Localização GPS,2019,12,20,16,Tarde,Outono,1,0,3,2,0,0,0,0,0,0,0,0,0,0,0,0,0,1,0,1,0,0,0
2713,20191819556,2019-12-29 08:05:00,Domingo,NÃO DEFINIDO,38.708277,-9.217243,Direita,Dentro das localidades,Belém,Lisboa,Atropelamento,Atropelamento de peões,Curva,Em patamar,Sem berma ou impraticável,Em plena via,Em bom estado,Outra via,Sentido único,Sem marcas rodoviárias ou pouco visíveis,Inexistentes,Outros,Inexistentes,Betuminoso,Fora da intersecção,Bom tempo,Em pleno dia,Seco e limpo,0,0,1,Arruamento com separador,Via Secundária,0,,Estrada Forte do Alto Duque,Localização GPS,2019,12,29,8,Manhã,Inverno,0,0,3,1,0,1,0,0,0,0,0,0,0,0,0,0,0,1,0,0,0,0,1
2714,20191819558,2019-12-29 18:40:00,Domingo,NÃO DEFINIDO,38.710128,-9.129031,Direita,Dentro das localidades,Santa Maria Maior,,Atropelamento,Atropelamento de peões,Recta,Em patamar,Berma pavimentada,Em plena via,Em estado regular,Estrada sem separador,Dois sentidos,Sem marcas rodoviárias ou pouco visíveis,Inexistentes,Outros,Inexistentes,Betuminoso,Fora da intersecção,Bom tempo,"Noite, com iluminação",Seco e limpo,0,0,1,Arruamento sem separador,Via Secundária,20,,Largo Terreiro do Trigo,Localização GPS,2019,12,29,18,Noite,Inverno,0,0,3,1,0,1,0,0,0,0,0,0,0,0,0,0,0,1,0,0,0,0,1
2715,20191819651,2019-12-22 21:00:00,Domingo,NÃO DEFINIDO,38.713712,-9.213061,Direita,Dentro das localidades,Belém,,Colisão,Colisão com outras situações,Curva,Com inclinação,Sem berma ou impraticável,Em plena via,Em estado regular,Outra via,Sentido único,Com marcas,Inexistentes,NÃO DEFINIDO,Inexistentes,Betuminoso,Em entroncamento,Bom tempo,"Noite, com iluminação",Seco e limpo,0,0,2,Arruamento com separador,Via Secundária,0,,Avenida Doutor Mário Moutinho,Localização GPS,2019,12,22,21,Noite,Inverno,0,0,6,2,1,0,0,0,0,0,0,0,0,0,0,0,0,1,0,0,0,0,0
2716,20201819814,2019-12-29 16:00:00,Domingo,No sentido decrescente da quilometragem,38.771875,-9.164502,Esquerda,Dentro das localidades,Santa Clara,,Colisão,Colisão lateral com outro veículo em movimento,Recta,Em patamar,Berma pavimentada,Em plena via,Em estado regular,Outra via,Sentido único,Com marcas,Inexistentes,Outros,Inexistentes,Betuminoso,Fora da intersecção,Bom tempo,Em pleno dia,Seco e limpo,0,0,1,IP - Itinerário Principal,IP7,,4.2,,Localização GPS,2019,12,29,16,Tarde,Inverno,0,0,3,2,0,0,0,0,0,0,0,0,0,0,0,0,0,1,0,1,0,0,0
2717,20201819914,2019-12-31 13:28:00,Terça-Feira,NÃO DEFINIDO,38.715007,-9.166045,Direita,Dentro das localidades,Campo de Ourique,Lisboa,Colisão,Colisão lateral com outro veículo em movimento,Recta,Com inclinação,Berma pavimentada,Em plena via,Em estado regular,Estrada sem separador,Dois sentidos,Com marcas,Inexistentes,Passagem de peões,Inexistentes,Calçada,Em entroncamento,Bom tempo,Em pleno dia,Seco e limpo,0,0,1,Arruamento sem separador,Via Secundária,215,,Rua Saraiva de Carvalho,Localização GPS,2019,12,31,13,Tarde,Inverno,1,0,3,2,0,0,0,0,0,1,0,0,0,0,0,0,0,1,0,1,0,0,0
2718,20201819939,2019-12-20 16:30:00,Sexta-Feira,NÃO DEFINIDO,38.731262,-9.135321,Direita,Dentro das localidades,Arroios,,Colisão,Colisão lateral com outro veículo em movimento,Recta,Em patamar,Sem berma ou impraticável,Em plena via,Em estado regular,Estrada sem separador,Sentido único,Com marcas,Inexistentes,Cedência de passagem,Inexistentes,Betuminoso,Em cruzamento,Chuva,Em pleno dia,Molhado,0,0,1,Arruamento sem separador,Via Secundária,0,,Rua Pascoal de Melo,Localização GPS,2019,12,20,16,Tarde,Outono,1,0,3,2,1,0,0,0,1,0,0,0,0,0,0,0,0,1,0,0,0,0,0
2719,20201820061,2019-12-03 17:05:00,Terça-Feira,NÃO DEFINIDO,38.756719,-9.201682,Direita,Dentro das localidades,Benfica,Lisboa,Colisão,Colisão com outras situações,Recta,Em patamar,Berma pavimentada,Em plena via,Em bom estado,Estrada sem separador,Dois sentidos,Com marcas,Inexistentes,NÃO DEFINIDO,Inexistentes,Betuminoso,Fora da intersecção,Bom tempo,Em pleno dia,Seco e limpo,0,0,1,Arruamento sem separador,Via Secundária,0,,Rua João Ortigão Ramos,Localização GPS,2019,12,3,17,Tarde,Outono,1,0,3,1,0,0,0,0,0,0,0,0,0,0,0,0,0,0,0,1,0,0,0
2720,20201820076,2019-12-19 08:25:00,Quinta-Feira,No sentido decrescente da quilometragem,38.740887,-9.148823,Central,Dentro das localidades,Avenidas Novas,Lisboa,Colisão,Colisão com outras situações,Recta,Em patamar,Berma pavimentada,Em plena via,Em bom estado,Outra via,Sentido único,Com marcas,Inexistentes,Outros,A funcionar normalmente,Betuminoso,Fora da intersecção,Bom tempo,Em pleno dia,Seco e limpo,0,0,1,Arruamento com separador,Via Secundária,18,,Avenida Berna,Localização GPS,2019,12,19,8,Manhã,Outono,1,0,3,2,0,0,0,0,0,1,0,0,0,0,0,0,0,1,0,1,0,0,0
2721,20201820141,2019-12-19 19:05:00,Quinta-Feira,NÃO DEFINIDO,38.703426,-9.192127,Direita,Dentro das localidades,Alcântara,Lisboa,Despiste,Despiste simples,Recta,Em patamar,Berma pavimentada,Em plena via,Em estado regular,Estrada sem separador,Dois sentidos,Sem marcas rodoviárias ou pouco visíveis,Inexistentes,NÃO DEFINIDO,Inexistentes,Calçada,Fora da intersecção,Bom tempo,Em pleno dia,Seco e limpo,0,0,1,Arruamento sem separador,Via Secundária,72,,Rua Aliança Operária,Localização GPS,2019,12,19,19,Noite,Outono,1,0,3,1,0,0,0,0,0,0,0,0,0,0,0,0,0,0,0,1,0,0,0
2722,20201820189,2019-12-19 18:45:00,Quinta-Feira,NÃO DEFINIDO,38.736209,-9.145338,Direita,Dentro das localidades,Avenidas Novas,Lisboa,Colisão,Colisão com outras situações,Recta,Em patamar,Berma pavimentada,Em plena via,Em estado regular,Outra via,Sentido único,Com marcas,Inexistentes,NÃO DEFINIDO,A funcionar normalmente,Betuminoso,Em cruzamento,Chuva,Aurora ou crepúsculo,Molhado,0,0,1,Arruamento com separador,Via Secundária,0,,Avenida República,Localização GPS,2019,12,19,18,Noite,Outono,1,0,3,2,0,0,0,0,0,0,0,0,0,0,0,0,0,1,0,1,0,0,0
2723,20201820207,2019-12-18 09:00:00,Quarta-Feira,NÃO DEFINIDO,38.719259,-9.174835,Direita,Dentro das localidades,Campolide,Lisboa,Colisão,Colisão frontal,Recta,Em patamar,Berma pavimentada,Em plena via,Em estado regular,Outra via,Sentido único,Com marcas,Inexistentes,Outros,Inexistentes,Betuminoso,Fora da intersecção,Chuva,Em pleno dia,Molhado,0,0,2,Arruamento com separador,Via Secundária,0,,Avenida Ceuta,Localização GPS,2019,12,18,9,Manhã,Outono,1,0,6,2,1,0,0,0,0,0,0,0,0,0,0,0,0,1,0,0,0,0,0
2724,20201820213,2019-12-27 14:15:00,Sexta-Feira,NÃO DEFINIDO,38.753233,-9.144204,Central,Dentro das localidades,Alvalade,Lisboa,Colisão,Colisão lateral com outro veículo em movimento,Curva,Em patamar,Berma pavimentada,Em plena via,Em estado regular,Estrada sem separador,Sentido único,Com marcas,Inexistentes,Outros,Intermitente,Betuminoso,Em rotunda,Bom tempo,Em pleno dia,Seco e limpo,0,0,1,Arruamento sem separador,Via Secundária,1,,Avenida Igreja,Localização GPS,2019,12,27,14,Tarde,Inverno,1,0,3,2,1,0,0,0,0,0,0,0,0,0,0,0,0,1,0,0,0,0,0
2725,20201820229,2019-12-25 12:00:00,Quarta-Feira,NÃO DEFINIDO,38.709636,-9.135469,Direita,Dentro das localidades,Santa Maria Maior,,Colisão,Colisão com outras situações,Recta,Em patamar,Berma pavimentada,Em plena via,Em bom estado,Estrada sem separador,Sentido único,Com marcas,Inexistentes,Outros,A funcionar normalmente,Betuminoso,Em cruzamento,Bom tempo,Em pleno dia,Seco e limpo,0,0,3,Arruamento sem separador,Via Secundária,0,,Rua Fanqueiros,Localização GPS,2019,12,25,12,Tarde,Inverno,0,0,9,2,2,0,0,0,0,0,0,0,0,0,0,0,0,1,0,0,0,0,0
2726,20201820273,2019-12-23 18:00:00,Segunda-Feira,No sentido crescente da quilometragem,38.77371,-9.096292,Esquerda,Dentro das localidades,Parque das Nações,Lisboa,Colisão,Colisão traseira com outro veículo em movimento,Recta,Em patamar,Berma pavimentada,Em plena via,Em bom estado,Outra via,Sentido único,Com marcas,Inexistentes,Outros,Inexistentes,Betuminoso,Em cruzamento,Bom tempo,Em pleno dia,Seco e limpo,0,0,1,Arruamento com separador,Via Secundária,0,,Avenida Atlântico,Localização GPS,2019,12,23,18,Noite,Inverno,1,0,3,2,0,0,0,0,0,0,0,0,0,0,0,0,0,1,0,1,0,0,0