,IdAcidente,Datahora,Dia da Semana,Sentidos,Latitude GPS,Longitude GPS,Via Trânsito,Localizações,Freguesia,Pov. Proxima,Tipo Natureza,Natureza,Tipo de Traçado,Inclinação do Traçado,Berma do Traçado,Localização do Traçado,Estado Conservação,Características Tecnicas,Reg Circulação,Marca Via,Obstáculos,Sinais,Sinais Luminosos,Tipo Piso,Intersecção Vias,Factores Atmosféricos,Luminosidade,Cond Aderência,VM,FG,FL,Tipos Vias,Via,Num arruamento,Km,Nome arruamento,Localização 2,Ano,Mês,Dia,Hora,Periodo,Estação,Dia Util,Gravidade,Indicador de Gravidade,Veículos envolvidos,Passageiros envolvidos,Peões envolvidos,Inf/Ação: Abertura de porta,Inf/Ação: Desrespeito da sinalização semafórica,Inf/Ação: Desrespeito da sinalização vertical,Inf/Ação: Desrespeito das distâncias de segurança,Inf/Ação: Desrespeito das marcas rodoviárias,Inf/Ação: Encandeamento,Inf/Ação: Manobra irregular,Inf/Ação: Não sinalização da manobra,Inf/Ação: Obstáculo imprevisto na faixa de rodagem,Inf/Ação: Rebentamento de pneumático,Inf/Ação: Velocidade excessiva para as condições existentes,Automóvel ligeiro,Automóvel pesado,Motociclos/Ciclomotores,Outros Veículos,Velocípedes,Peões
2727,20201820304,2019-12-30 07:45:00,Segunda-Feira,No sentido decrescente da quilometragem,38.763038,-9.103825,Direita,Dentro das localidades,Santa Maria dos Olivais,Lisboa,Despiste,Despiste sem dispositivo de retenção,Recta,Com inclinação,Sem berma ou impraticável,Em plena via,Em estado regular,Outra via,Sentido único,NÃO DEFINIDO,Correctamente sinalizados,NÃO DEFINIDO,Inexistentes,Betuminoso,Fora da intersecção,NÃO DEFINIDO,Em pleno dia,Húmido,0,0,1,Arruamento com separador,Via Secundária,0,,Avenida Infante Dom Henrique,Localização GPS,2019,12,30,7,Manhã,Inverno,1,0,3,1,0,0,0,0,0,0,0,0,0,0,0,0,0,0,0,1,0,0,0
2728,20201820305,2019-12-19 16:15:00,Quinta-Feira,NÃO DEFINIDO,38.794177,-9.098825,Direita,Dentro das localidades,Parque das Nações,,Colisão,Colisão traseira com outro veículo em movimento,NÃO DEFINIDO,NÃO DEFINIDO,NÃO DEFINIDO,NÃO DEFINIDO,NÃO DEFINIDO,Estrada sem separador,Sentido único,NÃO DEFINIDO,Inexistentes,NÃO DEFINIDO,Inexistentes,NÃO DEFINIDO,Fora da intersecção,NÃO DEFINIDO,NÃO DEFINIDO,NÃO DEFINIDO,0,0,2,Arruamento sem separador,Via Secundária,0,,Via Oriente,Localização GPS,2019,12,19,16,Tarde,Outono,1,0,6,3,0,0,0,0,0,0,0,0,0,0,0,0,0,1,0,0,0,0,0
2729,20201820329,2019-12-25 02:00:00,Quarta-Feira,NÃO DEFINIDO,38.720197,-9.161294,Direita,Dentro das localidades,Campo de Ourique,Lisboa,Colisão,Colisão lateral com outro veículo em movimento,Curva,Com inclinação,Sem berma ou impraticável,Em plena via,Em mau estado,Estrada sem separador,Sentido único,Sem marcas rodoviárias ou pouco visíveis,Inexistentes,Stop,Inexistentes,Betuminoso,Fora da intersecção,Bom tempo,"Noite, com iluminação",Seco e limpo,0,0,3,Arruamento sem separador,Via Secundária,0,,Rua Sol ao Rato,Localização GPS,2019,12,25,2,Madrugada,Inverno,0,0,9,2,2,0,0,0,0,0,0,0,0,0,0,0,0,1,0,0,0,0,0
2730,20201820330,2019-12-24 19:30:00,Terça-Feira,No sentido crescente da quilometragem,38.760862,-9.151078,Esquerda,Dentro das localidades,Lumiar,Lisboa,Colisão,Colisão traseira com outro veículo em movimento,Recta,Em patamar,Sem berma ou impraticável,Em plena via,Em estado regular,Outra via,Sentido único,Sem marcas rodoviárias ou pouco visíveis,Inexistentes,Outros,Inexistentes,Betuminoso,Fora da intersecção,Bom tempo,"Noite, com iluminação",Seco e limpo,0,0,1,Arruamento com separador,2ª Circular,0,,Avenida Marechal Craveiro Lopes,Localização GPS,2019,12,24,19,Noite,Inverno,1,0,3,2,1,0,0,0,0,0,0,0,0,0,0,0,0,1,0,0,0,0,0
2731,20201820412,2019-12-26 13:50:00,Quinta-Feira,No sentido crescente da quilometragem,38.744553,-9.139381,Central,Dentro das localidades,Alvalade,Lisboa,Colisão,Colisão traseira com outro veículo em movimento,Recta,Em patamar,Sem berma ou impraticável,Em plena via,Em estado regular,Outra via,Sentido único,Com marcas,Inexistentes,Outros,A funcionar normalmente,Betuminoso,Fora da intersecção,Bom tempo,Em pleno dia,Seco e limpo,0,0,1,Arruamento com separador,Via Secundária,78,,Avenida Roma,Localização GPS,2019,12,26,13,Tarde,Inverno,1,0,3,2,0,0,0,0,0,0,0,0,0,0,0,0,1,1,0,1,0,0,0
2732,20201820486,2019-12-22 01:10:00,Domingo,NÃO DEFINIDO,38.737855,-9.156704,Direita,Dentro das localidades,Avenidas Novas,,Colisão,Colisão traseira com outro veículo em movimento,Curva,Em patamar,Berma pavimentada,Em plena via,Em estado regular,Outra via,Sentido único,Com marcas,Inexistentes,Outros,A funcionar normalmente,Betuminoso,Fora da intersecção,Bom tempo,"Noite, com iluminação",Seco e limpo,0,0,4,Arruamento com separador,Via Secundária,0,,Praça Espanha,Localização GPS,2019,12,22,1,Madrugada,Inverno,0,0,12,2,4,0,0,0,0,0,0,0,0,0,0,0,0,1,0,0,0,0,0
2733,20201820493,2019-12-30 09:30:00,Segunda-Feira,NÃO DEFINIDO,38.738244,-9.163879,Direita,Dentro das localidades,Campolide,Lisboa,Colisão,Colisão traseira com outro veículo em movimento,Recta,Com inclinação,Sem berma ou impraticável,Em plena via,Em estado regular,Estrada sem separador,Sentido único,Com marcas,Inexistentes,Outros,A funcionar normalmente,Betuminoso,Fora da intersecção,Bom tempo,Em pleno dia,Seco e limpo,0,0,1,Arruamento sem separador,Via Secundária,29,,Rua Basílio Teles,Localização GPS,2019,12,30,9,Manhã,Inverno,1,0,3,2,0,0,0,0,0,0,0,0,0,0,0,0,0,1,0,1,0,0,0
2734,20201820495,2019-12-31 00:38:00,Terça-Feira,No sentido decrescente da quilometragem,38.743859,-9.195918,Direita,Dentro das localidades,Benfica,,Colisão,Colisão traseira com outro veículo em movimento,Curva,Com inclinação,Sem berma ou impraticável,Em plena via,Em estado regular,Outra via,Sentido único,Com marcas,Inexistentes,Outros,Inexistentes,Betuminoso,Fora da intersecção,Bom tempo,"Noite, com iluminação",Seco e limpo,0,0,1,Arruamento com separador,Via Secundária,0,,Estrada Calhariz de Benfica,Localização GPS,2019,12,31,0,Madrugada,Inverno,1,0,3,2,0,0,0,0,0,0,0,0,0,0,0,0,0,1,0,1,0,0,0
2735,20201820505,2019-12-28 18:45:00,Sábado,No sentido decrescente da quilometragem,38.742236,-9.198502,Direita,Dentro das localidades,São Domingos de Benfica,,Despiste,Despiste sem dispositivo de retenção,Recta,Em patamar,Berma pavimentada,Em plena via,Em estado regular,Outra via,Sentido único,Com marcas,Inexistentes,Outros,Inexistentes,Betuminoso,Fora da intersecção,Bom tempo,"Noite, com iluminação",Seco e limpo,0,0,1,IC - Itinerário Complementar,IC19,,0.2,,Localização GPS,2019,12,28,18,Noite,Inverno,0,0,3,1,0,0,0,0,0,0,0,0,0,0,0,0,0,0,0,1,0,0,0
2736,20201820513,2019-12-16 18:30:00,Segunda-Feira,NÃO DEFINIDO,38.73628,-9.166258,Direita,Dentro das localidades,Campolide,,Colisão,Colisão com outras situações,Recta,Em patamar,Berma pavimentada,Em plena via,Em bom estado,Estrada sem separador,Dois sentidos,Sem marcas rodoviárias ou pouco visíveis,Inexistentes,Outros,Inexistentes,Betuminoso,Fora da intersecção,Chuva,"Noite, com iluminação",Molhado,0,0,1,Arruamento sem separador,Via Secundária,306,,Rua Campolide,Localização GPS,2019,12,16,18,Noite,Outono,1,0,3,3,0,0,0,0,0,0,0,0,0,0,0,0,0,1,0,0,0,0,0
2737,20201820608,2019-12-29 23:00:00,Domingo,NÃO DEFINIDO,38.756685,-9.154432,Central,Dentro das localidades,Alvalade,,Colisão,Colisão com outras situações,Recta,Em patamar,Berma pavimentada,Em plena via,Em bom estado,Estrada sem separador,Sentido único,Com marcas,Inexistentes,Outros,A funcionar normalmente,Betuminoso,Fora da intersecção,Bom tempo,"Noite, com iluminação",Seco e limpo,0,0,1,Arruamento sem separador,Via Secundária,0,,Campo Grande,Localização GPS,2019,12,29,23,Noite,Inverno,0,0,3,1,0,0,0,0,0,0,0,0,0,0,0,0,0,0,0,1,0,0,0
2738,20201820619,2019-12-30 09:15:00,Segunda-Feira,NÃO DEFINIDO,38.721492,-9.139333,Direita,Dentro das localidades,Arroios,Lisboa,Atropelamento,Atropelamento de peões,Recta,Com inclinação,Berma pavimentada,Em plena via,Em mau estado,Estrada sem separador,Dois sentidos,Sem marcas rodoviárias ou pouco visíveis,Inexistentes,Outros,Inexistentes,Betuminoso,Fora da intersecção,Bom tempo,Em pleno dia,Seco e limpo,0,0,1,Arruamento sem separador,Via Secundária,27,,Largo Mastro,Localização GPS,2019,12,30,9,Manhã,Inverno,1,0,3,2,0,1,0,0,0,0,0,0,0,0,0,0,0,1,0,1,0,0,1
2739,20201820623,2019-12-26 13:00:00,Quinta-Feira,No sentido decrescente da quilometragem,38.725204,-9.173572,Direita,Dentro das localidades,Campolide,,Colisão,Colisão com outras situações,Recta,Em patamar,Berma pavimentada,Em plena via,Em estado regular,Outra via,Sentido único,Com marcas,Inexistentes,NÃO DEFINIDO,Inexistentes,Betuminoso,Fora da intersecção,Bom tempo,Em pleno dia,Seco e limpo,0,0,1,IP - Itinerário Principal,IP7,,10.4,,Localização GPS,2019,12,26,13,Tarde,Inverno,1,0,3,1,0,0,0,0,0,0,0,0,0,0,0,0,0,1,0,0,0,0,0
2740,20201820704,2019-12-30 16:30:00,Segunda-Feira,NÃO DEFINIDO,38.729044,-9.161801,Direita,Dentro das localidades,Campolide,Lisboa,Colisão,Colisão com veiculo ou obstáculo na faixa de rodagem,Curva,Com inclinação,Sem berma ou impraticável,Em plena via,Em estado regular,Outra via,Sentido único,Com marcas,Inexistentes,NÃO DEFINIDO,Inexistentes,Betuminoso,Fora da intersecção,Bom tempo,Em pleno dia,Seco e limpo,0,0,1,Arruamento com separador,Via Secundária,2,,Avenida Miguel Torga,Localização GPS,2019,12,30,16,Tarde,Inverno,1,0,3,4,0,0,0,0,0,0,0,0,0,0,0,0,0,1,0,0,0,0,0
2741,20201821327,2019-12-13 01:10:00,Sexta-Feira,No sentido decrescente da quilometragem,38.72382,-9.178144,Esquerda,Fora das localidades,Ajuda,Ajuda,Colisão,Colisão com outras situações,Recta,Com inclinação,Berma pavimentada,Em plena via,Em estado regular,Auto-estrada,Sentido único,Com marcas,Inexistentes,NÃO DEFINIDO,Inexistentes,Betuminoso,Fora da intersecção,Chuva,"Noite, com iluminação",Molhado,0,0,1,A  - Auto-Estrada,A5,,0.5,,Localização GPS,2019,12,13,1,Madrugada,Outono,1,0,3,3,0,0,0,0,0,0,0,0,0,0,0,0,0,1,0,1,0,0,0
2742,20201821341,2019-12-13 15:30:00,Sexta-Feira,No sentido crescente da quilometragem,38.72074,-9.20665,Direita,Fora das localidades,Ajuda,Alfragide,Despiste,Despiste simples,Recta,Com inclinação,Berma pavimentada,Em plena via,Em bom estado,Auto-estrada,Sentido único,Com marcas,Inexistentes,NÃO DEFINIDO,Inexistentes,Betuminoso,Em via de desaceleração,Bom tempo,Em pleno dia,Húmido,0,0,1,A  - Auto-Estrada,A5,,2.6,,Localização GPS,2019,12,13,15,Tarde,Outono,1,0,3,1,0,0,0,0,0,0,0,0,0,0,0,0,0,1,0,0,0,0,0
2743,20201821352,2019-12-13 10:25:00,Sexta-Feira,No sentido decrescente da quilometragem,38.72547,-9.190214,Esquerda,Fora das localidades,Ajuda,Lisboa.,Colisão,Colisão traseira com outro veículo em movimento,Recta,Com inclinação,Berma pavimentada,Em plena via,Em bom estado,Auto-estrada,Sentido único,Com marcas,Inexistentes,NÃO DEFINIDO,Inexistentes,Betuminoso,Fora da intersecção,Chuva,Em pleno dia,Molhado,0,0,1,A  - Auto-Estrada,A5,,1.75,,Localização GPS,2019,12,13,10,Manhã,Outono,1,0,3,2,0,0,0,0,0,1,0,0,0,0,0,0,0,1,0,0,0,0,0
2744,20201822865,2019-12-21 12:17:00,Sábado,No sentido crescente da quilometragem,38.72146,-9.203711,Direita,Fora das localidades,Ajuda,Ajuda,Colisão,Colisão traseira com outro veículo em movimento,Recta,Com inclinação,Berma pavimentada,Em plena via,Em bom estado,Auto-estrada,Sentido único,Com marcas,Inexistentes,NÃO DEFINIDO,Inexistentes,Betuminoso,Fora da intersecção,Chuva,Em pleno dia,Molhado,0,0,1,A  - Auto-Estrada,A5,,2.2,,Localização GPS,2019,12,21,12,Tarde,Outono,0,0,3,3,0,0,0,0,0,0,0,0,0,0,0,0,0,1,0,0,0,0,0
2745,20201823153,2019-12-25 02:00:00,Quarta-Feira,No sentido decrescente da quilometragem,38.787658,-9.153055,Esquerda,Fora das localidades,Santa Clara,Lisboa,Despiste,Despiste com dispositivo de retenção,Recta,Com inclinação,Berma pavimentada,Em plena via,Em bom estado,Outra via,Sentido único,Com marcas,Inexistentes,NÃO DEFINIDO,Inexistentes,Betuminoso,Fora da intersecção,Bom tempo,"Noite, com iluminação",Seco e limpo,0,0,1,IP - Itinerário Principal,IP7,,1.8,,Localização GPS,2019,12,25,2,Madrugada,Inverno,0,0,3,1,0,0,0,0,0,0,0,0,0,0,0,0,0,0,0,1,0,0,0
2746,20201823157,2019-12-21 10:30:00,Sábado,NÃO DEFINIDO,38.704656,-9.188861,Direita,Dentro das localidades,Alcântara,,Colisão,Colisão com veiculo ou obstáculo na faixa de rodagem,Recta,Com inclinação,Berma pavimentada,Em plena via,Em estado regular,Estrada sem separador,Dois sentidos,Com marcas,Inexistentes,Outros,Inexistentes,Betuminoso,Fora da intersecção,Chuva,Em pleno dia,Molhado,0,0,1,Arruamento sem separador,Via Secundária,10,,Rua Aliança Operária,Localização GPS,2019,12,21,10,Manhã,Outono,0,0,3,2,0,0,0,0,0,0,0,0,0,0,0,0,0,1,0,0,0,0,0
2747,20201823160,2019-12-20 18:00:00,Sexta-Feira,No sentido crescente da quilometragem,38.757747,-9.174489,Direita,Dentro das localidades,Carnide,,Colisão,Colisão choque em cadeia,Recta,Em patamar,Berma pavimentada,Em plena via,Em estado regular,Outra via,Sentido único,Com marcas,Inexistentes,Outros,Inexistentes,Betuminoso,Fora da intersecção,Chuva,Em pleno dia,Molhado,0,0,1,Arruamento com separador,2ª Circular,0,,Avenida General Norton de Matos,Localização GPS,2019,12,20,18,Noite,Outono,1,0,3,3,1,0,0,0,0,0,0,0,0,0,0,0,0,1,0,0,0,0,0
2748,20201823333,2019-12-27 09:25:00,Sexta-Feira,NÃO DEFINIDO,38.737572,-9.126649,Direita,Dentro das localidades,Penha de França,Lisboa,Colisão,Colisão com outras situações,Curva,Em patamar,Berma pavimentada,Em plena via,Em estado regular,Estrada sem separador,Sentido único,Com marcas,Inexistentes,NÃO DEFINIDO,Inexistentes,Betuminoso,Em rotunda,Bom tempo,Em pleno dia,Seco e limpo,0,0,1,Arruamento sem separador,Via Secundária,0,,Rotunda Olaias,Localização GPS,2019,12,27,9,Manhã,Inverno,1,0,3,2,0,0,0,0,0,0,0,0,0,0,0,0,0,1,0,0,0,1,0
2749,20201823347,2019-12-18 13:00:00,Quarta-Feira,No sentido decrescente da quilometragem,38.778553,-9.115192,Central,Dentro das localidades,Santa Maria dos Olivais,Lisboa,Colisão,Colisão choque em cadeia,Recta,Em patamar,Berma pavimentada,Em plena via,Em bom estado,Outra via,Sentido único,Com marcas,Inexistentes,Outros,A funcionar normalmente,Betuminoso,Fora da intersecção,Bom tempo,Em pleno dia,Húmido,0,0,1,Arruamento com separador,Via Secundária,0,,Avenida Doutor Alfredo Bensaúde,Localização GPS,2019,12,18,13,Tarde,Outono,1,0,3,3,1,0,0,0,0,0,0,0,0,0,0,0,1,1,0,0,0,0,0
2750,20201823387,2019-12-29 16:00:00,Domingo,NÃO DEFINIDO,38.754212,-9.140712,Direita,Dentro das localidades,Alvalade,Lisboa,Colisão,Colisão com veiculo ou obstáculo na faixa de rodagem,Recta,Em patamar,Berma pavimentada,Em plena via,Em bom estado,Estrada sem separador,Dois sentidos,Com marcas,Inexistentes,Outros,Inexistentes,Betuminoso,Fora da intersecção,Bom tempo,Em pleno dia,Seco e limpo,0,0,1,Arruamento sem separador,Via Secundária,12,,Avenida Igreja,Localização GPS,2019,12,29,16,Tarde,Inverno,0,0,3,4,0,0,0,0,0,0,0,0,0,0,0,0,0,1,0,0,0,0,0
2751,20201824448,2019-12-20 21:20:00,Sexta-Feira,NÃO DEFINIDO,38.74437,-9.193904,Direita,Dentro das localidades,Benfica,Lisboa,Colisão,Colisão com outras situações,Recta,Em patamar,Berma pavimentada,Em plena via,Em mau estado,Estrada sem separador,Dois sentidos,Com marcas,Não sinalizados,Outros,Inexistentes,Betuminoso,Fora da intersecção,Chuva,"Noite, com iluminação",Escorregadio por outros fatores,0,0,1,Arruamento sem separador,Via Secundária,26,,Rua Carolina Michaelis de Vasconcelos,Localização GPS,2019,12,20,21,Noite,Outono,1,0,3,1,1,0,0,0,0,0,0,0,0,0,1,0,0,1,0,0,0,0,0
2752,20201824498,2019-12-30 08:10:00,Segunda-Feira,NÃO DEFINIDO,38.721994,-9.13914,Direita,Dentro das localidades,Arroios,,Colisão,Colisão com veiculo ou obstáculo na faixa de rodagem,NÃO DEFINIDO,NÃO DEFINIDO,NÃO DEFINIDO,NÃO DEFINIDO,Em estado regular,Estrada sem separador,Dois sentidos,Com marcas,Inexistentes,NÃO DEFINIDO,Inexistentes,Betuminoso,Fora da intersecção,Bom tempo,Em pleno dia,NÃO DEFINIDO,0,0,1,Arruamento sem separador,Via Secundária,27,,Largo Mastro,Localização GPS,2019,12,30,8,Manhã,Inverno,1,0,3,2,0,0,0,0,0,0,0,0,0,0,0,0,0,1,0,1,0,0,0
2753,20201825716,2019-12-30 13:00:00,Segunda-Feira,No sentido decrescente da quilometragem,38.750562,-9.168673,Central,Fora das localidades,Carnide,,Colisão,Colisão traseira com outro veículo em movimento,Recta,Em patamar,Berma pavimentada,Em plena via,Em bom estado,Outra via,Sentido único,Com marcas,Inexistentes,Outros,Inexistentes,Betuminoso,Fora da intersecção,Bom tempo,Em pleno dia,Seco e limpo,0,0,3,IP - Itinerário Principal,IP7,,6.9,,Localização GPS,2019,12,30,13,Tarde,Inverno,1,0,9,2,1,0,0,0,0,0,0,0,0,0,0,0,0,1,0,0,0,0,0
2754,20201825785,2019-12-13 09:10:00,Sexta-Feira,NÃO DEFINIDO,38.743877,-9.177186,Direita,Dentro das localidades,São Domingos de Benfica,Lisboa,Atropelamento,Atropelamento de peões,Recta,Em patamar,Sem berma ou impraticável,Em plena via,Em bom estado,Estrada sem separador,Dois sentidos,Com marcas,Inexistentes,Passagem de peões,Inexistentes,Betuminoso,Fora da intersecção,Chuva,Em pleno dia,Seco e limpo,0,0,1,Arruamento sem separador,Via Secundária,315,,Estrada Benfica,Localização GPS,2019,12,13,9,Manhã,Outono,1,0,3,1,0,1,0,0,0,0,1,0,0,0,0,0,0,1,0,0,0,0,1
2755,20201825788,2019-11-29 12:05:00,Sexta-Feira,No sentido crescente da quilometragem,38.750374,-9.104609,Direita,Dentro das localidades,Marvila,,Colisão,Colisão com outras situações,Recta,Em patamar,Berma pavimentada,Em plena via,Em bom estado,Outra via,Sentido único,Com marcas,Inexistentes,Outros,Inexistentes,Betuminoso,Fora da intersecção,Bom tempo,Em pleno dia,Seco e limpo,0,0,1,Arruamento com separador,Via Secundária,167,,Avenida Infante Dom Henrique,Localização GPS,2019,11,29,12,Tarde,Outono,1,0,3,1,0,1,0,0,0,0,0,0,0,0,0,0,0,0,1,0,0,0,1
2756,20201825789,2019-12-05 00:30:00,Quinta-Feira,NÃO DEFINIDO,38.750121,-9.16063,Esquerda,Dentro das localidades,Alvalade,Lisboa,Colisão,Colisão frontal,Recta,Com inclinação,Sem berma ou impraticável,Em plena via,Em estado regular,Estrada sem separador,Dois sentidos,Com marcas,Inexistentes,Outros,A funcionar normalmente,Betuminoso,Fora da intersecção,Bom tempo,"Noite, com iluminação",Seco e limpo,1,0,1,Arruamento sem separador,Via Secundária,0,,Avenida Professor Egas Moniz,Localização GPS,2019,12,5,0,Madrugada,Outono,1,1,103,3,0,0,0,0,0,0,0,0,1,0,0,0,0,1,0,0,0,0,0
2757,20201825791,2019-11-21 13:30:00,Quinta-Feira,NÃO DEFINIDO,38.75001,-9.168895,Central,Dentro das localidades,Carnide,,Colisão,Colisão traseira com outro veículo em movimento,Recta,Com inclinação,Sem berma ou impraticável,Em plena via,Em bom estado,Outra via,Sentido único,Com marcas,Inexistentes,Outros,A funcionar normalmente,Betuminoso,Em via de aceleração,Bom tempo,Em pleno dia,Seco e limpo,0,0,1,Arruamento com separador,Via Secundária,0.00,,Avenida Lusíada,Localização GPS,2019,11,21,13,Tarde,Outono,1,0,3,2,0,0,0,0,0,0,0,0,0,0,0,0,0,1,0,1,0,0,0
2758,20201825792,2019-11-22 17:50:00,Sexta-Feira,NÃO DEFINIDO,38.735214,-9.145166,Direita,Dentro das localidades,Avenidas Novas,,Atropelamento,Atropelamento de peões,Recta,Em patamar,Berma pavimentada,Em plena via,Em estado regular,Outra via,Sentido único,Sem marcas rodoviárias ou pouco visíveis,Inexistentes,Outros,A funcionar normalmente,Betuminoso,Fora da intersecção,Bom tempo,"Noite, com iluminação",Seco e limpo,0,0,1,Arruamento com separador,Via Secundária,10,,Avenida República,Localização GPS,2019,11,22,17,Tarde,Outono,1,0,3,1,0,1,0,0,0,0,0,0,0,0,0,0,0,0,0,1,0,0,1
2759,20201826440,2019-12-27 23:40:00,Sexta-Feira,No sentido decrescente da quilometragem,38.72319,-9.198411,Central,Fora das localidades,Ajuda,Ajuda,Colisão,Colisão choque em cadeia,Recta,Com inclinação,Berma pavimentada,Em plena via,Em bom estado,Auto-estrada,Sentido único,Com marcas,Inexistentes,NÃO DEFINIDO,Inexistentes,Betuminoso,Fora da intersecção,Bom tempo,"Noite, com iluminação",Seco e limpo,0,0,2,A  - Auto-Estrada,A5,,2.0,,Localização GPS,2019,12,27,23,Noite,Inverno,1,0,6,3,1,0,0,0,0,0,0,0,0,0,0,0,0,1,0,1,0,0,0
2760,20201826539,2019-12-25 13:00:00,Quarta-Feira,NÃO DEFINIDO,38.744282,-9.161472,Direita,Dentro das localidades,São Domingos de Benfica,Lisboa,Colisão,Colisão traseira com outro veículo em movimento,Recta,Em patamar,Berma pavimentada,Em plena via,Em bom estado,Outra via,Sentido único,Com marcas,Inexistentes,Outros,Inexistentes,Betuminoso,Em entroncamento,Bom tempo,Em pleno dia,Seco e limpo,0,0,1,Arruamento com separador,Via Secundária,0,,Avenida Combatentes,Localização GPS,2019,12,25,13,Tarde,Inverno,0,0,3,2,0,0,0,0,0,0,0,0,0,0,0,0,1,1,0,1,0,0,0
2761,20201827867,2019-12-23 12:50:00,Segunda-Feira,NÃO DEFINIDO,38.73281,-9.145426,Direita,Dentro das localidades,Avenidas Novas,Lisboa,Atropelamento,Atropelamento de peões,Recta,Com inclinação,Sem berma ou impraticável,Em via ou pista reservada,Em bom estado,Outra via,Sentido único,Com marcas,Inexistentes,Outros,A funcionar normalmente,Betuminoso,Fora da intersecção,Bom tempo,Em pleno dia,Seco e limpo,0,0,1,Arruamento com separador,Via Secundária,49,,Avenida Fontes Pereira de Melo,Localização GPS,2019,12,23,12,Tarde,Inverno,1,0,3,1,0,1,0,1,0,0,0,0,0,0,0,0,0,0,0,0,0,1,1
2762,20201827868,2019-12-15 06:40:00,Domingo,NÃO DEFINIDO,38.732709,-9.20827,Direita,Dentro das localidades,Benfica,Lisboa,Colisão,Colisão traseira com outro veículo em movimento,Recta,Com inclinação,Berma pavimentada,Em plena via,Em bom estado,Estrada sem separador,Dois sentidos,Sem marcas rodoviárias ou pouco visíveis,Inexistentes,Outros,Inexistentes,Betuminoso,Fora da intersecção,Bom tempo,Em pleno dia,Húmido,0,0,1,Arruamento sem separador,Via Secundária,0,,Estrada Circunvalação,Localização GPS,2019,12,15,6,Manhã,Outono,0,0,3,2,0,0,0,0,0,0,0,0,0,0,0,0,0,1,0,0,0,0,0
2763,20201827869,2019-12-12 19:00:00,Quinta-Feira,NÃO DEFINIDO,38.744884,-9.190044,Direita,Dentro das localidades,São Domingos de Benfica,,Atropelamento,Atropelamento de peões,Recta,Em patamar,Berma pavimentada,Em plena via,Em bom estado,Estrada sem separador,Dois sentidos,Com marcas,Inexistentes,Passagem de peões,Inexistentes,Betuminoso,Fora da intersecção,Chuva,"Noite, com iluminação",Molhado,0,0,2,Arruamento sem separador,Via Secundária,10,,Rua Tenente Coronel Ribeiro dos Reis,Localização GPS,2019,12,12,19,Noite,Outono,1,0,6,1,0,2,0,0,0,0,0,0,0,0,0,0,0,1,0,0,0,0,1
2764,20201828362,2019-12-29 23:20:00,Domingo,No sentido crescente da quilometragem,38.72398,-9.178698,Central,Fora das localidades,Alcântara,ALCANTARA,Colisão,Colisão com fuga,Curva,Com inclinação,Berma pavimentada,Em plena via,Em bom estado,Auto-estrada,Sentido único,Com marcas,Inexistentes,NÃO DEFINIDO,Inexistentes,Betuminoso,Fora da intersecção,Bom tempo,"Noite, com iluminação",Seco e limpo,0,0,1,A  - Auto-Estrada,A5,,0.17,,Localização GPS,2019,12,29,23,Noite,Inverno,0,0,3,3,0,0,0,0,0,0,0,0,0,0,0,0,0,1,0,0,0,0,0
2765,20201831029,2019-12-19 12:30:00,Quinta-Feira,NÃO DEFINIDO,38.773151,-9.104003,Direita,Dentro das localidades,Parque das Nações,Lisboa,Colisão,Colisão lateral com outro veículo em movimento,Recta,Em patamar,Sem berma ou impraticável,Em plena via,Em estado regular,Estrada sem separador,Dois sentidos,Sem marcas rodoviárias ou pouco visíveis,Inexistentes,Outros,Inexistentes,Betuminoso,Fora da intersecção,Chuva,Em pleno dia,Húmido,0,0,1,Arruamento sem separador,Via Secundária,0,,Rua Alfredo Portela Santos,Localização GPS,2019,12,19,12,Tarde,Outono,1,0,3,2,0,0,0,0,0,0,0,0,0,0,0,0,0,1,1,0,0,0,0
2766,20201838659,2019-01-14 09:30:00,Segunda-Feira,NÃO DEFINIDO,38.737556,-9.124215,Direita,Dentro das localidades,Beato,,Atropelamento,Atropelamento de peões,Curva,Com inclinação,Sem berma ou impraticável,Em plena via,Em estado regular,Estrada sem separador,Sentido único,Sem marcas rodoviárias ou pouco visíveis,Inexistentes,Outros,Inexistentes,Calçada,Fora da intersecção,Bom tempo,Em pleno dia,Seco e limpo,0,1,0,Arruamento sem separador,Via Secundária,152,,Calçada Picheleira,Localização GPS,2019,1,14,9,Manhã,Inverno,1,1,10,1,0,1,0,0,0,0,0,0,1,0,0,0,0,1,0,0,0,0,1
2767,20201866679,2019-12-28 03:20:00,Sábado,NÃO DEFINIDO,38.722471,-9.13547,Direita,Dentro das localidades,Arroios,Lisboa,Colisão,Colisão traseira com outro veículo em movimento,Recta,Em patamar,Berma pavimentada,Em plena via,Em bom estado,Outra via,Dois sentidos,Com marcas,Inexistentes,NÃO DEFINIDO,A funcionar normalmente,Betuminoso,Fora da intersecção,Bom tempo,"Noite, com iluminação",Molhado,0,0,1,Arruamento com separador,Via Secundária,27,,Avenida Almirante Reis,Localização GPS,2019,12,28,3,Madrugada,Inverno,0,0,3,2,0,0,0,0,0,0,0,0,0,0,0,0,0,1,0,1,0,0,0